typology_id,code,description_en
annex1,1210,"Sparse annual vegetation on the drift line of sandy and shingle beaches, where stranded seaweed and other organic debris raise the nitrogen content of the substrate. Dominant is Cakile maritima, joined by Salsola kali and Atriplex species and, further south, Glaucium flavum and Euphorbia peplis; Mediterranean shores add Matthiola sinuata and Eryngium maritimum, the Black Sea coast Argusia sibirica. The stand occupies the uppermost, most mobile part of the beach, subject to occasional inundation by storm tides and constant sand movement, from the Baltic to the Mediterranean and Black Sea. Composition shifts with region and with the amount and type of drift material rather than with soil in the usual sense. The vegetation is annual and pioneer by nature, renewed each year on shifting ground and destroyed by beach cleaning, trampling and coastal engineering as readily as by storms. It lies seaward of the perennial vegetation of stony banks (1220) and of the embryonic dunes of 2110."
annex1,1220,"Perennial vegetation of the upper shingle beach, dominated by Crambe maritima and Honckenya peploides, with Leymus arenarius on Baltic shingle, Lathyrus japonicus on Channel shores and Crithmum maritimum on Atlantic coasts further south. Stands sit above the drift line proper, on coarse, well drained shingle largely free of fine sediment, from the Baltic through the Channel to the Atlantic seaboard. Named associations vary regionally: Elymo-Crambetum on Baltic shingle, Lathyro-Crambetum along the Channel, Crithmo-Crambetum on Atlantic shores. On more stable, mature shingle further inland from the upper beach, grassland, heath and scrub can develop, and unusual lichen and bryophyte dominated stands occur on the oldest surfaces. The type depends on shingle structures large and stable enough to escape regular wave disturbance; trampling and extraction of shingle destroy it readily. It differs from the annual drift line vegetation of 1210 by its perennial, more established cover on coarser, more stable material."
annex1,1230,"Vegetated rock cliffs with their crevices, ledges and cliff tops along the Atlantic and Baltic coasts, exposed bedrock whose zonation reflects distance from salt spray. Nearest the sea, crevice and ledge communities of the Crithmo-Armerietalia hold Crithmum maritimum, Armeria maritima and Spergularia rupicola; further up, where soil is deeper, closed maritime grassland of the Silenion maritimae carries Silene uniflora, Plantago coronopus and Festuca rubra. Further inland or on sheltered cliffs this passes into maritime heath, calcareous or acid grassland, tall herb and scrub vegetation enriched with coastal species; soft, actively eroding coasts show a shifting mosaic instead of clear zonation. Composition varies with exposure, geology, region and the guano input of nesting seabirds. Management is light, mainly grazing on cliff top grassland; the chief threats are recreation, cliff stabilisation and coastal development. Loamy or sandy soft cliffs, less steep and less stable, are treated as a separate type though sharing much of the same flora."
annex1,1240,"Vegetated cliffs and rocky shores of the Mediterranean, adjoining Atlantic coasts of southwestern Iberia and, locally, the Black Sea, assigned to the Crithmo-Limonietalia. Crithmum maritimum forms the constant element, joined by numerous, often very locally endemic Limonium species together with Armeria, Euphorbia, Daucus and Asteriscus maritimus. Stands occupy crevices, ledges and cliff tops exposed to salt spray, with zonation and species composition governed by exposure, bedrock and regional climate; many Limonium taxa are confined to a single cliff system, giving the type an unusually fine grained endemism. Soft, eroding cliffs of clay, shale or sand nearby carry a related but distinct, poorly studied assemblage treated apart from the hard rock cliffs described here. Threats are chiefly recreational pressure and coastal development on the narrow, linear stands, which cannot retreat once the cliff base is altered. It parallels the Atlantic and Baltic cliffs of 1230 but is set apart by its markedly higher endemic Limonium diversity."
annex1,1250,"Vegetated basalt sea cliffs of the Canaries, Madeira and the Azores, narrow strips of rock shaped by salt spray and carrying a flora rich in island endemics. On the Canaries and Madeira the Frankenio-Astydamietalia dominate, with Astydamia latifolia, Limonium pectinatum, Frankenia ericifolia, Schizogyne sericea and Argyranthemum frutescens; on the Azores the Festucion petraeae is built around the endemic Festuca petraea alongside Azorina vidalii and Euphorbia azorica. Zonation of crevice and ledge vegetation differs between the three archipelagos, reflecting their separate volcanic geology and biogeographic history, and nesting seabirds add a nutrient-rich, guano-fed element near colonies. The habitat occupies the same cliff position as 1230 and 1240 further north and east, but is distinguished by its wholly Macaronesian endemic flora with no equivalent on the continental coasts. Isolation on small islands makes individual stands vulnerable to any single disturbance, from coastal development to introduced herbivores."
annex1,1310,"Open annual vegetation of periodically flooded mud and sand, dominated by succulent Chenopodiaceae, chiefly Salicornia species and Suaeda maritima, sometimes with Salsola. It occurs on both coastal salt marshes and inland salt basins across Europe, in several regional forms: glasswort swards of the Thero-Salicornietalia on tidal coastal mud; Mediterranean halo-nitrophilous pioneer stands of the Frankenion pulverulentae with Frankenia pulverulenta and Cressa cretica; Atlantic pearlwort communities of the Saginion maritimae with Sagina maritima at the dune to marsh transition; and, from Pannonia to the Far East, sparse Crypsis stands on drying solonchak mud. All forms share a strict dependence on alternating inundation and desiccation with surface salt efflorescence; woody or perennial encroachment signals a shift away from this regime, usually through reduced flooding or drainage. Diagnostic species and syntaxa differ sharply by region, so identification rests on the dominant annual chenopod and the local hydrology rather than on a single indicator species."
annex1,1340,"Non-coastal salt vegetation formed around zones of saline seepage, springs and streams and stagnant brackish water, with halophilous swards and fringing reed beds at the margins of the brackish water bodies. Characteristic plants are Aster tripolium, Puccinellia distans, Juncus gerardii, Plantago maritima, Triglochin maritima, Spergularia salina and Salicornia species, with Elymus atherica and Halimione pedunculata locally. The habitat forms where salt reaches the surface through geological seepage rather than tidal action, so it is always small and scattered, embedded in a matrix of ordinary inland vegetation. Artificial or semi-natural sites, such as old salt workings, are included only where natural stands no longer exist regionally or where they hold an Annex II species. Any disruption of the saline seepage, whether by drainage, dilution with fresh water or infilling, removes the halophilous flora within a few seasons and cannot be reversed by management alone. It is distinguished from the Pannonic salt steppes of 1530 by its scattered, non-steppic, seepage-fed occurrence."
annex1,1430,"Perennial coastal scrub of nitrophilous, salt-tolerant shrubs on dry soils under an arid to semi-arid Mediterranean climate, assigned to the Pegano-Salsoletea. Salsola vermiculata, Artemisia herba-alba, Lycium intricatum and Atriplex halimus form the woody framework, with Suaeda and Camphorosma species adding further salt tolerant elements; stands range from low and open to, in places, taller and denser. The habitat concentrates on disturbed ground near the coast, where sea-borne salt and, close to seabird colonies, guano keep soil nutrient and salt levels high; outliers extend into Macaronesia beyond the Mediterranean proper. Composition and structure vary considerably with disturbance and local salt input, from sparse chamaephyte cover to closed matorral. Because it establishes readily on disturbed, nutrient and salt enriched ground, it can expand where natural vegetation has been cleared, which makes its boundary with ordinary ruderal or halophile scrub a matter of species combination rather than physiognomy alone."
annex1,1510,"Perennial salt vegetation of Mediterranean coasts and Iberian inland salt basins, built from rosette forming Limonium species or, on more open ground, from tussocks of esparto grass, Lygeum spartum, assigned to the Limonietalia. Soils are permeated, though not permanently flooded, by saline water and dry out completely in summer with a surface crust of salt efflorescence; associated stands of the Arthrocnemetalia, Thero-Salicornietalia and Saginetalia maritimae fill the wetter and more disturbed microsites within the same mosaic. Halopeplis amplexicaulis, Microcnemion coralloides, Senecio auricula and Sphenopus divaricatus complete the diagnostic flora. Regional syntaxa are numerous and often confined to a single Iberian basin or short coastal stretch, reflecting the strict local control of hydrology and salinity on species composition. The type occupies the same extreme, seasonally desiccating salt habitats as continental salt steppes elsewhere, from which it is set apart mainly by its distinctive Limonium and Lygeum dominated syntaxa rather than by site conditions."
annex1,1520,"Open garrigue of the Iberian peninsula on gypsum rich soils, physiognomically a low chamaephyte scrub with a lichen crust and a flush of spring annuals after rain. Gypsophilous specialists dominate: Gypsophila hispanica, G. struthium, Helianthemum squamatum, Herniaria fruticosa, Lepidium subulatum and Ononis tridentata, with thymes, germanders, rockroses and composites such as Centaurea and Jurinea filling out the community. The type is tied to gypsum outcrops under a dry to semi-arid Mediterranean climate and is largely confined to central and eastern Spain, following the syntaxa Lepidion subulati, Gypsophilion hispanicae and Thymo-Teucrion verticillati. Extreme edaphic and climatic conditions keep the vegetation open and stable over long periods, and it tolerates light grazing; the chief threats are gypsum quarrying and conversion to arable or irrigated land, which destroy the substrate itself rather than merely the vegetation. The gypsum substrate and narrow endemic flora separate it from ordinary calcareous garrigue at a glance."
annex1,1530,"Halophytic vegetation of the Pannonian and Ponto-Sarmatic lowlands, formed under a continental climate with hot, arid summers that draw salt to the surface through evaporation from shallow groundwater. The type spans dry salt pans and steppes, humid salt meadows and the zoned annual vegetation of periodically flooded salt lakes, with Artemisia santonicum, Puccinellia species, Camphorosma annua, Festuca pseudovina and Plantago tenuiflora among the dominants, and Juncus gerardii, Aster tripolium and Carex distans in the wetter zones. Much of the vegetation is of natural origin but has long been shaped by extensive cattle grazing, which keeps the sward open and prevents encroachment by reed and scrub; abandonment of grazing as much as drainage threatens the type today. Zonation from dry steppe through salt meadow to the flooded lake margin is the diagnostic feature in the field, more reliable than any single species. It contrasts with the seepage-bound inland salt meadows of 1340 by its steppic, climatically driven salinity and its characteristic zoned mosaic around shallow salt lakes."
annex1,1610,"Vegetation of glaciofluvial islands in the Baltic archipelago, built from well sorted sand, gravel or till with scattered stones and boulders, and shaped by brackish water, ongoing post-glacial land upheaval and constant wind and sun exposure. Succession following land upheaval produces a mosaic of beach, heath and grassland stages in the same small area, with Calluna vulgaris, Empetrum nigrum and Juniperus communis on older, more developed ground and Honckenya peploides, Cakile maritima and Leymus arenarius on the youngest, most exposed shore. Bare bedrock and sparse pioneer stands are common, and bird guano locally raises nutrient input and species diversity. The habitat includes the adjoining sublittoral vegetation of algae such as Fucus vesiculosus and Chara aspera, and provides important nesting sites for seabirds and haul out sites for seals. It differs from the boreal Baltic sandy beaches of 1640 by its rocky, esker derived substrate and from the small islets of 1620 by its distinctly sorted glaciofluvial material rather than bare Precambrian bedrock."
annex1,1620,"Vegetation of skerries, islets and small rocky islands in the outer Baltic archipelago, built on Precambrian metamorphic bedrock, till or thin sediment, mostly treeless and often almost bare. Wind, salt spray, intense sunlight and ongoing land upheaval drive a sparse, mosaic like pioneer vegetation, with Sedum acre, Silene viscosa, Juniperus communis and Cochlearia danica among the characteristic plants and xerophytes and lichens prominent on the most exposed rock. Bird colonies raise local nutrient levels through guano, increasing species diversity around nesting sites, and shallow rockpools carry their own distinct aquatic flora and fauna. The surrounding sublittoral vegetation of algae such as Fucus vesiculosus and Furcellaria lumbricalis belongs to the same type. Land upheaval keeps the vegetation in permanent, slow succession rather than a stable end stage. It is distinguished from the esker islands of 1610 by its bare Precambrian bedrock in place of sorted glaciofluvial sand and gravel."
annex1,1640,"Perennial vegetation of sheltered to exposed sandy beaches on the Finnish and Swedish Baltic coast, gently sloping and shaped by wave action but far less by tides than Atlantic beaches, which favours a higher share of perennial species over annuals. Sand binding plants dominate, chiefly Ammophila arenaria, Leymus arenarius and Elytrigia juncea subsp. boreoatlantica, with Lathyrus japonicus subsp. maritimus, Honckenya peploides and Cakile maritima among the associates and occasional stones or boulders scattered through the sand. Large areas of bare sand persist nearest the shore, and drift belts of stranded organic matter along the upper beach support a conspicuous insect fauna. Baltic sand beaches of this kind are relatively uncommon and typically small, more restricted than equivalent Atlantic sand beaches. Grazing or trampling pressure is usually low given the remoteness of most sites, and the chief threat is direct physical disturbance of the shore. It differs from the Atlantic and Baltic sand beach type by its stronger cover of perennial sand binders relative to annual pioneers."
annex1,2110,"The earliest stage of dune formation, low ridges and hummocks of wind blown sand at the upper edge of the beach or as a narrow seaward fringe at the foot of taller dunes. On Atlantic and Baltic coasts the pioneers are Elymus farctus, Leymus arenarius and Honckenya peploides; further south, on Mediterranean and Black Sea shores, Sporobolus pungens, Otanthus maritimus, Medicago marina and Eryngium maritimum take their place. These grasses and creeping herbs trap sand carried up from the beach, building the low, still discontinuous ridges that either wash away in the next storm or develop further into the taller, more stable ridges of 2120. The vegetation cover is sparse and species poor, on sand still close to the strandline and largely free of humus. Because the embryonic ridges are the first line of natural coastal defence, trampling and beach cleaning at this stage prevent dune building altogether rather than merely damaging established vegetation. The type grades seaward into the annual drift line vegetation of 1210 and landward into the white dunes of 2120."
annex1,2120,"Mobile, still actively building dunes forming the seaward ridge or ridges of a dune system, dominated by Ammophila arenaria, whose deep, fast growing root system copes with continuous sand burial. On Atlantic and Baltic coasts it grows with Eryngium maritimum, Euphorbia paralias and Calystegia soldanella; on Mediterranean shores with Echinophora spinosa and Cutandia maritima; and on the Zygophyllion fontanesii of parts of the Mediterranean, distinct associates such as Zygophyllum fontanesii and the rare endemic Androcymbium psammophilum appear instead. The dunes remain mobile as long as sand supply continues, with the marram grass advancing upward through accumulating sand faster than it is buried. Cover is open with few species, on nutrient poor sand largely free of organic matter. Trampling breaches the marram cover and triggers blow outs that can destabilise the whole ridge. The type follows on from the embryonic dunes of 2110 and stabilises further inland into the fixed grey dunes of 2130 once sand supply slows."
annex1,2130,"Fixed, no longer mobile dunes stabilised by a closed cover of perennial grassland with abundant lichens and mosses, on Atlantic, Channel, North Sea, Baltic and Black Sea coasts. Northern stands of the Galio-Koelerion carry Corynephorus canescens and Festuca rubra with Tortula ruraliformis and Cladonia lichens; further south, dwarf shrub rich Biscay grey dunes of the Euphorbio-Helichrysion add Helichrysum stoechas and Artemisia campestris, and thermo-Atlantic stands of the Crucianellion maritimae are built around Crucianella maritima. Locally, dune grassland grades inland into calcicole Mesobromion swards or thermophilous Trifolio-Geranietea fringes with Geranium sanguineum, and sparse Thero-Airion swards occupy the most oligotrophic sand. Calcium content falls with dune age, driving succession toward acidic dune heath. Grazing or mowing has traditionally kept the sward open; abandonment allows scrub and woodland to close in, while trampling and nitrogen deposition favour coarse grasses over the lichen rich turf. It follows the mobile white dunes of 2120 once sand movement has ceased."
annex1,2140,"Low, dwarf-shrub heath on decalcified, fixed dune sand along the cooler Atlantic and Baltic coasts, dominated by Empetrum nigrum, often with Calluna vulgaris, growing on stabilised sands that have lost their original lime content through leaching. Occurs on dune ridges and in dune slacks, the latter with Erica tetralix accompanying or replacing Empetrum. Diagnostic species include Carex arenaria, Genista tinctoria, Pyrola rotundifolia, Salix repens and lichens such as Cladonia portentosa; mosses like Hypnum cupressiforme and Dicranum scoparium form a dense ground layer. The stand persists where wind exposure or light grazing keeps scrub and woodland from establishing; without such pressure it develops toward dune scrub or wooded dunes (2180). In Germany the type includes the strongly endangered Empetrum heathland of the Geest. Distinguished from the Atlantic Calluno-Ulicetea dunes of 2150 by the dominance of Empetrum over Calluna and gorse, and from dry sand heaths inland (2310, 2320) by its position on genuinely dune sand."
annex1,2150,"Heath of fixed, decalcified dune sand along the warmer, more humid Atlantic coasts of France, Belgium, Britain and Iberia, dominated by Calluna vulgaris together with Erica cinerea, E. ciliaris, E. scoparia or Ulex species, in Iberia largely built by the alliance Ericion umbellatae. The sward carries a strong contingent of grasses and sedges, including Carex arenaria and C. trinervis, and grows on stable, sharply draining sands that formed on formerly calcareous dune ridges. It is kept open by wind exposure and by light, extensive grazing; where these cease it passes into dune scrub or wooded dunes. Distinguished from the Empetrum-dominated dunes of 2140 further north by the dominance of Calluna and spiny legumes rather than Empetrum, and from inland heaths of 2310 by its dune setting and Atlantic species pool."
annex1,2160,"Sea-buckthorn (Hippophae rhamnoides) scrub forming as a stage of forest colonisation in both dry and humid dune depressions. The nitrogen-fixing shrub forms dense, often thorny thickets that stabilise the sand and enrich it, opening the way for later successional scrub and woodland. It occurs together with Carex arenaria on the open sand beneath and around the stands. As a colonising formation the type is transitional: on Atlantic and Baltic coasts it forms part of a broader scrub mosaic that also includes gorse and other shrub-dominated stands, and it typically gives way in time to broadleaved wooded dunes (2180) or other scrub types once the pioneer stage passes. In the field it is recognised simply by the dominance of Hippophae rhamnoides itself, easily told by its silvery, narrow leaves and orange berries."
annex1,2170,"Creeping willow (Salix repens subsp. argentea, syn. S. arenaria) communities of the Salicion arenariae, colonising wet dune slacks where the willow forms low, mat-like carpets over damp sand. As the water table falls or wind-blown sand accumulates, these stands develop either toward mesophilous communities with Pyrola rotundifolia, Viola canina and Monotropa hypopitys, toward drier Salix stands with Carlina vulgaris and Thalictrum minus, or toward Salix repens stands enriched with Mesobromion grassland elements. The type thus marks a hinge point in dune-slack succession rather than a fixed endpoint. Diagnostic beyond the willow itself is accompanying Hippophae rhamnoides and Carex arenaria on adjoining drier ground. Separated from the wetter dune-slack vegetation of 2190, where creeping willow also occurs but within fen, grassland or reedbed communities rather than as the structuring dominant."
annex1,2180,"Long-established natural or semi-natural forest of coastal dunes across the Atlantic, continental and boreal regions, with a well developed woodland structure and a full complement of woodland species rather than pioneer scrub. On acid dune sand it corresponds to oak and beech-oak groves with birch of the Quercion robori-petraeae, elsewhere to forests of the Quercetalia pubescenti-petraeae. Pioneer stages are open stands of Betula species and Crataegus monogyna, or mixed woodland with Fraxinus excelsior, Quercus robur, Ulmus minor and Acer pseudoplatanus; in wet dune slacks, pioneer Salix alba woodland develops into humid mixed or marsh forest. On the southern Atlantic coast the type is mainly mixed Pinus pinaster and Quercus ilex forest, or stands of Quercus suber, Q. robur or Q. pubescens; on Baltic coasts, pioneer forest of Alnus species or Pinus sylvestris. The species complement varies strongly with local site conditions. Separated from the open dune scrub of 2160 and 2260 by closed canopy and woodland understorey, and from inland forest of the same alliances by its position on stabilised coastal dune sand."
annex1,2190,"Complex of humid depressions within dune systems, among the richest and most specialised dune habitats and strongly threatened by any lowering of the water table. Five subtypes are distinguished by hydrology and vegetation: permanent dune-slack pools with freshwater aquatics such as Chara, Elodea, Hippuris and Potamogeton; pioneer swards of humid sand and pool margins with low salinity; calcareous, occasionally acidic fens often invaded by creeping willow (Salix repens); humid grasslands and rush beds, again often with creeping willow; and reedbeds, tall-sedge stands and canebeds. The mosaic runs from dwarf rush and bryophyte pioneer vegetation through wet grassland to mire, swamp and open water, and the water table fluctuates seasonally, less so around the Baltic. Distinguished from drier, stabilised dune grassland by standing wetness, and from the creeping-willow dominated dunes of 2170, where succession runs toward mesophilous or xerophilous stands rather than fen or open water."
annex1,21A0,"Complex sandy coastal plain habitat of oceanic, cool and moist climates, largely confined to Ireland and Scotland, shaped partly by grazing and rotational cultivation. The wind-blown sand carries a significant share of shell-derived material, giving a lime-rich soil with pH usually above 7. Vegetation is herbaceous grassland with only scattered sand-binding species, including Festuca rubra, Galium verum, Lotus corniculatus, Plantago lanceolata, Poa pratensis and Trifolium repens, with locally occurring specialities such as Dactylorhiza fuchsii subsp. hebridensis and Euphrasia marshallii. The type sits within a wider mosaic of grey dune grassland and, in wetter hollows, dune slack vegetation, without being fully equivalent to either. Traditional low-intensity grazing and rotational cropping maintain the open sward; abandonment or agricultural intensification both threaten it. The priority form is restricted to Ireland."
annex1,2210,"Fixed dune grassland of the western and central Mediterranean, the Adriatic, the Ionian Sea and North Africa, characterised by Crucianella maritima and Pancratium maritimum on stabilised sand set back from the active foredune. The sward sits within a broader belt of Mediterranean and Macaronesian grey dune grassland, from which it is distinguished by the dominance of these two species and by syntaxa of the alliance Crucianellion maritimae, together with companions such as Medicago marina, Medicago littoralis, Elytrigia juncea, Lagurus ovatus and spring ephemerals like Vulpia fasciculata and Malcolmia ramosissima. It occupies a more stable, later successional position than the mobile foredune ahead of it, and gives way landward to Mediterranean dune scrub. Threatened throughout its range by tourism infrastructure, trampling and the spread of non-native species on Mediterranean coasts."
annex1,2220,"Coastal dune grassland of the Mediterranean characterised by Euphorbia terracina together with Ephedra distachya, Silene nicaeensis and S. subconica, on stabilised sands within the wider belt of Mediterranean and Macaronesian grey dune grassland. The type is set apart from neighbouring dune grasslands mainly by the presence and local dominance of Euphorbia terracina and its named companions rather than by a distinct structure; the sward is otherwise a graminoid and herb cover typical of fixed Mediterranean dunes, with spring ephemerals appearing after rain. It occupies a stable position in dune succession, later than the mobile foredune, and gives way to scrub once grazing or disturbance no longer keeps it open. Material for this type is sparse beyond its diagnostic species; distinguishing it in the field rests on their presence."
annex1,2230,"Sparse, short-lived grassland of deep sand in dry interdunal depressions along Mediterranean coasts, dominated by small annuals with an often abundant ephemeral spring bloom. Characteristic species are Malcolmia lacera, M. ramosissima, Evax asterisciflora, E. lusitanica, Anthyllis hamosa and Linaria pedunculata, the dune counterpart of the inland pseudo-steppe grasslands of the Thero-Brachypodietea. The stand is entirely dependent on undisturbed sand and on the seasonal rainfall that triggers germination; trampling or sand extraction removes it directly. It sits within the wider Mediterranean and Macaronesian grey dune grassland belt and is told apart from the perennial swards around it, such as those with Crucianella maritima (2210) or Euphorbia terracina (2220), by its therophyte-dominated, markedly seasonal aspect."
annex1,2240,"Meso- and thermo-Mediterranean dune grassland corresponding to the dunal expression of the pseudo-steppe grasslands with grasses and annuals of the Thero-Brachypodietea, built around Brachypodium species on oligotrophic, base-rich, often calcareous dune sand. The sward is mostly open and short, xerophile and rich in therophytes, occupying stabilised ground within the wider Mediterranean and Macaronesian grey dune grassland mosaic. Diagnostic material for the type itself is limited; distinguishing it from the other Brachypodietalia and Malcolmietalia dune grasslands rests on the dominance of perennial Brachypodium tussocks over the annual-dominated swards of 2230."
annex1,2250,"Juniper formations of Mediterranean and thermo-Atlantic coastal dune slopes and slacks, built by Juniperus turbinata subsp. turbinata, J. macrocarpa, J. navicularis or J. oxycedrus in the alliance Juniperion lyciae, and by Juniperus communis on calcareous dunes further north, including the Jutland dune juniper stands and the J. phoenicea subsp. lycia communities of the Rièges woods in the Camargue. The scrub forms a low, often dense and long-lived canopy over stabilised sand, more permanent than the surrounding grey dune grassland and less closed than wooded dunes proper. It sits within the broader Mediterranean dune scrub belt, from which it is distinguished by the dominance of Juniperus species with associates such as Phillyrea angustifolia, Smilax aspera and Lonicera implexa. Long-lived and slow to regenerate after fire, which is its principal threat."
annex1,2260,"Sclerophyllous, evergreen scrub of dunes in the Mediterranean and warm-temperate humid regions, structurally similar to inland Mediterranean garrigue but developed on dune sand rather than rocky or clay ground. Related western acidophilous garrigue on thin, acidic soils carries species such as Cistus ladanifer, Cistus calycinus, Lavandula pedunculata, Erica australis, E. umbellata and Genista hirsuta, alongside the broader Mediterranean dune scrub with Juniperus, Phillyrea and Smilax aspera. The vegetation is shaped by fire and grazing history, resprouting readily after burning and often derived from clearance of dune woodland. Little further descriptive material is available for the type specifically; in the field it is separated from the juniper-dominated scrub of 2250 by the dominance of Cistus and Lavandula rather than Juniperus, and from wooded dunes by its open, shrubby structure."
annex1,2270,"Coastal dune forest of the Mediterranean and Atlantic regions dominated by thermophilous pines, chiefly Pinus pinea and P. pinaster, with P. halepensis locally, and an understorey that can include Juniperus macrocarpa and J. turbinata subsp. turbinata. Many stands are of planted origin and represent a substitution stage for, occasionally the artificial equivalent of, evergreen oak forest of the Quercetalia ilicis or Ceratonio-Rhamnetalia. Beneath the pine canopy grow sclerophyllous and Mediterranean scrub species such as Pistacia lentiscus, Rhamnus alaternus, Phillyrea angustifolia, Smilax aspera and Rubia peregrina. Where shrubs come to exceed pine cover, the stand passes into Mediterranean dune scrub rather than forest. Distinguished from the broadleaved wooded dunes of 2180 by the coniferous, pine-dominated canopy, and threatened chiefly by fire and by conversion of planted stands."
annex1,2310,"Heath of quartzic, redeposited glacial sand on the dune plains of the North Sea and Baltic coasts, dominated by Calluna vulgaris with Genista anglica and G. pilosa. The substrate is highly siliceous and oligotrophic in the Netherlands, northern Belgium and northwestern Germany, becoming progressively less extreme and more continental in species composition through northeastern Germany, Poland and the eastern Baltic plain. The larger dune systems carry a distinctive assemblage of interacting communities and harbour many specialised, localised organisms, but the type has regressed considerably and surviving stands are fragile and often threatened by nutrient enrichment and by afforestation. Distinguished from the true coastal Empetrum dune heaths of 2140 and 2320 mainly by geographic position on the inland edge of the dune plain rather than on the active dune ridge itself, and from inland dry heath by its position on this glacial sand landscape."
annex1,2320,"Coastal, non-dunal heath on quartzic sand of glacial origin, dominated by Calluna vulgaris together with Empetrum nigrum, occurring behind the active dune belt on the North Sea and Baltic coasts. It shares its substrate and general physiognomy with the Calluna-Genista heaths of 2310, from which it is separated by the co-dominance of Empetrum nigrum rather than Genista species, and it stands apart from the genuinely dune-bound Empetrum heaths of 2140 by its non-dunal, more inland position on the reworked glacial sand plain. As with related heaths, the vegetation depends on continued low-intensity use or natural nutrient poverty to resist encroachment by scrub and woodland, and is vulnerable to nitrogen deposition and to conversion of the underlying sandy ground."
annex1,2330,"Open, often species-poor grassland of dry, siliceous inland dune sand of Atlantic, sub-Atlantic and Mediterranean-montane distribution, with a strong component of annuals. Two closely related forms occur: pioneer stands of unstable Germano-Baltic fluvioglacial sand with Corynephorus canescens, Carex arenaria, Spergula morisonii and Teesdalia nudicaulis, carpeted with fruticose lichens of the genera Cladonia and Cetraria, and grassland of more stabilised inland dune systems with Agrostis species and Corynephorus canescens or other acidophilous grasses. The vegetation depends on continued sand instability or on nutrient-poor, disturbed ground; stabilisation, nutrient enrichment or afforestation all remove it. Distinguished from coastal dune grassland types by its inland setting on relict glacial sand deposits, and from surrounding closed grassland or heath by its open, often lichen-rich sward and dominance of Corynephorus canescens."
annex1,2340,"Sparsely vegetated inland dunes of the Pannonian plain and adjacent basins, forming mosaics of open shifting sand, dune lichen carpets, pioneer swards rich in annuals, and closed dry grassland. Soils are loose, calcareous to slightly acid sands with almost no water retention and strong summer heating. Diagnostic species include the lichens Cladonia convoluta and C. furcata, together with Corynephorus canescens, Thymus serpyllum, Viola tricolor subsp. tricolor, Cerastium semidecandrum and Alyssum montanum subsp. gmelinii; in Austria the association Thymo angustifolii-Corynephoretum canescentis marks fragmentary stands at disturbed sites. The type owes its historic extent to hay harvesting and grazing, which kept the sand open; without this use it stabilises and closes into grassland or scrub within a few decades. Only the full mosaic of open sand, lichen crust and pioneer or closed swards counts here; steppes and meadow steppes on stabilised sand not tied to a dune relief belong to 6260 instead."
annex1,3130,"Nutrient-poor standing waters on whose shores two related vegetation types occur on nutrient-poor sediments: perennial amphibious swards of the Littorelletalia uniflorae along stable water-land interfaces, and short-lived pioneer vegetation of the Isoeto-Nanojuncetea on banks that dry out periodically; the two often occur together but may also stand separately. Both are built from small, low-growing ephemerophytes tolerant of fluctuating water levels. Characteristic Littorelletea species are Littorella uniflora, Potamogeton polygonifolius, Pilularia globulifera, Juncus bulbosus subsp. bulbosus and Eleocharis acicularis; the Isoeto-Nanojuncetea component is marked by Elatine species, Eleocharis ovata, Juncus tenageia, Cyperus fuscus and Limosella aquatica. The German classification records this vegetation on mesotrophic natural lakes and on self-developing gravel and clay pits; the corresponding EUNIS type covers only the exposed-shore pioneer stage and is narrower than this Annex type. Eutrophication, bank fixation and constant water levels remove the type by closing the amphibious zone."
annex1,3170,"Very shallow Mediterranean ponds, only a few centimetres deep, filled in winter and spring and dry for the rest of the year, carrying a flora of Mediterranean therophytes and geophytes rather than the amphibious perennials of comparable northern habitats. Vegetation belongs to the alliances Isoetion, Nanocyperion flavescentis, Preslion cervinae, Agrostion salmanticae, Heleochloion and Lythrion tribracteati, arranged in concentric zones that track the drying sequence. Characteristic, often endemic species include Isoetes species such as I. histrix and I. duriei, Damasonium alisma, Eryngium corniculatum, Ranunculus lateriflorus, Crypsis species and orchids of the genus Serapias. On the Azores the type is represented by the Anthemido-Menthetum pulegii association. The habitat depends entirely on the natural hydroperiod; drainage, levelling, ploughing and eutrophication from adjacent land use destroy it, usually irreversibly given the narrow endemism of much of its flora."
annex1,3220,"Open pioneer vegetation of herbaceous and sub-shrubby plants colonising the unstable gravel beds of streams with an alpine flow regime, high in summer from snowmelt and low the rest of the year, in the alpine and subalpine belts of the high mountains and in boreal and lower Arctic hills further north. Two altitudinal forms are distinguished, a higher one dominated by Epilobium fleischeri with Saxifraga species, Dryas octopetala and Gypsophila repens, and a lower, montane one with Chondrilla chondrilloides, Calamagrostis pseudophragmites and seedlings of riparian willows such as Salix elaeagnos and Myricaria germanica. The vegetation is repeatedly reset by flood and gravel movement, which keeps it permanently pioneer; regulation of the flow regime and channel fixation remove the disturbance the type depends on and let it close into scrub. It grades downstream into the willow and Myricaria scrub of 3230 as sediment stabilises."
annex1,3230,"Low pioneer shrub vegetation of Myricaria germanica and willows that invades the herbaceous gravel-bar communities of alpine-regime mountain and boreal streams once fine silt begins to accumulate in the deposits. The Salici-Myricarietum association is the characteristic form, built from Myricaria germanica together with Salix elaeagnos, S. purpurea subsp. gracilis, S. daphnoides and S. nigricans on periodically flooded shoals. As a pioneer stage it needs recurrent flooding and fresh sediment to persist; without disturbance it develops into taller willow and Salix elaeagnos scrub of 3240 and eventually into riparian forest, while flow regulation removes the flood pulses the shrubs depend on and lets the gravel bars grow over with terrestrial vegetation instead. It is distinguished from 3220 by the presence of an established woody layer, and from 3240 by the continuing dominance of Myricaria over taller Salix stands."
annex1,3240,"Taller thickets and open woods on higher, less frequently flooded gravel shoals of alpine and peri-Alpine mountain streams, built from Salix elaeagnos, S. purpurea subsp. gracilis, S. daphnoides, S. nigricans and Hippophae rhamnoides, sometimes accompanied by Alnus or Betula. It follows the lower Myricaria scrub of 3230 in the succession from bare gravel to riparian forest as sediment banks rise and stabilise further above normal flow. Hippophae rhamnoides is a useful field marker where it occurs, since it is largely restricted to this later, drier stage rather than to the actively reworked bars of 3220 and 3230. Channelisation and damming that stop the periodic reworking of gravel let the type either persist as a relict stand cut off from its dynamic, or succeed directly into closed alluvial forest, both of which remove the type as defined."
annex1,3250,"Pioneer vegetation of the Glaucion flavi colonising gravel deposits of Mediterranean rivers that carry water year round but with markedly reduced summer flow. Glaucium flavum is the name giving and most conspicuous species, growing with Erucastrum nasturtiifolium, Oenothera biennis and, where conditions allow, Myricaria germanica on the coarser bars. Because the type is confined to permanently flowing Mediterranean watercourses, it separates from the intermittently flowing rivers of 3290 by the continuity of the flow and from the finer, muddy Chenopodion and Bidention vegetation of 3270 by the coarser gravel substrate. Bank regulation, gravel extraction and the damming that eliminates the summer low-flow disturbance regime all remove the open, repeatedly reworked ground the type requires."
annex1,3270,"Annual, nitrophilous pioneer vegetation of muddy river banks in the lowlands and submontane belt, belonging to the Chenopodion rubri and Bidention alliances. The banks appear bare through spring and early summer and only develop their cover of Chenopodium rubrum, Bidens frondosa, Xanthium species and Polygonum lapathifolium later in the season as water levels drop; under unfavourable conditions the vegetation stays sparse or fails to appear at all. The German classification records the type on periodically exposed, herb-rich mud flats along running water. It occupies the fine sediment end of a substrate gradient that runs from the coarse gravel bars of 3220 and 3250 to these mud banks, and is removed wherever bank regulation eliminates the seasonal exposure of soft sediment."
annex1,3280,"Nitrophilous grass and sedge vegetation on the alluvial banks of large, permanently flowing Mediterranean rivers, dominated by Paspalum paspaloides, P. vaginatum, Polypogon viridis and Cyperus fuscus, backed by hanging curtains of Salix species and Populus alba on the higher bank. The herbaceous fringe stands at the wet, frequently inundated end of the bank profile, while the tree curtain marks the transition to gallery forest further from the water. Because the constituent communities are shared with other Mediterranean river types, the description here draws mainly on the Paspalo-Agrostidion sward itself. The type separates from the intermittent rivers of 3290 by its year-round flow and from finer, muddy pioneer vegetation further downstream by its perennial, grass-dominated cover."
annex1,3290,"The intermittent counterpart of 3280, occupying river beds of the same Paspalo-Agrostidion type but with an interrupted flow regime that leaves the channel completely dry or reduced to isolated pools for part of the year. Where standing pools persist, aquatic species such as Polygonum amphibium, Ranunculus fluitans and Potamogeton species including P. natans, P. nodosus and P. pectinatus can establish alongside the bank vegetation. The defining feature against 3280 is precisely this seasonal interruption of flow rather than any difference in the bank community itself; against the Mediterranean temporary ponds of 3170 it is distinguished by its linear, channel-bound form rather than a standing water body. Water abstraction that turns a naturally intermittent regime permanent, or a permanent river into one that dries completely, shifts stands out of this type in either direction."
annex1,4010,"Humid, peaty to semi-peaty heaths of the Atlantic and subatlantic lowlands and foothills, distinct from blanket bog, dominated by Erica tetralix on shallow, acid, nutrient-poor peat and peaty mineral soil that stays wet for much of the year and is often seasonally waterlogged. Typical settings are wet depressions and seepage zones within drier heathland, or marginal rings around bogs where drainage of the deeper peat can locally widen the type at the expense of the bog itself. Alongside Erica tetralix, Juncus squarrosus, Trichophorum cespitosum, Molinia caerulea, Calluna vulgaris, Sphagnum compactum and Gentiana pneumonanthe are diagnostic. Traditional grazing and sod cutting have long maintained the open structure; drainage or abandonment tips the type either towards drier heath or, where nutrients rise, towards Molinia grassland. The oceanic variant with Erica vagans and Schoenus nigricans on more base rich ground is included here as a regional form."
annex1,4020,"Hygrophilous heaths of the temperate oceanic climate on semi-peaty or dried peaty soils with a mineral surface layer, distinguished from 4010 by the constant presence of Erica ciliaris or, in its place, the closely related endemic Erica mackaiana. The type belongs to the alliances Genistion micrantho-anglicae and Ulicion minoris, with named associations including Ulici minoris-Ericetum ciliaris, Ulici gallii-Ericetum mackaianae and Cirsio filipenduli-Ericetum ciliaris. Alongside the diagnostic Erica species, Genista anglica, G. micrantha and Sphagnum species accompany the sward. The distribution is narrow, restricted to the western seaboard of Europe with its exceptionally oceanic winters, which makes drainage and afforestation of these heaths a loss with little prospect of recolonisation elsewhere. Where Erica ciliaris and E. mackaiana are absent, the stand belongs to the wider 4010 rather than here."
annex1,4030,"Dwarf-shrub heaths on acid, nutrient-poor, free-draining soils and podsols in the Atlantic and subatlantic lowlands and low mountains, dominated by Calluna vulgaris with Vaccinium myrtillus, V. vitis-idaea, Genista pilosa or Erica cinerea according to region. Most stands are secondary, kept open for centuries by grazing, burning, sod-cutting and litter raking on ground too poor for arable use, and they close into birch and pine woodland within decades once that use stops. Regional forms run from submontane Vaccinium-Calluna heaths of the Hercynian ranges and the lower Alps through the low Calluna-Genista heaths of the Germano-Baltic lowlands to the oceanic Erica heaths of the western seaboard. Wet heaths with Erica tetralix on peaty ground belong to 4010, alpine dwarf-shrub communities above the tree line to 4060; the boundary is drawn by soil moisture and altitude, not by the dominant shrub."
annex1,4040,"Dry coastal heaths of the temperate Atlantic seaboard on well drained soil, dominated by Erica vagans, often but not necessarily with Ulex europaeus; the type excludes prostrate maritime dwarf formations closer to the shore. It occupies free draining, nutrient poor, acid siliceous ground and is typically maintained by grazing and burning as a secondary vegetation derived from clearance of acidophilous woodland. The presence of Ulex europaeus is not required for the type to be recognised, since Erica vagans alone can carry the full diagnostic weight. It sits within the wider family of Atlantic dry heaths and is distinguished from the wet heaths of 4010 and 4020 by its dry, well aerated substrate rather than by any single species, and from the alpine and boreal heaths of 4060 by its lowland coastal position."
annex1,4050,"Ericaceous scrub of low to medium height, endemic to Macaronesia and built from different alliances on the two archipelagos: Fayo-Ericion arboreae and Telino-Adenocarpion foliolosae in the Canary Islands, Daboecion azoricae and related associations in the Azores. Erica arborea and E. platycodon dominate widely, joined on the Canaries by Chamaecytisus proliferus subsp. proliferus and Ilex canariensis, and on the Azores by Daboecia azorica, Juniperus brevifolia, Laurus azorica and Myrica faya. Diagnostic Azorean species include Lysimachia azorica, Thymus caespititius and Vaccinium cylindraceum. The vegetation colonises thin soils on pyroclastic debris, lava and rock outcrops, often cyclically renewed by volcanic or erosive disturbance, and can succeed towards laurel forest where conditions allow. Floristic composition differs markedly between and even within the archipelagos, so the type is best read island by island rather than as a single uniform community."
annex1,4060,"A broad family of low, dwarf or prostrate shrub formations of the alpine and subalpine belts of the Eurasian mountain systems and of boreal and Arctic hills further north, dominated variously by ericaceous shrubs, Dryas octopetala, dwarf junipers or greenweeds according to exposure, snow lie, substrate and region. Windswept, largely snow free ridges carry single layered Loiseleuria procumbens mats with prostrate Vaccinium species; more sheltered acid podsols in the Alps, Carpathians and Balkan ranges carry Rhododendron dominated heath, often two layered with Vaccinium myrtillus and V. vitis-idaea beneath; calcareous ground in the Alps and Dinarides instead carries Rhododendron hirsutum and Erica herbacea heath. Mountain dwarf juniper scrub and, on high southern nemoral mountains, low Genista or Chamaecytisus heaths complete the family. Field identification rests on matching the dominant shrub and its companions to the regional subtype rather than on a single combination; it separates from the ericoid heath EUNIS S22 mainly by covering the broader alpine and boreal range rather than one regional facies."
annex1,4070,"Krummholz scrub of Pinus mugo, usually with an understorey or admixture of Rhododendron species, occupying dry sites in the eastern inner Alps, the northern and southeastern outer Alps, the Carpathians, the Apennines, the Dinarides and the Balkan Range, at the transition between subalpine forest and alpine grassland. The German classification names it Alpenrosengebüsch or Latschengebüsch depending on which element dominates. Rhododendron hirsutum, R. ferrugineum and, in the eastern part of the range, R. myrtifolium accompany Pinus mugo, together with Rhodothamnus chamaecistus, Calamagrostis villosa and Homogyne alpina. The community occupies calcareous to intermediate substrates drier than those carrying pure Rhododendron heath, and forms a stable, naturally treeless facies at the upper forest limit rather than a stage in a succession; grazing pressure and clearance at the edge of its range are the main threats where the type meets managed alpine pasture."
annex1,4080,"Subarctic and boreo-alpine willow scrub of the Scottish Highlands, the Icelandic and Scandinavian mountains, and analogous stands in the Alps, Pyrenees, Cantabrian Mountains and Carpathians, often following watercourses. Regional subtypes include the alpigenous small willow brush of the Alps, Apennines, Jura and western Hercynian ranges, the Pyreneo-Cantabric willow brush, the Hercynio-Carpathian willow brush with associations such as Salicetum lapponum, and the boreo-alpine willow brush proper in Scotland, Iceland and Scandinavia. The scrub is built from small shrubby Salix species, among them S. lapponum, S. lanata, S. arbuscula, S. myrsinites and S. glauca, standing 0.5 to 2 metres tall. It differs from the taller subalpine deciduous scrub of EUNIS S25 in its more open, lower stature, and from riparian Salix scrub of lowland floodplains in its montane to subarctic, snow influenced setting rather than an alluvial one."
annex1,4090,"Cushion-forming, often spiny dwarf shrub heaths of the highest, driest mountains of the Mediterranean and Irano-Turanian regions, above or at the treeline, on shallow, mostly base-rich soils exposed to wind and frost. Primary stands occupy screes and summit ridges; secondary, zoogenic stands of the same species extend downslope where grazing has opened the ground. Composition is strongly regional: Echinospartum horridum in the Pyrenees, Erinacea anthyllis and Vella spinosa in the Sierra Nevada, Astragalus sirinicus and Genista corsica or G. salzmannii on Corsica and Sardinia, Astragalus angustifolius across the Greek mountains and Crete, and broom-like Spartocytision nubigeni scrub above 1900 metres on the Canary Islands. The dense, hemispherical cushions of Astragalus, Genista, Erinacea and related genera, close-set and often spiny, are the field character common to all forms. Related but lower-altitude hedgehog-heaths of the eastern Mediterranean supra- and oromediterranean belt are counted here only in part; garrigues and phryganas of the thermo- and mesomediterranean lowlands belong to other types."
annex1,40A0,"Low deciduous scrub of continental and submediterranean character, confined to the Pannonian basin and its margins: the eastern Alpine periphery, the southern Carpathian foothills, the Transylvanian plateau and the northern Balkan hills. It grows on both calcareous and siliceous ground, usually in mosaic with steppe grassland and rupicolous Pannonic grassland, often fringing woodland. Dominants include Cerasus fruticosa and C. mahaleb, Amygdalus nana, Spiraea media and S. crenata, Rosa spinosissima and R. gallica, Amelanchier ovalis and Cotoneaster species, with an admixture of steppe herbs such as Nepeta pannonica, Aster linosyris and Vincetoxicum hirundinaria. Where scrub becomes low and clonal, dominated by Prunus fruticosa or Caragana frutex within dry grassland, it belongs to the same type; taller thorn scrub with Prunus spinosa, Crataegus monogyna and Cornus sanguinea is the widespread temperate counterpart and is distinguished mainly by its wider, non-Pannonic range."
annex1,40B0,"Closed thickets dominated by Potentilla fruticosa at around 1550 metres in the west Rhodope mountains of Bulgaria, set within the belt of Picea abies and Pinus sylvestris forest. The type is narrowly localised and species-poor: besides the dominant shrub, the sward carries Bellardiochloa violacea, Galium boreale and G. verum, Geum rhodopeum, Nardus stricta and the Rhodope endemics Veronica rhodopaea and Viola rhodopeia, with the moss Abietinella abietina in the ground layer. Recognition rests on the closed cover of Potentilla fruticosa itself, a shrub rarely dominant elsewhere in European vegetation at this altitude. Superficially similar willow scrub of wet, groundwater-fed ground belongs to a different, much more widespread type and is separated by its permanently waterlogged soils, which this montane thicket does not require."
annex1,40C0,"Deciduous thickets of the wooded steppe zone of the Pontic and Sarmatic regions, occurring within and around the range of the easternmost steppe oak woods with which they form a landscape complex. Several associations are endemic to Dobrogea, among them Asphodelino luteae-Paliuretum and Rhamno catharticae-Jasminietum fruticantis. Dominant shrubs are Prunus spinosa, Crataegus monogyna, Caragana frutex, Spiraea crenata and Amygdalus nana, together with Paliurus spina-christi, Jasminum fruticans and Rhamnus cathartica; the herb layer carries steppe species such as Asphodeline lutea, Paeonia tenuifolia, Dianthus nardiformis and Salvia ringens. Recognition rests on this combination of thorny pontic shrubs with steppe herbs on the dry, treeless margins of the steppe-woodland mosaic. Taller thorn scrub of the temperate lowlands with the same dominant shrubs but without the steppe herb layer belongs to the widespread submediterranean type rather than here."
annex1,5110,"Stable, calcicolous scrub of hill and montane levels dominated by Buxus sempervirens, thermophilous and drought-tolerant, growing on calcareous or, more rarely, siliceous ground. It forms the natural woodland edge of dry, box-rich calcareous forest, fringed by tall-herb communities of the Geranion sanguinei alliance with species such as Geranium sanguineum and Dictamnus albus. Accompanying shrubs are Prunus mahaleb, Cornus mas, Berberis vulgaris, Ligustrum vulgare, Viburnum lantana and Amelanchier ovalis. In the euro-siberian part of its range the more open stands carry a noticeable submediterranean flora. Unlike much thorn scrub, the type is stable rather than a stage in succession: closed Buxus stands persist for long periods on the same rocky slopes without passing into forest. Boundaries against ordinary thorn scrub and against Mediterranean pseudomaquis rest on the dominance of Buxus itself rather than on the accompanying species, which overlap with both."
annex1,5120,"Scrub of the higher levels, upper montane to subalpine and oromediterranean, of the south-western European mountains, dominated by Cytisus purgans on shallow, superficial soils. Stands often stand alongside dwarf juniper scrub or hedgehog-heaths and, physiognomically, closely resemble the latter: low, dense, wiry shrub cover with little herb layer beneath. The single diagnostic species named for the type is Cytisus purgans itself, whose broom-like, leafless green stems distinguish it in the field from both juniper scrub and true hedgehog-heaths, which are built from spiny cushion shrubs rather than brooms. Given this narrow floristic basis, the type is best recognised by physiognomy and altitude together with the dominant species, rather than by a diagnostic species combination."
annex1,5130,"Formations of Juniperus communis from the lowlands to the montane belt, arising as a successional stage rather than as a distinct plant community in its own right. Most commonly it develops on mesophilous to xerophilous, nutrient-poor calcareous grassland of the Festuco-Brometea, grazed or left fallow, and more rarely on Calluna heathland; the juniper cover ranges from scattered, ancient bushes to dense stands that shade out the underlying grassland. Accompanying species reflect the grassland or heath it derives from: on calcareous ground the typical Festuco-Brometea flora, on heaths Calluna vulgaris, Vaccinium myrtillus, Empetrum nigrum and Nardus stricta. Recognition in the field rests on Juniperus communis growing over, and clearly succeeding, one of these two vegetation types rather than on an independent species combination. As grazing intensifies or stops entirely, the juniper cover either fails to establish or closes into scrub that eventually gives way to woodland."
annex1,5140,"Low scrub and garrigue of dolomitic tableland, karst, sand and terra rossa in the far south-west of Portugal, exceptionally rich in narrow endemics. Two named associations characterise it, Ulicetum erinacei and Genisto triacanthi-Cistetum palhinhae, the latter built around the endemic Cistus palhinhae. Accompanying species include Genista hirsuta subsp. algarbiensis, G. triacanthos, Juniperus turbinata, Ulex erinaceus, Sideritis arborescens subsp. lusitanica and the strict local endemics Biscutela vicentina and Serratula monardii var. algarbiensis. Recognition rests on this combination of local endemics, above all Cistus palhinhae and Ulex erinaceus, restricted to the Algarve and neighbouring Alentejo coast; the type is not defined by a wetland character despite the traditional name, and separation from ordinary Mediterranean garrigue on comparable substrates rests entirely on the presence of these endemics."
annex1,5210,"Mediterranean and submediterranean evergreen sclerophyllous scrub organised around tree-form, arborescent junipers rather than the low shrubs typical of most matorral. Dominance shifts regionally between species: Juniperus oxycedrus and J. phoenicea in the western and central Mediterranean, J. excelsa and J. foetidissima in Greece, Anatolia and the Near East, J. communis in scattered Mediterranean stands, J. drupacea restricted to the Peloponnese and Asia Minor, and J. thurifera in continental mountain areas; mixed stands of two or more species also occur. Recognition in the field is straightforward once the arborescent, tree-like growth form of the junipers is distinguished from the low, hemispherical shrubs of hedgehog-heath and phrygana. As a stage in scrub succession it can grade into open juniper woodland on one side and into lower, denser maquis on the other, from which it is separated chiefly by the emergent stature of the junipers."
annex1,5220,"Pre-desert deciduous scrub of the arid south-western Iberian peninsula, confined to the thermo-Mediterranean xerophytic climate of the Almeria region. It represents the mature, climax phase of the local vegetation series and is built around tall stands of Zyziphus lotus, accompanied by Periploca laevigata, Lycium intricatum, Asparagus stipularis and A. albus and Withania frutescens. Named associations include Ziziphetum loti, Zizipho-Maytenetum europaei and Mayteno-Periplocetum. Recognition rests on the emergent, hummock-forming Zyziphus lotus itself, which gives the scrub a distinctive rounded, thorny structure unlike any other European vegetation. Confined to a narrow arid corner of Europe, the type is threatened wherever the low, extensive land use of its native area gives way to irrigation or urbanisation."
annex1,5230,"Humid arborescent matorral built around tall Laurus nobilis, occurring in oceanic, sheltered stations of the Iberian peninsula. In Spain it appears as a facies of Viburno tini-Fraxinetum orni rich in Laurus nobilis in the southern mountains of Valencia, and as a laurel-rich facies of Lauro-Quercetum ilicis from Asturias to the Basque Country. Accompanying species include Arbutus unedo, Ceratonia siliqua, Fraxinus ornus, Phillyrea latifolia, Quercus ilex, Olea europaea var. sylvestris and Viburnum tinus, together with lianas such as Smilax aspera and Rubia peregrina. Recognition rests on Laurus nobilis reaching tree stature and forming a closed or near-closed canopy, rather than occurring as scattered individuals; small relic laurophyllous forests of the Atlantic coast with a similar canopy but a different, more oceanic associated flora are treated separately. Where the same species combination forms lower, denser thicket rather than tall matorral, it is assigned to the related type of Laurus nobilis thickets."
annex1,5310,"Lower, shrubbier facies of the arborescent Laurus nobilis matorral, generally confined to humid or cool stations. The material available names only the single dominant species, Laurus nobilis; no separate associated flora or syntaxa are recorded for this facies beyond what applies to the taller matorral it derives from. Recognition in the field therefore rests on Laurus nobilis dominating a stand of thicket rather than tree height, on sites moister or cooler than typical Mediterranean scrub. Distinguishing it from the arborescent matorral with Laurus nobilis is a matter of stature alone: where the laurel reaches closed tree canopy the taller type applies, where it stays at shrub height on the same kind of humid ground this lower facies applies."
annex1,5320,"Low, cushion-like formations dominated by Helichrysum italicum, in immediate contact with sea cliffs, forming the transition between true cliff vegetation or clifftop phrygana and thermo-Mediterranean scrub further inland. Spurges, chiefly Euphorbia pithyusa, grow through the Helichrysum together with Pistacia lentiscus, Camphorosma monspeliaca, Artemisia densiflora and species of Thymelaea such as T. hirsuta and T. tartonraira. Recognition rests on this narrow coastal position, immediately behind the cliff-edge vegetation proper, and on the combination of Helichrysum italicum with spurge and Thymelaea species rather than on any single dominant. Because it sits between two other, better-defined vegetation belts, it is best identified by its intermediate position in the field as much as by its species list."
annex1,5330,"A broad group of thermo-Mediterranean scrub formations, largely indifferent to whether the substrate is calcareous or siliceous, together with a set of strongly distinctive, thermophile formations endemic to southern Iberia. Named sub-formations include Genista fasselata brush of the eastern Mediterranean, Crataegus azarolus scrub of Cyprus, tree-spurge stands of Euphorbia dendroides on Mediterranean islands, diss-garrigue dominated by tall tussocks of Ampelodesmos mauritanicus on the Tyrrhenian coast and in Sicily, palmetto brush built around Chamaerops humilis in south-western and southern Iberia, Mediterranean pre-desert scrub of the arid south-east Spanish provinces, thermo-Mediterranean broom fields of Lygos, Cytisus and Genista species, and spiny spurge garrigue of Euphorbia melitensis on Malta. Given this diversity, recognition proceeds sub-formation by sub-formation, through the named dominant, rather than through a single shared species combination; several of the south-eastern Spanish stands survive only in a few undisturbed localities and are gravely at risk."
annex1,5410,"Rare, extremely local cushion-forming associations of thermo-Mediterranean clifftops and their immediate surroundings, scattered along the western Mediterranean coast. The type is carried by Astragalus massiliensis or, in other stands, by Anthyllis hermanniae, both variously accompanied by Thymelaea hirsuta, Helichrysum italicum, Plantago subulatum and Armeria ruscinonensis. Recognition rests on this small set of cushion-forming species occupying an isolated clifftop position, with no single association covering more than a few sites. Because stands are so few and so local, each occurrence carries disproportionate conservation weight; superficially similar cushion vegetation of other Mediterranean coasts, built from different dominants, belongs to separate types."
annex1,5420,"Low, thorny formations of hemispherical shrubs occupying the coastal thermo-Mediterranean zone of the eastern Mediterranean: the Aegean islands, mainland Greece, the Ionian islands and coastal Anatolia, where they are considerably more widespread and floristically richer than comparable western Mediterranean phrygana. The type is carried by Sarcopoterium spinosum together with Centaurea spinosa, Satureja thymbra, Thymus capitatus, Genista acanthoclada, Anthyllis hermanniae, Cistus creticus and Pistacia lentiscus, among a long list of accompanying chamaephytes. Recognition in the field rests on the dense, low, spiny hemispherical growth form of Sarcopoterium spinosum itself, sharply different from the taller, softer thorn scrub of temperate Europe. A few rare, relict associations of similar appearance occur on western Mediterranean seashores and cliffs, forming a narrow belt between cliff communities and thermo-Mediterranean brush."
annex1,5430,"A set of cushion-forming, often thorny, summer-deciduous sclerophyllous formations, each endemic to a small Mediterranean island area and treated together for their shared physiognomy rather than a shared flora. Sub-types include mid-elevation phrygana of Crete with Euphorbia acanthothamnos, Verbascum spinosum and Sideritis syriaca at the contact between phrygana and hedgehog-heath, isolated Hypericum aegyptiacum colonies on coastal rocks of the Ionian islands, western Crete, Sardinia and Lampedusa, impoverished Sarcopoterium spinosum stands of southern Sardinia and the Gulf of Taranto, Genista acanthoclada phrygana of north-western Sardinia, Balearic clifftop phrygana with the endemics Launaea cervicornis, Astragalus balearicus and Centaurea balearica, Cyrno-Sardian Genista corsica or G. morisii phrygana of Corsican and Sardinian headlands, and Pantelleria phrygana with the local endemics Helichrysum saxatile subsp. errerae and Matthiola pulchella. Given this island-by-island endemism, each sub-type is recognised by its own local dominant rather than by a shared diagnostic combination."
annex1,6110,"Open, sparse pioneer vegetation on very shallow, superficial calcareous or otherwise base-rich soils, in places on basic volcanic substrate, dominated by annuals and succulents of the Alysso alyssoidis-Sedion albi. A priority habitat. Cover is patchy, built from small rosette plants and succulents with a rich cryptogam component, on rock ledges, thin rendzinas and similar skeletal ground from the lowlands into the mountains, wherever soil stays too thin and dry for a closed sward. Recognisable by Sedum album, S. acre, Alyssum alyssoides, Saxifraga tridactylites, Hornungia petraea and Teucrium botrys, with Jovibarba and Sempervivum species on the rockiest ground and mosses such as Abietinella abietina and Homalothecium sericeum filling the gaps. The type persists only as long as shallow soil keeps the site open; deeper soil lets denser calcareous grassland take over. Similar swards on artificial substrates such as walls and quarry spoil are excluded."
annex1,6120,"Dry, mostly open grasslands on more or less calcareous sand, with a subcontinental centre of distribution on inland dune systems, river terraces and sandy plains of the lowlands. Stands are short and patchy, dominated by narrow-leaved grasses such as Koeleria glauca and Festuca psammophila over a low, drought-tolerant herb layer. Recognisable by Alyssum montanum ssp. gmelinii, Astragalus arenarius, Carex ligerica, C. praecox, Dianthus deltoides, Euphorbia seguieriana, Gypsophila fastigiata, Helichrysum arenarium, Herniaria glabra, Petrorhagia prolifera and Silene chlorantha, with Sedum reflexum and Allium schoenoprasum on the driest ridges. The nutrient-poor, base-rich sand and the summer drought keep the sward permanently open, so closure by scrub is slow. The related EUNIS sand grassland of the same region is distinguished by its acid to neutral, not calcareous, sandy soils, which carry a largely different, more acidophilous flora even where the two occur close together on the same dune system."
annex1,6130,"Generally open grassland of specialised, heavy-metal-tolerant plants, on three kinds of ground: natural rock outcrops enriched in zinc or lead, river gravels and shingles carrying such metals, and old spoil heaps and terrils around historic mines. The flora consists of metallophyte races otherwise rare or absent from ordinary soils: Viola calaminaria, heavy-metal races of Noccaea (Thlaspi) caerulescens, Armeria maritima, Minuartia verna and Silene vulgaris, with Festuca ophioliticola in some regions, plus Campanula rotundifolia and a distinctive lichen and moss layer including Cladonia and Weissia species. The type is bound to the metal contamination itself, whether geological or mining-derived, and to the sparse, open cover that alone tolerates it. Younger, still-colonising spoil-heap vegetation lacks the threatened endemic taxa of the older stands and is not treated as priority, which is the practical line separating the two in the field."
annex1,6140,"Closed, mesophile subalpine and lower alpine grassland dominated by the tussock grass Festuca eskia, confined to the Pyrenees, where it occupies north-facing slopes and shaded depressions. Companion species include Arnica montana, Ranunculus pyrenaeus, Selinum pyrenaeum, Trifolium alpinum, Campanula barbata, Gentiana punctata and Leucorchis albida. The tight, tussocky sward and the strict restriction to shaded aspect distinguish it in the field from the surrounding, more general acidophilous alpine grassland of the wider European mountain ranges, of which it forms only the Pyrenean, Festuca eskia dominated expression."
annex1,6150,"Boreo-alpine grassland and dwarf-sedge vegetation of the highest summits, with its main range in the Alps and the Scandinavian mountains and outliers in the Carpathians, dominated by Juncus trifidus and Carex bigelowii over a substantial cover of mosses and lichens; associated snowbed communities, with Cassiope tetragona in the north, are included in the same type. Stands sit on thin, exposed, wind-scoured ground above the closed alpine turf, where snow cover is short-lived or absent and frost action dominates. The type spans both the wind-exposed ridge vegetation and the late-snow depressions in one unit, which sets it apart from the geographically narrower boreal grasslands of Fennoscandia and Scotland and from the temperate alpine grasslands of the central and southern European ranges, both of which occupy comparable positions further south or west."
annex1,6160,"Thermophile, open grassland of siliceous upper slopes and summits in the high mountains of Iberia, dominated by Festuca indigesta, with local extensions into the Euro-Siberian domain at the subalpine level. Soils are base-poor and shallow over siliceous bedrock, the growing season short and winters harsh, with strong winds keeping ridges free of snow and exposing the ground to repeated freeze-thaw. Cover is moderately open to closed, formed of prostrate or dwarf grasses and forbs with a marked endemic component: Luzula caespitosa, Jasione crispa aggr., Pilosella vahlii, Sedum brevifolium, Teesdalia conferta, Dianthus langeanus, Scorzoneroides cantabrica and Silene ciliata alongside the dominant fescue. At somewhat lower altitude in western Iberia a related, grazed grassland on similarly shallow siliceous and ultramafic soils takes over, distinguished from this type mainly by its lower elevation and its pastoral rather than purely climatic character."
annex1,6170,"Alpine and subalpine grassland of base-rich soils across the high mountain ranges of Europe, from the Alps, Pyrenees and Carpathians to the Balkan mountains, with outlying, more thermophile expressions on Corsica and in the central and southern Apennines. Dominant and characteristic plants include Dryas octopetala, Carex sempervirens and Sesleria caerulea, together with Gentiana nivalis, G. clusii, Anthyllis vulneraria, Astragalus alpinus, Draba aizoides and Phyteuma orbiculare. On the deeper soils of the lower alpine and subalpine belt closed, often grazed or mown swards prevail, while on wind-exposed ridges a sculptured, wind-clipped turf develops, and on the shallowest, most xerothermic ground open, stepped grassland forms. Associated snowbed vegetation and dwarf Salix scrub belong to the same mosaic. Heavy-metal grassland on contaminated ground, though floristically related, is treated separately; the type otherwise grades into arctic-alpine calcareous grassland further north and into Balkan and Apennine expressions further south-east."
annex1,6180,"Secondary, ungrazed grassland of the highest levels in the Azores, mixing grasses, herbs and mat-forming plants with a strong endemic component, typical of exposed or unstable rocky slopes, ledges and landslips on nutrient-poor acid soil. Species composition shifts with altitude, climate, rock type and terrain stability. Characteristic plants include Holcus rigidus, Festuca jubata, Deschampsia foliosa, Agrostis congestiflora, Luzula elegans and Festuca petraea, alongside ferns such as Diplazium caudatum and Woodwardia radicans and endemic herbs including Ranunculus cortusifolius, Rumex azorica, Sanicula azorica and Bellis azorica. As a secondary grassland it depends on the instability of its rocky sites for its continued openness, without the regular grazing that maintains comparable grassland elsewhere."
annex1,6190,"Open, pioneer rock sward on steep, dry, sun-exposed slopes of medium-altitude mountains in the Pannonian basin and adjacent regions, roughly between 150 and 900 m, over limestone, dolomite or calcareous volcanic rock such as basalt or andesite, on shallow rendzinas. Three regional expressions are distinguished: a montane to submontane, cooler-microclimate form on the calci-orophile Diantho-Seslerion swards, a species-rich, south-facing form on rendzinas around the western and southern edge of the Carpathian arc, and, on siliceous rock ledges further west, an acidocline expression. Recognisable by Festuca pallens, Bromus pannonicus, Stipa eriocaulis, S. joannis, Carex humilis, Chrysopogon gryllus, Iris pumila, Pulsatilla grandis and Anacamptis pyramidalis, with rarer endemics such as Linum dolomiticum, Vincetoxicum pannonicum and Dianthus regis-stephani in the most calcareous stands. The much broader EUNIS rocky grassland of Central and South-Eastern Europe shares the general physiognomy but extends well beyond the Pannonian range and its rendzina soils."
annex1,6210,"Dry to semi-dry calcareous grasslands of the Festuco-Brometea on shallow, base-rich soils over limestone, dolomite or marl, mostly on sun-exposed slopes and crests from the lowlands to the submontane belt. Two wings are distinguished: the steppic, subcontinental swards of the Festucetalia valesiacae and the oceanic to submediterranean ones of the Brometalia erecti. Within the latter, the primary Xerobromion swards of the shallowest ground stand beside the secondary Mesobromion swards with Bromus erectus, which arose from centuries of extensive grazing and carry the orchid richness on which the priority form rests. Stands are open to closed, built from tussock grasses and rosette herbs with Sanguisorba minor, Helianthemum nummularium, Scabiosa columbaria and Hippocrepis comosa. Once grazing or mowing stops, a fringe stage of the Trifolio-Geranietea appears first, then thermophilous scrub; fertilisation, reseeding and afforestation remove the type just as surely."
annex1,6220,"Priority pseudo-steppe of the meso- and thermo-Mediterranean zone, a mosaic of short, xerophile grassland rich in annuals on oligotrophic, often calcareous, base-rich soil. A perennial component of the Thero-Brachypodietea, dominated by Brachypodium retusum and related tussock grasses, stands alongside a purely annual component of spring-flowering therophytes typical of the Tuberarietea guttatae, with Brachypodium distachyum among its most frequent species; on gypsum or dolomite the annual swards shift towards specialised gypsophile or silico-basiphile variants. In France a further distinction runs between open, low-nitrogen pioneer swards and more closed, nitrogen-tolerant grassland of deeper soil. Grazing and trampling maintain the type by keeping the perennial tussocks open enough for the annual flora to persist; without disturbance the perennial component thickens and excludes the therophytes, while abandonment of grazing generally lets scrub advance."
annex1,6230,"Priority, species-rich Nardus grassland on siliceous soils, closed and dry to mesophile, ranging through the Atlantic, subatlantic and boreal lowlands, hills and mountains of Europe; only stands with a genuinely high species number count as this type, ground irreversibly impoverished by overgrazing is excluded. Nardus stricta itself is often subordinate to the diversity it shelters: Antennaria dioica, Arnica montana, Campanula barbata, Gentiana pneumonanthe, Hypochoeris maculata, Leucorchis albida, Meum athamanticum, Platanthera bifolia and Potentilla aurea, together with Galium saxatile and Potentilla erecta as constant companions; the grasshopper Miramella alpina is a typical faunal element. Traditional mowing or grazing, at both the lowland to submontane and the montane to high-montane level, sustains the diversity; where it stops the sward coarsens and species drop out well before scrub establishes. Distinguished from surrounding alpine grassland mainly by the dominance of Nardus and its lower, non-summit position."
annex1,6240,"Priority steppic grassland of the sub-Pannonian region, dominated by tussock grasses, chamaephytes and perennials of the Festucion vallesiacae and related alliances, xerotherme communities of south-facing slopes on rocky AC-soils or on clay-sandy sediment layers enriched with gravel, partly natural and partly of anthropogenic origin. Recognisable by Festuca vallesiaca, Stipa capillata, S. joannis, Bothriochloa ischaemum, Chrysopogon gryllus, Carex humilis and Festuca rupicola in the graminoid layer, with Iris pumila, Ranunculus illyricus, Teucrium chamaedrys, Globularia cordifolia, Astragalus onobrychis, A. excapus and Daphne cneorum among the characteristic forbs. Stands with a mainly natural origin occupy the shallowest, rockiest ground, while the anthropogenic stands on deeper, gravelly sediment reflect long grazing history; both grade into related continental steppe and meadow-steppe grassland of the wider region without a sharp physiognomic break."
annex1,6250,"Priority steppic grassland rich in perennial grasses and herbs on loess deposits of the Pannonian region, once covering large areas but today restricted to particular landforms such as loess ridges shaped by fluviatile erosion and deposition. Characteristic species include Astragalus vesicarius, A. austriacus, A. onobrychis, Crambe tataria, Nonea pulla, Salvia nemorosa, Ornithogalum pannonicum, Phlomis tuberosa, Festuca rupicola, Falcaria vulgaris, Peucedanum alsaticum and Achillea pannonica, together with Elymus hispidus and Bromus inermis in the grass layer. The sharp contraction from a once extensive loess steppe to a few surviving ridge remnants reflects long conversion of loess ground to arable land; the surviving stands are correspondingly small and fragmented, and their loess substrate, rather than any single diagnostic species, is what sets them apart from the related steppic and sandy steppe grasslands of the surrounding Pannonian basin."
annex1,6260,"Pannonic sand steppe formed by medium to tall, perennial tuft-forming grasses and suffrutescents with a distinctly patchy ground cover, together with associated communities of spring annuals, on mobile or fixed sand such as alluvial deposits and subfossil dune systems of the Pannonian basin, with similar stands in the West Pontic basin. Recognisable by Festuca vaginata, F. beckeri, Koeleria glauca, Helichrysum arenarium, Gypsophila paniculata, Bassia laniflora and Jurinea cyanoides among the plants, and by a distinctive insect fauna including the steppe bushcricket Gampsocleis glabra, the moth Callimorpha quadripunctaria and several Zygaena species. The climate is strongly continental, with cold winters and hot, droughty summers that keep the sand mobile and the cover open; traditional extensive sheep grazing once maintained the type over a much wider area than it now occupies, most such grazing having since been abandoned."
annex1,6270,"Priority, species-rich dry to mesic grassland of the Fennoscandian lowlands, mainly on siliceous substrates, shaped by long-term continuous grazing or mowing without fertilisation; both traditionally managed and recently abandoned stands belong to the type. Species composition varies with region, soil, moisture and management regime, but the sward is typically rich in Agrostis capillaris, Anthoxanthum odoratum, Festuca ovina, F. rubra, Galium verum, Antennaria dioica, Dianthus deltoides, Gentianella campestris, Gymnadenia conopsea, Lychnis viscaria and Primula veris; several threatened grassland fungi, including Hygrocybe, Geoglossum and Entoloma species, are also characteristic. The absence of fertilisation and the long, uninterrupted management history are what distinguish the type from ordinary improved pasture and hay meadow; once grazing or mowing stops, the fungal flora and the rarer herbs are usually the first to disappear."
annex1,6280,"Priority alvar and flat calcareous rock vegetation of the Nordic region, an exceptionally species-rich system shaped by winter cold: the thin soil layer freezes and lies under snow for much of the year, and repeated freeze-thaw action creates small patches of bare ground colonised by annual pioneers, some of them rare. On flat, weathered rock with only a shallow soil cover, freeze-thaw also builds soil polygons with a characteristic patterned vegetation, and shallow depressions, locally called vätar on Öland and Gotland, fill with water in winter and dry out, wholly or partly, in summer. On Öland a distinct subtype is dominated by Helianthemum oelandicum over a 5 to 30 cm layer of crumbling soil on almost level, extremely slowly draining ground. Recognisable by Sedum acre, S. album, Saxifraga tridactylites, Hornungia petraea, Linum catharticum and Gentianella amarella, with regional endemics such as Artemisia oelandica on Öland and Arenaria gothica on Gotland, and a rich lichen and bryophyte layer including Cetraria nivalis and Tortella tortuosa."
annex1,62A0,"Xeric grassland of the eastern sub-Mediterranean zone around Trieste, Istria and the Balkan peninsula, coexisting with the steppic grassland of the Festucetalia valesiacae (6210) but developing under less continental conditions and carrying a stronger Mediterranean element. Named associations include Carici humilis-Centaureetum rupestris, Chrysopogono-Centaureetum cristatae and Danthonio-Scorzoneretum villosae. Recognisable by Carex humilis, Bromus erectus, Centaurea rupestris, Sesleria juncifolia, Trinia glauca and Festuca rupicola, with regional specialities such as Genista holopetala, Iris cengialti, Gentiana lutea and Arctostaphylos uva-ursi. Stands occupy sharply draining, base-rich soils on valley sides, dolines and sink-holes around the Adriatic seaboard and depend on extensive grazing; where grazing has declined, the type now survives mainly as patches within a mosaic of scrub and forest. The lesser continentality and the greater Mediterranean floristic element are what separate it from the closely related, more continental steppic grassland of the Festucetalia valesiacae."
annex1,62B0,"Sparse, low perennial herb vegetation confined to the ultramafic outcrops of Cyprus, notably the Troodos massif and the Akamas peninsula, where serpentine, dunite, wehrlite and harzburgite weather into thin, metal rich, base rich soils. Stands form small patches of open plant cover on rocky ground and stony slopes rather than continuous swards. Two altitudinal forms are distinguished: a high altitude form above roughly 1700 m with Acinos troodi, Alyssum troodi, Anthemis plutonia and Ranunculus cadmicus var. cypricus, and a lower form around 350 to 450 m on Akamas with Alyssum akamasicum, Centaurea cyprensis and Hyacinthella millingeni. Both harbour a specialised flora with numerous Cyprus endemics tolerant of the high magnesium and heavy metal content and the low calcium supply typical of ultramafic substrates. The type is restricted to Cyprus and has no counterpart elsewhere in the Mediterranean; separation from ordinary Mediterranean base rich scree and rock vegetation rests on the ultramafic substrate and the endemic rich composition, not on physiognomy alone."
annex1,62C0,"Grass steppes of the plains, plateaus and hills of the western Black Sea region, from the lower Danube basin and Transylvania across the Podolian and Central Russian plateaus to the Volga region, Orenburg and Bashkiria. The vegetation is dominated by feather grasses such as Stipa capillata, S. lessingiana and S. pulcherrima together with Festuca valesiaca, Koeleria macrantha and Dichanthium ischaemum, forming dense tussock swards on chernozem type soils under a strongly continental climate. Characteristic companions include Vinca herbacea, Salvia nutans and Iris pumila, and on the driest, stoniest sites Kochia prostrata and Artemisia species. The type covers several alliances, from Festucion valesiacae and Stipion lessingianae of the true steppe to the more local Agropyro-Kochion of saline and stony variants and the Pimpinello-Thymion zygoidi of rocky steppe on the Balkan margin. Nearly all stands are relicts of a once vast steppe belt reduced by ploughing; moderate grazing maintains the sward, abandonment favours tall grasses and scrub."
annex1,62D0,"Alpine and subalpine grasslands of the central Balkan high mountains, including the Balkan Range, Rila, Pirin, the Rhodopes and Osogovo, developed at 1600 to 2900 m over crystalline rocks and other lime deficient or decalcified substrates. The sward is dominated by fescues and related grasses, chiefly Festuca paniculata, F. airoides and F. nigrescens, Bellardiochloa violacea and Calamagrostis arundinacea, with a marked share of Balkan endemics such as Festuca balcanica, F. riloensis, F. valida, Sesleria comosa and Carex bulgarica. Regionally distinct sub types are recognised, from Festuca paniculata and F. valida swards to Sesleria comosa and Agrostis rupestris grasslands, reflecting the mosaic of exposure, snow cover duration and soil depth of these summit landscapes. Notable companions include Gentiana lutea, G. punctata and Primula deorum. As acidophilous alpine grassland of siliceous high mountains it corresponds to the wider circle of temperate alpine Nardus and Festuca communities, set apart by its Balkan endemics and its southerly, sub-Mediterranean climate."
annex1,6310,"Open, park like landscape of the Iberian Peninsula in which crops, pasture or Meso-Mediterranean arborescent matorral alternate in space or in rotation beneath a fairly closed to very open canopy of native evergreen oaks, chiefly Quercus suber, Q. ilex, Q. rotundifolia and Q. coccifera. The oaks are managed by traditional pollarding and cork harvesting, and grazing by livestock keeps the ground layer open; without this combined use the type closes into denser sclerophyllous woodland or scrub. It is an important habitat for large raptors, including the Iberian imperial eagle, for cranes on passage, and for the Iberian lynx. Separation from closed evergreen oak forest rests on the open, wooded pasture structure and the continuing agricultural or pastoral use; separation from pure matorral rests on the presence of the tree canopy."
annex1,6410,"Molinia dominated meadows of the lowland to montane belts on wet, nutrient poor soils, low in nitrogen and phosphorus, that dry out in summer while remaining waterlogged for much of the growing season. Two forms are distinguished by base status: on neutral to calcareous soils with a fluctuating water table the Eu-Molinion carries Molinia caerulea with Dianthus superbus, Selinum carvifolia, Cirsium tuberosum and Serratula tinctoria; on more acid, often peaty ground the Junco-Molinion of the Molinion caeruleae alliance adds Viola persiciflora, Cirsium dissectum, Crepis paludosa and Potentilla erecta. Diagnostic species across both forms include Succisa pratensis, Carex panicea and Sanguisorba officinalis. The type depends on extensive management with a single late season cut; without it, tall herbs and scrub take over within a few years, while the type also arises as a stage in draining raised bogs. Separation from wet eutrophic hay meadows rests on the low nutrient status, from fens on the seasonal drying out of the topsoil."
annex1,6420,"Tall humid grasslands of the Mediterranean basin, extending along the Black Sea coasts, dominated by robust grasses and rushes, chiefly Scirpus holoschoenus, Molinia caerulea and Schoenus nigricans, often on damp ground within dune systems or beside seasonal watercourses. Accompanying species include Juncus maritimus and J. acutus on more saline ground, Cyperus longus, Eupatorium cannabinum and Inula viscosa on fresher soils, and orchids such as Orchis laxiflora and Dactylorhiza elata where the water table stays high into summer. The vegetation belongs to the Molinio-Holoschoenion and occupies depressions that stay moist through a dry Mediterranean summer, contrasting with the surrounding dry grassland and scrub. It grades into dune slack vegetation on sandy coasts and into inland tall humid grassland further from the sea; distinguishing the two rests on the coastal, often calcareous and locally saline setting of the Molinio-Holoschoenion proper."
annex1,6430,"Tall, nitrophilous herb communities forming narrow fringes along watercourses and at woodland edges, in two altitudinal forms. In the plains and colline belt, the Glechometalia hederaceae and Convolvuletalia sepium orders give lush stands of Filipendula ulmaria, Urtica dioica, Epilobium hirsutum, Angelica archangelica, Petasites hybridus and Aegopodium podagraria on moist, nutrient rich soils along rivers and forest margins. In the montane to alpine belt, the Betulo-Adenostyletea class produces tall herb stands with Aconitum species, Geranium sylvaticum, Trollius europaeus, Adenostyles alliariae and Cicerbita alpina, typically sheltered along streams, under scrub or on ledges. Both forms are naturally dynamic fringe vegetation rather than closed communities and often expand where grazing or mowing of adjacent grassland has stopped. Separation from riparian forest rests on the absence of a closed tree canopy, from ordinary tall herb ruderal vegetation on the water linked, semi natural setting."
annex1,6440,"Alluvial meadows of continental to subcontinental river valleys, flooded under a natural regime and belonging to the Cnidion dubii alliance. Characteristic species include Cnidium dubium, Viola persicifolia, Scutellaria hastifolia, Allium angulosum and Juncus atratus, growing on periodically inundated soils of large river floodplains. The type depends on the natural flood pulse of the river and on continued extensive use as hay meadow or pasture; river regulation, drainage and the switch to intensive grassland management remove it. It is distinguished from other wet alluvial grasslands by its Cnidion dubii species combination and its restriction to continental climate conditions, setting it apart from the more oceanic wet meadow types of Atlantic river valleys."
annex1,6450,"Alluvial meadows along large boreal rivers with placid, slow flowing reaches that freeze over every winter and flood in spring with the snowmelt. Characteristic species include Carex acuta, C. aquatilis and C. canescens, Deschampsia cespitosa, Elymus fibrosus and Phalaris arundinacea, together with Trollius europaeus and Galium boreale on somewhat drier ground. The type includes only stands not yet overgrown by trees and shrubs; traditional management as hay meadow has largely ceased, and without grazing or mowing the sward is progressively invaded by Salix triandra and other shrubs. Separation from other wet meadow and tall sedge types rests on the boreal river setting with its annual freeze thaw and spring flood regime, rather than on a distinctive species set of its own."
annex1,6460,"Tall, about one metre high meadows dominated by Calamagrostis epigejos, developed at around 1650 m in seasonally inundated depressions on serpentinised, base rich substrate in the Troodos mountains of Cyprus. The ground floods from October or November until June or July and stays wet and muddy even in summer, supporting a dense, continuous mat of Calamagrostis epigejos and Juncus littoralis. Poa pratensis, Polypogon semiverticillatus and Ornithogalum chionopilum accompany the dominants, alongside island endemics restricted to these high altitude damp places, such as Alyssum cypricum and the endangered Crocus cyprius. The type is confined to Cyprus and has no equivalent elsewhere; its combination of a serpentine substrate with a long seasonal inundation sets it apart from ordinary Mediterranean tall humid grassland, which typically occurs on non ultramafic ground at lower altitudes."
annex1,6510,"Species-rich hay meadows of the lowlands and colline belt on deep, moderately fertile soils, cut once or twice a year and never before the grasses have flowered. The sward is tall and layered, with Arrhenatherum elatius or Alopecurus pratensis over a rich mixture of herbs including Sanguisorba officinalis, Leucanthemum ircutianum, Knautia arvensis, Galium mollugo and Tragopogon pratensis. Stands belong to the Arrhenatherion and, on more acid soils in the west, to the Brachypodio-Centaureion nemoralis. Heavy fertilisation, early or frequent cutting and a shift to silage all remove the herb layer and with it the type; where cutting stops, tall herbs and scrub take over within a few years. Separation from moist hay meadows of floodplains rests on the absence of flood indicators, from montane hay meadows on the absence of Geranium sylvaticum and Trollius europaeus."
annex1,6520,"Species rich, mesophilous hay meadows of the montane to subalpine belt, mostly above 600 m, dominated by Trisetum flavescens on deep, well drained soils under a short, cool growing season. The sward carries a dense mixture of tall herbs, including Heracleum sphondylium, Astrantia major, Crepis mollis, Geranium sylvaticum, Trollius europaeus, Silene dioica, Campanula glomerata and Primula elatior, with regional additions such as Narcissus poeticus or Phyteuma orbiculare. Traditional management combines a single late cut with moderate manuring and, in many regions, aftermath grazing; the type depends on this regime and on the absence of early or frequent cutting. Abandonment leads to tall herb and scrub encroachment, while intensification through heavy fertilising or a shift to silage removes the characteristic herb layer. Separation from lowland hay meadows rests on the montane species set with Trollius europaeus and Geranium sylvaticum, absent from the Arrhenatherion of lower altitudes."
annex1,6530,"Vegetation complex of Fennoscandia combining small copses of deciduous trees and shrubs with patches of open meadow, traditionally kept open by a combination of raking, hay cutting, grazing and the pollarding or lopping of trees. Common tree species are ash, birch, pedunculate oak, small leaved lime, wych elm and grey alder, often old and pollarded, carrying a rich epiphytic flora of mosses and lichens on their bark. The herb layer is species rich, including Briza media, Primula veris, Listera ovata, Orchis mascula and Cypripedium calceolus, and supports many threatened species tied to old pollards in semi open conditions. The type includes both actively managed stands and overgrown ones that retain old pollarded or lopped trees, but not abandoned meadows now being invaded by young trees, which fall outside the type once tree cover closes. Very few stands are still under traditional management today, most surviving as small relict patches."
annex1,6540,"Humid grasslands of the alliance Molinio-Hordeion secalini, occurring along karstic rivers and in karst poljes of the Dinaric Alps, flooded or very wet in winter and spring and drying progressively through summer. The strong seasonal contrast in soil moisture brings hygrophilous species and drier grassland species together in the same stand, with Deschampsia media, Hordeum secalinum, Ranunculus sardous and Trifolium fragiferum alongside Chrysopogon gryllus and Bromus erectus. The type carries several Dinaric endemics, including Edraianthus dalmaticus, Succisella petteri and Chouardia litardierei. Traditionally used as extensive hay meadow and pasture, it occupies a naturally dry Mediterranean landscape as a locally wet exception tied to the karstic hydrology of the poljes. Separation from ordinary Mediterranean dry grassland rests on this seasonal wetness, from other wet meadow types on the Dinaric, karst linked setting and the specific species combination."
annex1,7110,"Acid, ombrotrophic bogs fed solely by rainwater, with a water table generally above that of the surrounding land and a domed peat body sustained by ongoing peat formation. The surface is a mosaic of colourful Sphagnum hummocks, lawns and pools, with Sphagnum magellanicum, S. fuscum and, in the boreal region, S. angustifolium, alongside Andromeda polifolia, Eriophorum vaginatum and Vaccinium oxycoccos on the hummocks and Carex limosa, Rhynchospora alba and Scheuchzeria palustris in the wetter lawns and pools. Active means that a significant part of the surface is still peat forming; a temporary halt after fire or drought does not exclude a bog from the type. The bog fauna includes specialist dragonflies such as Leucorrhinia dubia and Somatochlora arctica and butterflies such as Colias palaeno and Boloria aquilonaris. Drainage, peat cutting and afforestation stop the peat forming process and lead first to the degraded stage of 7120; separation from fen and transition mire vegetation rests on the exclusively rain fed water supply."
annex1,7120,"Raised bogs in which the natural hydrology of the peat body has been disrupted, usually by drainage, drainage related land use or peat cutting, leading to surface desiccation and a shift in species composition. The vegetation still carries most species typical of active raised bog 7110, such as Sphagnum and Eriophorum vaginatum, but their relative abundance has changed and birch, Betula pubescens, often establishes on the drier surface. The defining criterion is capacity for natural regeneration: sites qualify where the hydrology can realistically be restored and where appropriate rehabilitation offers a reasonable prospect of re-establishing peat forming vegetation within about thirty years. Sites dominated by bare peat, by agricultural grasses or crops, or where bog vegetation has been eliminated under a closed birch or pine canopy, no longer qualify. Distinguishing this type from active raised bog rests on the altered species balance and visible surface desiccation, not on the presence or absence of any single species."
annex1,7130,"Extensive bog landscapes on flat or gently sloping ground with poor surface drainage, confined to oceanic climates with very high rainfall, above all western and northern Britain and Ireland, with small outliers on the western seaboard of Scandinavia and in France, Portugal and Spain. Despite some lateral water movement the bogs are mostly ombrotrophic, with Sphagnum species such as S. papillosum, S. compactum, S. rubellum and S. tenellum playing a leading role alongside Calluna vulgaris, Eriophorum vaginatum, Molinia caerulea, Narthecium ossifragum and Trichophorum cespitosum. Two regional forms are recognised: hyperoceanic blanket bog of the western coastlands, locally with mucilaginous algal deposits, and blanket bog of higher ground and hills further inland. The extensive, undulating cover typically includes pools, flushes and terrestrial hummocks in the same complex, and supports breeding waders such as Pluvialis apricaria. Separation from raised bog rests on the sloping, blanket forming topography rather than the domed profile of a true raised bog."
annex1,7140,"Peat forming vegetation of oligotrophic to mesotrophic waters, intermediate between soligenous fens and ombrogenous bogs, comprising plant communities from swaying swards and floating carpets to true quaking mires. Dominants are medium and small sedges such as Carex lasiocarpa, C. diandra, C. rostrata and C. limosa, together with Sphagnum and brown moss carpets, Menyanthes trifoliata, Scheuchzeria palustris and, locally, the rare orchids Hammarbya paludosa and Liparis loeselii. In the boreal region the type also covers minerotrophic fens not part of a larger mire complex and small fens at the transition between open water and mineral soil. The vegetation belongs to the Scheuchzerietalia palustris and Caricetalia fuscae orders and is typically fringed by open water and amphibious communities. It is highly sensitive to drainage and to changes in the water level of the adjoining lake or pond, which shift it towards drier fen vegetation; separation from raised bog rests on its minerotrophic water supply, from open water on the peat forming floating or quaking mat."
annex1,7150,"Pioneer vegetation of open, wet peat and occasionally sand, low growing and often sparse, dominated by Rhynchospora alba and R. fusca together with Drosera intermedia, D. rotundifolia and Lycopodiella inundata. It colonizes bare, waterlogged peat surfaces exposed by erosion, cutting or seepage on blanket bogs and raised bogs, and also occurs naturally in frost or seep eroded patches of wet heaths and bogs and in the fluctuation zone of oligotrophic pools with sandy, slightly peaty ground. The white flowering heads of Rhynchospora alba together with the two sundew species are the surest field marks, since the vegetation stays open and never closes into a continuous sward. Because it depends on continuing surface disturbance, whether from natural frost and seep erosion or from historic peat cutting, it disappears once the surface stabilizes and drier bog vegetation closes in. It stands close to, and often borders, shallow bog hollows and transition mires, from which it is told apart by its pioneer, open character on bare peat rather than an established sward."
annex1,7160,"Cold, oxygen and mineral rich groundwater discharge sites of Fennoscandia, occurring either as true springs with a basin and adjacent outflow or as springfens where water seeps up through accumulated peat. They are fed by deep groundwater that keeps flowing through winter even when the land is frozen and snow covered, across the lowlands and uplands of Scandinavia. Recognition rests on a distinctive flora and a brown moss carpet: Cardamine amara, Chrysosplenium species, Carex paniculata and C. capillaris among the vascular plants, and Bryum pseudotriquetrum, Bryum weigelii, Philonotis species and Calliergon giganteum among the bryophytes; the invertebrate fauna is often highly specific to this cold water regime. The habitat depends entirely on the uninterrupted, unfrozen groundwater supply and is vulnerable to drainage or any lowering of the water table. It is related to, but distinguished from, the wider intermediate fen and soft water spring mire type by its northern, Fennoscandian range and year round flow."
annex1,7210,"Reed-like stands of Cladium mariscus, the great fen sedge, forming beds in the emergent zone of lakes, on fallow ground, or as a succession stage of extensively used wet meadows. The type occupies calcium rich, permanently or seasonally waterlogged ground in contact with Caricion davallianae fen vegetation or with other reed swamp communities of the Phragmition. In the field the tall, sharp edged leaves and dense, uniform growth of Cladium mariscus dominate the stand visually and are unmistakable; associated fen sedges and, on some coastal sites, the halophyte tolerant Kosteletzkya pentacarpos may accompany it. As a priority habitat it typically develops where open water silts up or where the management of wet meadows lapses, and it is lost through drainage, eutrophication, or the abandonment of the light cutting regime that once kept some stands productive without shading them out. It is separated from the calcareous fens of the Caricion davallianae by the dominance of tall Cladium mariscus over the low sedge and brown moss carpet that characterizes those fens."
annex1,7230,"Peat- or tufa-forming small sedge and brown moss mires fed by base rich, calcareous groundwater, with the water table at or close to the surface throughout the year. The type ranges from soligenous or topogenous mires of the European lowlands to alpine flushes, wherever groundwater maintains the base status the type needs. A brown moss carpet of Campylium stellatum, Palustriella commutata and Scorpidium revolvens accompanies small sedges such as Carex davalliana, C. lepidocarpa, C. hostiana and C. panicea, Eleocharis quinqueflora and Schoenus nigricans and S. ferrugineus, with Epipactis palustris, Primula farinosa and several Dactylorhiza orchids. It is among the most severely declined habitats in Europe, through drainage, eutrophication and the loss of light grazing or mowing that once kept competitors down; regionally it grades into Molinion wet grassland, and small stands occur in dune slacks or transition mires. It is separated from the Cladium fen (7210) by its low physiognomy rather than tall reed growth, and from acid poor fens by its calcareous water."
annex1,7240,"Low, open pioneer vegetation of small Carex and Juncus species colonizing gravelly, sandy or stony ground kept permanently cold and wet by meltwater, in moraines, at spring edges and along the margins of glacial torrents in the alpine and subalpine belts. It occupies neutral to slightly acid substrates in the Alps and neighbouring ranges and locally in northern Britain, and depends on a permanent or long lasting soil frost for its existence. Characteristic species include Carex atrofusca, C. bicolor, C. maritima, C. microglochin, Juncus triglumis, J. alpinoarticulatus and Kobresia simpliciuscula, growing as scattered, unstable patches on bare ground rather than as a closed sward. As a priority type it is maintained entirely by constant disturbance from moving icy water and repeated freeze-thaw cycles, which prevent peat accumulation and keep the vegetation permanently pioneer in character. It corresponds to the wider arctic-alpine rich fen vegetation but is narrower in range, restricted to the alpine and peri-Alpine mountains and their soil frost regime."
annex1,7320,"Mire complexes of the northern boreal and orohemiarctic zone in which peat mounds called palsas, containing a permanently or seasonally frozen core, rise two to four metres, exceptionally up to seven metres in Finland and Sweden, above the surrounding minerotrophic mire. The type occurs where the climate is slightly continental and the mean annual temperature stays below minus one degree, chiefly in northern Fennoscandia. The domed palsas themselves, with their sporadic permafrost, stand out clearly from the surrounding wet mire, which carries species such as Eriophorum russeolum, Carex saxatilis, Betula nana and Empetrum nigrum ssp. hermaphroditum together with lichens of the genera Cladonia and Cladina. As a priority type it depends wholly on the persistence of permafrost, and ongoing climate warming causes palsas to collapse and thaw, making it one of the most direct climate signals among the Annex I types. The surrounding non-permafrost mire is not itself part of the type; only the frozen peat mounds and their immediate vegetation belong to it."
annex1,8110,"Sparsely vegetated screes of shifting, coarse siliceous debris extending from the upper montane belt to the permanent snow line. Two related settings belong here: high alpine cryoclastic scree fields of variable grain size in the Alps and neighbouring ranges, and, further north and west, montane screes of western and central Europe, some of them of artificial origin from stone extraction. Alpine stands carry Androsace alpina, Oxyria digyna, Geum reptans, Ranunculus glacialis and Linaria alpina, while the lower, often fern rich stands hold Cryptogramma crispa and Athyrium distentifolium alongside bryophytes and lichens. The vegetation is kept open by continual downslope movement of the scree material; where movement slows, the sparse pioneer cover gives way to closed vegetation. It is separated from calcareous screes of the same altitudinal range (8120) by its siliceous, base poor substrate and correspondingly more acidophilous flora."
annex1,8120,"Screes of calcareous rock, calcshist or marl material extending from the montane to the alpine belt under cold climates, colonized by three related pioneer communities. The type occupies cold, unstable rock debris slopes of the Alps and neighbouring high ranges. The Drabion hoppeanae of calcshist screes carries Draba hoppeana and Saxifraga biflora, the Thlaspion rotundifolii of calcareous screes carries Thlaspi rotundifolium, Hutchinsia alpina and Papaver rhaeticum, and the Petasition paradoxi of marl screes carries Petasites paradoxus and Gypsophila repens. Vegetation cover stays sparse and open as long as the scree remains mobile, closing only once the slope stabilizes and finer soil accumulates. It is distinguished from the lower altitude Medio-European calcareous scree type (8160) by its higher, alpine to subalpine position, and from siliceous scree (8110) by its calcareous substrate and base loving flora."
annex1,8130,"Screes of warm, sun exposed slopes comprising several related sub-types across the Alps, the Pyrenees, the Mediterranean mountains and locally warm sites of central Europe. The type occupies calcareous or siliceous coarse debris on unstabilized, sunny slopes from Mediterranean lowlands to alpine altitudes. Peri-Alpine stands carry Achnatherum calamagrostis and Gymnocarpium robertianum, Provencal screes hold Centranthus ruber and Crucianella latifolia, Pyrenean stands carry Iberis spathulata and Saxifraga praetermissa, and the screes of the Sierra Nevada are rich in local endemics. As with other scree types, the vegetation depends on continued substrate mobility from rockfall and frost action; once the slope stabilizes, scrub and woodland encroach. It is explicitly distinguished in the interpretation manual from the priority Medio-European calcareous scree (8160), the two occupying related but distinct geographic and climatic ranges that are easily confused in the field."
annex1,8140,"Limestone and serpentine screes of the Balkan peninsula and the larger eastern Mediterranean islands, carrying vegetation of the Drypidetalia spinosae. The limestone sub-type occupies higher Greek mountains such as Pindus, Olympus, Parnassus and Taygetos, a rarer serpentine form is restricted to outcrops of the Pindus, and the Illyrian screes occupy the alpine to montane belts of the Dinaric, Pelagonian and Moesian ranges together with coastal Croatia and Montenegro. Drypis spinosa and Aethionema saxatile mark the Greek limestone screes, Campanula hawkinsoniana and Silene haussknechtii the serpentine form, and Peltaria alliacea the Illyrian screes. As with other scree types, openness of the vegetation depends on continuing substrate movement from rockfall and frost action. The serpentine sub-type is floristically distinct and far more restricted than the surrounding limestone scree, and the whole type is separated from the Alpine calcareous scree types by its Balkan and eastern Mediterranean range."
annex1,8150,"Siliceous screes of the hills of western and central Europe, often impoverished derivatives of alpine scree vegetation and frequently originating from quarrying. The type occupies upland siliceous slopes below the true montane belt. Epilobium collinum, Galeopsis segetum, Senecio viscosus and Anarrhinum bellidifolium accompany a moss and lichen rich cover, with Cryptogramma crispa establishing where fern growth is possible. Many stands are of secondary, quarry origin, and the vegetation stays thin and open as long as the surface remains mobile. It is separated from the higher altitude siliceous scree of the montane to snow levels (8110) by its lower, hill country position and its floristically poorer, often more artificial character."
annex1,8160,"Calcareous or marly screes of the hill and montane belt, locally extending into the subalpine and alpine, often on dry, warm sites, with vegetation of the Stipetalia calamagrostis. The type occupies the hill and mountain country of central Europe. Achnatherum calamagrostis, Gymnocarpium robertianum, Galeopsis angustifolia, Petasites paradoxus and Rumex scutatus typify the open scree cover. As a priority type it is kept open by continued rockfall and downslope creep; once the scree stabilizes, shrubs and eventually forest colonize it. The interpretation manual explicitly separates this priority type from the non-priority Western Mediterranean and thermophilous scree (8130), the two occupying related but geographically and climatically distinct ranges."
annex1,8210,"Vegetation rooted in the fissures of limestone cliffs, ranging from the Mediterranean basin through the Euro-Siberian region to alpine altitudes and belonging chiefly to the Potentilletalia caulescentis and Asplenietalia glandulosi. It occupies vertical or steeply inclined calcareous rock faces at all altitudes; two broad levels are distinguished, a thermo- and meso-Mediterranean form with Campanula versicolor and C. rupestris, and a montane to oro-Mediterranean form that includes the Balkan endemic genus Ramonda. Ferns and hemicryptophytes rooted in the crevices, such as Asplenium species, Cystopteris fragilis and Draba aizoides in shaded and xerophilous variants respectively, give the type great regional diversity through many locally endemic species. The habitat is stable and slowly changing, governed by rock chemistry and exposure rather than management, and little threatened except by quarrying or climbing pressure. It is separated from siliceous chasmophytic vegetation (8220) purely by the calcareous rock chemistry and calcicole flora."
annex1,8220,"Vegetation of the fissures of siliceous inland cliffs, differentiated into numerous regional sub-types across Europe. The type occupies siliceous rock faces from the Pyrenees and Alps through the Hercynian massifs to the Iberian mountain ranges. High alpine stands carry Androsace vandellii, Saxifraga retusa and Eritrichium nanum, Hercynian serpentine cliffs their own specialists such as Asplenium cuneifolium and A. adulterinum, and lowland oceanic stands Asplenium septentrionale and A. billotii. The habitat is as stable as its calcareous counterpart, governed by rock chemistry, exposure and slow weathering rather than by management. It is distinguished from calcareous chasmophytic vegetation (8210) by the siliceous, often serpentine substrate and its distinct, more acidophilous or serpentine tolerant flora; serpentine stands in particular carry a highly specific set of Asplenium species not found on ordinary silicate rock."
annex1,8230,"Open pioneer vegetation of shallow soils on siliceous rock surfaces, dominated by succulent Crassulaceae, mosses and lichens under drought stress. The type occupies rock outcrops and thin, skeletal soils on silicate bedrock, generally at low to moderate altitude. The Sedo-Scleranthion carries Sempervivum species, Sedum annuum and Silene rupestris, the Sedo albi-Veronicion dillenii carries Veronica dillenii, V. verna and Gagea species, and both alliances share Sedum acre, S. album and Scleranthus perennis alongside the mosses Polytrichum piliferum and Ceratodon purpureus. It is an inherently open, drought limited pioneer community that persists as long as the soil stays too thin and dry for closed grassland to establish. It grades into the broader, more general EUNIS category of cryptogam and annual dominated vegetation on siliceous rock outcrops, of which it forms only the Sedo-Scleranthion and Sedo albi-Veronicion component."
annex1,8240,"Karst landscapes of regular limestone blocks, the clints, separated by a network of vertical fissures, the grykes, with the rock surface largely bare of overlying soil. The type occupies glacially eroded and weathered limestone terraces, notably in Britain and Ireland and, in a more continental form with larger blocks and smaller cracks, in Sweden. The fissures hold a cool, humid microclimate with shade tolerant species such as Geranium robertianum and Ceterach officinarum, thin soil pockets carry Mesobromion grassland, and Dryas octopetala survives as prostrate growth under grazing and wind exposure; Irish stands additionally carry Gentiana verna and, in the Burren, the orchid Neotinea maculata. As a priority type it is maintained as a fine scale mosaic by grazing, which keeps woody encroachment in check; abandonment allows scrub such as Corylo-Fraxinetum to spread and soil to accumulate. Its mosaic character means the pavement grades locally into calcareous grassland, scrub and woodland, from which it is set apart by the dominant bare rock and fissure structure."
annex1,8310,"Underground cavities not accessible to visitors, including their water bodies and streams, that host specialized or highly endemic species or are important for the conservation of Annex II species such as bats and amphibians. The type occurs wherever karst regions across Europe have developed cave systems. Vegetation is limited to mosses such as Schistostega pennata and algal carpets near the entrance; the diagnostic value lies chiefly in the fauna, a highly endemic assemblage of cave dwelling invertebrates, notably beetles of the Bathysciinae and Trechinae, and, in cave waters, crustaceans including Isopoda, Amphipoda and Copepoda, together with rare amphibians such as Proteus anguinus and Speleomantes species; caves also serve as hibernation sites for most European bat species. The type is defined by the constancy of the underground environment rather than by successional change, and disturbance from visitors threatens the specialized fauna. It is restricted to caves closed to public access, since visited caves face different pressures."
annex1,8320,"Sparsely vegetated to entirely bare surfaces on the products of recent volcanic activity: lava flows, ash and lapilli fields, fumarole vents and the hollow basaltic tubes left by cooling lava. Known from the active volcanoes of Tenerife, La Palma and Etna. Cover ranges from absent to extremely open; lichens such as Stereocaulon vesubianum and a few vascular pioneers are the first colonisers of bare rock. Above roughly 3000 metres on Teide a distinct summit community of Viola cheiranthifolia with Silene nocteolens and Argyranthemum teneriffae occupies the youngest ash; a separate assemblage occupies the Etna summit. The lava tube of La Corona on Lanzarote shelters a lightless fauna unrelated to surface vegetation, with the endemic decapod Munidopsis polymorpha and several Speleonectes crustaceans. Fumaroles carry their own sparse, heat adapted communities. The type is defined by substrate age, not by a characteristic plant cover; once soil has formed, closed vegetation and the summital hedgehog heaths of the Canaries belong to separate, later successional types."
annex1,8340,"Permanent ice bodies of the high mountains and the far north: true glaciers fed by compacted snow and flowing slowly downslope under gravity, and rock glaciers where ice is mixed with coarse debris. Forms range from unconstrained ice caps and ice sheets in arctic settings to topography bound cirque, valley and piedmont glaciers in the great mountain ranges, down to small, short lived glacierets fed by avalanche snow or ice deposition in cold karst dolines. Vegetation is absent by definition; the type is delimited by permanence of ice rather than by any biota. Persistent snow patches that do not flow belong to the separate snow pack type, and once a glacier has retreated its bare moraine is a distinct, ice free type until revegetation begins. Distinguishing a true glacier from a rock glacier in the field rests on the proportion of visible ice to surface debris cover."
annex1,9010,"Natural old growth forests of the boreal zone, dominated according to site by Pinus sylvestris, Picea abies or a mixture of both with birch, and the young stands that develop naturally after fire. Old stands carry a large volume of dead wood, a wide range of tree ages and a stable understorey microclimate, features that intensive forestry has removed almost everywhere in Fennoscandia; today they survive mainly in eastern and northern Finland and northern Sweden. Field and ground layers are dominated by Vaccinium myrtillus, V. vitis-idaea and Empetrum nigrum over the mosses Pleurozium schreberi and Hylocomium splendens and Cladonia lichens. Deadwood specialists give the type away: the lichen Lobaria pulmonaria, polypore fungi such as Fomitopsis populicola, the beetle Tragosoma depsarium and birds like the three toed woodpecker Picoides tridactylus and the Siberian jay Perisoreus infaustus. Fire suppression and forestry have made old growth stands and their post fire successions extremely rare, so present day fragments are refuges for red listed species rather than a representative sample of former boreal forest."
annex1,9020,"Old, natural hemiboreal broad leaved forests forming the transition between the western taiga and the nemoral forests of Fennoscandia, dominated by Quercus robur, Ulmus glabra, Fraxinus excelsior, Tilia cordata or Acer platanoides. Stands carry a long continuity of woodland cover and a large volume of dead wood, conditions that support an exceptionally rich flora of epiphytic lichens and bryophytes: Lobaria pulmonaria, the moss Antitrichia curtipendula, Homalia trichomanoides and Orthotrichum and Porella species on trunks and branches. Many stands were formerly grazed or mown, which kept the canopy open without removing the broad leaved character. In the field the type is told from ordinary hemiboreal mixed forest by this epiphyte load and by the long absence of clear felling, since the epiphytes need decades to centuries to build up. The wider EUNIS Carpinus and Quercus mesic deciduous forest covers much more ground than this narrowly defined, epiphyte rich Fennoscandian type."
annex1,9030,"Natural woodland forming on the land upheaval coasts of the Baltic Sea, where the retreating shoreline continually exposes new ground for primary succession. Soil horizons are poorly developed, in contrast to the podsols otherwise typical of boreal forest, and the vegetation runs a full successional sequence from shore grassland through pioneer thickets to climax forest or, on wetter ground, through willow swamp and forest swamp to mire. The youngest stands nearest the sea are herb rich deciduous thickets and swamps dominated by alder and birch with abundant willows in the shrub layer and a grassy field layer; further inland, as marine influence fades and soils grow poorer, pine and often spruce take over the canopy with dwarf shrubs beneath and mosses or lichens on the ground. Because every stand is a snapshot of an ongoing succession rather than a stable endpoint, delimitation in the field rests on position relative to the retreating shoreline and on stage of succession, not on a single characteristic tree layer."
annex1,9040,"Mountain birch forests of the Scandinavian subalpine belt and of isolated northern Fennoscandian fells and subarctic uplands, dominated by Betula pubescens ssp. czerepanovii, often as the sole tree species at the transition to open tundra. Two ecological poles are recognised: poor types on nutrient weak ground, with a field layer of Empetrum hermaphroditum, Vaccinium myrtillus and lichens of the genus Cladonia over mosses such as Pleurozium schreberi and Hylocomium splendens, and rich types on more fertile, often base influenced soils, with tall herbs including Geranium sylvaticum, Trollius europaeus, Cicerbita alpina and Aconitum lycoctonum. The type occupies the belt directly below the treeless fell tops and directly above the boreal conifer forest, so its upper and lower limits, not a single indicator species, are what separate it from alpine heath above and taiga birch or pine forest below."
annex1,9050,"Herb rich spruce forests of Fennoscandia, developed on brown forest soils with mull humus in low lying ground, ravines and slopes with fine sediment and a favourable water regime. Succession leads towards dominance of Picea abies, though broad leaved trees often remain a significant admixture. The type is distinctly layered, with an uneven bryophyte carpet, a field layer dominated by tall herbs and ferns, and well developed shrub and tree layers; dry, mesic and moist grass herb forest are the main variants, the composition shifting considerably between northern, southern and western Fennoscandia. Diagnostic herbs include Actaea spicata, Paris quadrifolia, Matteuccia struthiopteris and the orchids Cypripedium calceolus and Calypso bulbosa; where groundwater runs close to the surface, a wet forest flora with Epipogium aphyllum can appear. The herb rich, fern dominated field layer is what separates this type in the field from the dwarf shrub and lichen dominated dark taiga."
annex1,9060,"Coniferous forest growing on, or immediately adjoining, glaciofluvial eskers, the sorted gravel and sand ridges left by meltwater beneath retreating ice sheets, which can rise more than twenty metres above the surrounding land. Pinus sylvestris typically holds the exposed ridge crest, Picea abies the slopes, with some admixture of broad leaved trees. Aspect and slope steepness govern a microclimate that varies far more sharply than on the flat forest around, so sun exposed slopes carry a comparatively species rich flora with numerous legumes and even a few eastern steppe elements, among them Astragalus alpinus, Oxytropis campestris, Anthyllis vulneraria subsp. fennica and the pasque flowers Pulsatilla patens and P. vernalis, alongside Dianthus arenarius. In the field the esker landform itself, not the tree canopy, is the identifying feature, since the same Pinus sylvestris stands on flat ground belong to ordinary temperate or light taiga pine forest."
annex1,9070,"Open landscape mosaic of scattered trees or small copses over grassland, kept in this state by a long continuity of grazing rather than by any single soil condition. The tree layer is either broad leaved, most often Quercus robur, Fraxinus excelsior, Tilia cordata, Betula species or Alnus incana, or coniferous with Picea abies or Pinus sylvestris; in Sweden old, large, veteran oaks are a particular feature, their bark and dead or decaying wood carrying a rich assemblage of threatened lichens, fungi and invertebrates. In Finland the type also includes deciduous forest that developed after historical slash and burn cultivation. Regional variation is considerable, from birch, pine or alder dominated pastures in the boreal zone to oak, ash and hazel dominated forms in the hemiboreal south. Herb layer indicators such as Antennaria dioica, Campanula persicifolia and Succisa pratensis point to the sustained grazing that the type depends on; without it, closed forest replaces the pasture mosaic within a few decades."
annex1,9080,"Deciduous swamp forest under permanent influence of surface water, usually flooded every year, wet or moist and with some peat formation, though the peat layer stays thin. Fraxinus excelsior in the hemiboreal zone and Alnus glutinosa, reaching the middle boreal zone, are the characteristic trees, joined by Alnus incana, Betula pubescens and willows. A mosaic of small hummocks around the tree bases set against dominant flooded surfaces is typical of the structure. The type is most frequent in the southwestern Finnish archipelago and other Finnish coastal areas, rare inland in Finland but common throughout Sweden. Diagnostic herbs of the flooded ground include Carex elongata, C. diandra, Calla palustris, Thelypteris palustris and Lysimachia thyrsiflora over mosses such as Calliergon cordifolium. In the field the permanently wet, hummocky ground and the alder or ash canopy separate the type from drier broad leaved forest and from open fen without tree cover."
annex1,9110,"Acidophilous beech forest of the medio-European lowlands and hills, dominated by Fagus sylvatica alone at lower altitude and, in the higher mountains, joined by Abies alba or by both Abies alba and Picea abies. Soils are acid, and the field layer reflects it: Luzula luzuloides, Deschampsia flexuosa, Calamagrostis villosa, Vaccinium myrtillus and Pteridium aquilinum over the moss Polytrichum formosum, a sparse and low diversity layer compared with the beech forests on richer soil. Two altitudinal forms are distinguished, a collinar form of the lesser Hercynian ranges and the Alpine periphery often mixed with Quercus petraea, and a montane to high montane form of the greater Hercynian ranges, the Alps and the Carpathians. Delimitation from the neutrophilous beech forests of 9130 and 9140 rests on this acid, species poor field layer; where fir or spruce becomes co-dominant in the higher stands, the boundary to montane conifer forest is drawn by canopy composition rather than by the herb layer, which changes little."
annex1,9120,"Acidophilous beech forest of the Atlantic lowlands to montane belt, distinguished from other acid beech forest by Ilex aquifolium and, in the most oceanic areas, also Taxus baccata in the shrub layer. Soils are acid brown earths, leaching or tending towards podsol, with moder to dysmoder humus, under a humid Atlantic climate. Three varieties are recognised: subatlantic beech oak forest of the plains and hills with Ilex aquifolium; hyperatlantic beech oak forest of the same belt with both Ilex and Taxus and an epiphyte rich canopy; and montane pure beech or acidophilous beech fir forest with Ilex confined to the field layer. Companion species include Ruscus aculeatus, Deschampsia flexuosa, Vaccinium myrtillus, Teucrium scorodonia and Holcus mollis. In the field the presence of Ilex, and locally Taxus, in the understorey is what separates this type from the otherwise similar Luzulo-Fagetum of 9110, which lacks both."
annex1,9130,"Beech forest of neutral to near neutral soils with mild mull humus, spanning the medio-European and Atlantic domains of western and central Europe, dominated by Fagus sylvatica alone or, in the higher mountains, together with Abies alba or Picea abies. The herb layer is markedly richer and denser than in the acid beech forests of 9110 and 9120, with a strong presence of Anemone nemorosa, Lamium galeobdolon, Galium odoratum, Melica uniflora and, in the mountains, Dentaria species. Regional forms include a collinar type of the Hercynian arc and its surroundings, an Atlantic type with Hyacinthoides non-scripta in southern England and adjoining France, a montane type of the Jura, the Alps and the western Carpathians, a lime rich Bohemian form, and a Pannonic form on the plain's western margin. In the field, the abundant spring geophytes and the mull rather than moder humus separate this type from the acid beech forests, while a montane conifer admixture marks the transition towards 9140 and 9150."
annex1,9140,"Beech woodland near the upper tree limit in low mountains with oceanic climate in western Europe and the central and northern parts of central Europe, formed of low, low branching Fagus sylvatica with a strong admixture of Acer pseudoplatanus. The herb layer resembles that of the neutrophilous beech forests of 9130 or, locally, the acidophilous forests of 9110, but is enriched with elements of the adjoining open subalpine grassland, including Rumex arifolius. Stands are naturally stunted and open canopied because of exposure and a short growing season rather than through any land use. In the field the position at the tree limit, the low, crooked growth form and the abundance of sycamore are what separate this type from the closed, tall beech forest of the montane belt below it, and from treeless subalpine grassland immediately above."
annex1,9150,"Xerothermophilous beech forest on calcareous, often shallow soils of steep slopes in the medio-European and Atlantic domains of western and central Europe. Ligustrum vulgare and Berberis vulgaris typically enrich the shrub layer, and Buxus sempervirens can locally dominate it, while the herb layer carries sedges (Carex digitata, C. flacca, C. montana, C. alba), the grasses Sesleria albicans and Brachypodium pinnatum, and orchids of the genus Cephalanthera together with Neottia nidus-avis, Epipactis leptochila and E. microphylla, elements that spill over from the adjoining thermophilous oak woodland. A dry slope form on reduced water availability is the main expression in central Europe; a related xerophile beech form occurs on superficially dry limestone in the Cordillera Cantabrica of northwestern Iberia. In the field this rich, orchid and sedge dominated undergrowth on shallow rendzina like soil separates the type from the herb poor beech forest on deep neutral soil."
annex1,9160,"Oak or oak hornbeam forest of hydromorphic soils or ground with a permanently high water table, occupying valley bottoms, depressions and the fringes of riparian forest on silty, clayey colluvium or on weathered material rich in bases. Quercus robur dominates alone or with Quercus petraea, and mixed stands add Carpinus betulus and Tilia cordata, over a field layer of Stellaria holostea, Carex brizoides, Poa chaixii and Potentilla sterilis. Hyacinthoides non-scripta, characteristic of the Atlantic oak hornbeam forests further west, is absent or only rare here. Distribution runs through the sub-Atlantic and medio-European part of the Carpinion betuli range. In the field, the wet or seasonally waterlogged ground and the near absence of bluebell separate this type from the drier, better drained oak hornbeam forest of 9170 and from true alluvial forest closer to open water."
annex1,9170,"Oak hornbeam forest of the subcontinental climate zone within the range of Fagus sylvatica, dominated by Quercus petraea with Carpinus betulus, together with related lime oak forest further east, beyond the beech range, under a fully continental climate. Companion species in the western form include Sorbus torminalis, S. domestica, Acer campestre, Ligustrum vulgare and Convallaria majalis over sedges such as Carex montana and C. umbrosa; the eastern form adds Tilia cordata and Acer platanoides to the oak hornbeam canopy. Both forms occupy better drained, drier ground than the hydromorphic oak hornbeam forest of 9160, and lack the mull rich, spring geophyte dominated herb layer of the neutrophilous beech forests of 9130. In the field, the combination of Quercus petraea and Carpinus betulus on freely draining, subcontinental to continental sites is what separates this type from both."
annex1,9180,"Mixed forests of secondary tree species, Acer pseudoplatanus, Fraxinus excelsior, Ulmus glabra and Tilia cordata, on coarse scree, steep rocky slopes and colluvial deposits, mainly on calcareous but also siliceous substrates. Two sub-alliances are distinguished: the cool, humid Lunario-Acerenion, dominated by Acer pseudoplatanus, and the drier, warmer Tilio-Acerenion of screes, dominated by Tilia cordata and T. platyphyllos. Sites are steep and unstable, with constant substrate movement that keeps competition from beech and other zonal trees low. The herb layer carries Lunaria rediviva, Mercurialis perennis, Actaea spicata and Asplenium scolopendrium, with Lamium galeobdolon and Galium odoratum on more stable ground. The type occupies small, topographically fixed patches and changes little over time; threats come from quarrying and slope stabilisation rather than succession. It is separated from oak-hornbeam forests of the Carpinion by its restriction to scree and steep rocky terrain, not level ground."
annex1,9190,"Old, structurally simple oak woods dominated by Quercus robur, often with Betula pendula and B. pubescens and sparse Sorbus aucuparia and Populus tremula, on very nutrient-poor, sandy or morainic soils, podsolized or locally waterlogged, of the North European and Baltic lowland plains. The shrub layer is poorly developed, with Frangula alnus its main component; the ground layer is formed by Deschampsia flexuosa and other acid-soil grasses, sometimes Molinia caerulea, often overgrown by bracken. Stands correspond to Querco-Betuletum, Molino-Quercetum and Trientalo-Quercetum roboris in the north, and to Peucedano-Quercetum roboris further south on podzols with Quercus pyrenaica or hybrid oaks. Extreme nutrient poverty, not management, keeps these woods open and slow-growing; drainage and conifer plantation are the main threats. It is distinguished from richer oak-hornbeam and beech-oak woods by its acid, sandy substrate and poor ground flora."
annex1,91A0,"Acidophilous woods of Quercus petraea with low, often multi-stemmed trees and a rich cover of ferns, mosses, lichens and evergreen shrubs, restricted to the British Isles. Two regional forms are recognised: the Irish sessile oak woods, especially rich in evergreen shrubs including Arbutus unedo, and the British sessile oak woods of western Britain, mainly Scotland, Wales, and northern and south-western England. Stands grow on acid, base-poor soils under the oceanic climate of the Atlantic seaboard, whose high, constant humidity favours an exceptionally dense bryophyte and fern layer. Ilex aquifolium and Blechnum spicant give the type its name, joined by Polytrichastrum formosum and Lonicera periclymenum. Grazing and coppicing have shaped most stands; excessive grazing pressure stops regeneration and thins the canopy. The type is set apart from continental acidophilous oak woods by its oceanic fern richness and from birch woods by the persistence of Quercus petraea as the main tree."
annex1,91AA,"Thermophilous woods dominated by white oaks, Quercus pubescens and Q. virgiliana, forming azonal, submediterranean enclaves within the subcontinental zone of Quercion frainetto and Carpinion illyricum forests in south-eastern Europe. Two regional forms are distinguished: the Thracian white oak-oriental hornbeam woods of the Black Sea plains, the northern Thracian plain of Bulgaria and the Maritsa and Tundzha hills, and the Moesian white oak woods of the southern Dinarides, the Balkan Range and adjoining south-eastern Romania. Stands occupy warm, sheltered sites acting as thermal refugia within a cooler regional climate. The oaks are accompanied by Carpinus orientalis, Fraxinus ornus, Acer campestre or Tilia tomentosa, with submediterranean herbs such as Galium dasypodium and Paeonia peregrina. The type marks the northernmost extension of submediterranean white oak vegetation; clearing for pasture or arable use removes it outright, and it is separated from the surrounding, more mesic zonal forests by its thermophilous species set."
annex1,91B0,"Thermophilous woods dominated by Fraxinus angustifolia, sometimes mixed with Quercus pubescens or Q. pyrenaica, occupying dry, non-alluvial and non-ravine sites, unlike the riverine ash woods with which the species is more usually associated. Two regional forms are known: the Sicilian narrow-leaved ash woods of western Sicily and the Iberian narrow-leaved ash woods of the Iberian peninsula. Stands grow on warm, often shallow soils away from watercourses, under submediterranean to mediterranean climate, so the ash trees draw water from groundwater rather than surface flooding. The type shares its thermophilous character with the submediterranean oak woods of the region but is set apart by the dominance of Fraxinus angustifolia. It is distinguished from the alluvial forests of 91F0 and the riparian ash-alder woods of 91E0 by its non-flooded position; grazing and clearing threaten the small, scattered remaining stands."
annex1,91BA,"Forests of Abies alba, often mixed with Fagus sylvatica, Picea abies, Pinus sylvestris or Pinus nigra, forming a narrow belt on the northern slopes of the Rhodope, Balkan Range and Meso-Macedonian mountains, between the beech and coniferous zones. Stands grow on acidic, well-drained but moisture-rich soils. The field layer is heathy to herb-rich, with Prenanthes purpurea, Oxalis acetosella, Athyrium filix-femina and Galium odoratum, and Lonicera nigra and Polygonatum verticillatum in the fringe. Four regional forms are recognised, from the Rhodope and western Rhodope fir forests through the Moeso-Macedonian to the Balkan Range fir forests. The type occupies a thin transitional band, sensitive to any shift of the beech-conifer boundary through logging or climate change. It is separated from wider temperate mountain Abies forests by its restricted south-eastern range and from pure spruce forests by the dominance of Abies alba."
annex1,91C0,"Relict, native pine forests of Pinus sylvestris var. scotica, endemic to the central and north-eastern Grampians and the northern and western Highlands of Scotland, with associated birch and juniper woods of northern character in the same area. Stands are mostly open, on acid, well-drained soils, with a ground layer rich in ericaceous dwarf shrubs and bryophytes, notably Hylocomium splendens and Pleurozium schreberi. Besides pine, the canopy includes Betula pubescens, B. pendula, Juniperus communis and Ilex aquifolium. Characteristic, often locally rare plants include Goodyera repens, Listera cordata, Linnaea borealis, Trientalis europaea and Moneses uniflora alongside abundant Deschampsia flexuosa. The forests are remnants of a once far larger native pinewood cover, reduced by historic felling and grazing that still suppresses regeneration. They are distinguished from planted stands by the endemic variety scotica and from other temperate Scots pine forests by their restriction to the Scottish Highlands."
annex1,91CA,"Forests dominated by Pinus sylvestris on the southern slopes of the Rhodope, Rila, Pirin and Ossogovo mountains and the Balkan Range, extending to mountains of north-central and north-eastern Greece, on dry siliceous and calcareous soils. Stands are usually monodominant, occasionally with Pinus nigra subsp. pallasiana, Picea abies, Fagus sylvatica or Betula pendula. The shrub layer carries Juniperus communis, Vaccinium vitis-idaea and V. myrtillus; the herb layer is formed by Calamagrostis arundinacea, Brachypodium pinnatum, Sesleria latifolia and Pteridium aquilinum. Two regional forms are distinguished, the Rhodopide and the Balkan Range Scots pine forests. The type occupies dry, often steep and rocky montane sites where broadleaved trees cannot compete; wildfire and grazing have long shaped the open stand structure. It is separated from more western temperate Scots pine forests by its south-eastern, montane range and from black pine stands by the dominance of Pinus sylvestris."
annex1,91D0,"Coniferous and broadleaved forests on permanently wet, nutrient-poor peat, with the water table always at or above ground level, so the substrate is more acidic and oligotrophic than an ordinary wet forest. Four regional forms are distinguished: birch bog woods with Betula pubescens, Scots pine mire woods, mountain pine bog woods with Pinus mugo, and mire spruce woods with Picea abies, the last also as minerotrophic strips along mire margins in the boreal region. The ground layer is built from Sphagnum species with Vaccinium oxycoccos, V. uliginosum, Eriophorum vaginatum and Carex rostrata; Frangula alnus and Molinia caerulea are frequent companions. The type depends entirely on an intact, stable water table; drainage for forestry closes the canopy and the peat vegetation disappears within decades. It is separated from open bogs and fens by the tree canopy, and from ordinary wet forests on mineral soil by its acid, Sphagnum-dominated peat substrate."
annex1,91E0,"Riparian forests on heavy, alluvial soils that are flooded by the annual rise of the watercourse and well aerated at low water. Three forms are distinguished: ash and black alder along lowland and hill streams (Alno-Padion), grey alder along montane and submontane rivers of the Alps and northern Apennines (Alnion incanae), and gallery forests of tall Salix alba, S. fragilis and Populus nigra along the larger lowland rivers (Salicion albae). The herb layer is characteristically tall and lush, with Filipendula ulmaria, Urtica dioica, Carex spp., Angelica sylvestris and spring geophytes; nitrogen indicators reflect the regular sediment input rather than degradation. The type is tied to intact flooding dynamics: after damming or channel incision the stand persists for decades while its herb layer shifts towards that of a non-riparian forest, which is the usual reason for doubtful assignments in the field."
annex1,91F0,"Hardwood floodplain forests of the outer, less frequently inundated parts of large river valleys and of depressions flooded mainly through a rising water table rather than direct overbank flow, developing on alluvial soils that may dry out between floods or stay moist. Depending on the local hydrology, the canopy is dominated by Quercus robur, Ulmus laevis and U. minor, or by Fraxinus excelsior or F. angustifolia, with Populus nigra and Alnus glutinosa as companions. The understorey is well developed, with Prunus padus, Humulus lupulus, Vitis vinifera subsp. sylvestris and Hedera helix, and a spring aspect of Corydalis solida and Gagea lutea. Stands depend on a less extreme flooding regime than the softwood forests they replace further from the channel; river regulation lets mesophilous trees invade. It is separated from softwood gallery forests of Salicion albae by higher, less flooded ground and from non-riparian oak-hornbeam forests by its liana-rich understorey."
annex1,91G0,"Forests of Quercus petraea and Carpinus betulus on calcareous and siliceous substrates across the plains and low hills of south-eastern central Europe, with a shrub and herb layer dominated by subcontinental and submediterranean species. Stands occur in shaded, humid valleys and slopes with deep soils, but also on hilltops with shallow, oligotrophic ground. The herb layer includes Carex pilosa, Euphorbia amygdaloides, Dentaria bulbifera and Viola mirabilis, with Galanthus nivalis among the spring geophytes on richer soils, corresponding to Primulo veris-Carpinetum and Fraxino pannonici-Carpinetum. The type occupies a transitional position between central European oak-hornbeam forests and the Pannonian oak woods further south, reflecting the more continental, warmer regional climate; coppicing has shaped many stands. It is distinguished from wider central European Carpinion forests by its subcontinental herb layer, and from pure Pannonian oak woods by the co-dominance of Carpinus betulus."
annex1,91H0,"Xerophilous oak woods dominated by Quercus pubescens, occupying the periphery and hills of the Pannonian plain on extremely dry, south-facing, shallow calcareous soils. Because of these harsh conditions the woods are often fragmentary, low-growing and locally reduced to scrub. The herb layer is species-rich and shares xerothermic species with the bordering dry grasslands, including Campanula bononiensis, Potentilla alba, Orchis purpurea and Dictamnus albus, with Cornus mas and Fraxinus ornus in the shrub layer; on better sites Tilia platyphyllos and Fraxinus excelsior can locally dominate. The type depends on the persistence of shallow, drought-prone calcareous ground; deeper soils allow taller, more mesic oak forest to develop instead. It is distinguished from wider submediterranean thermophilous oak woods by its restriction to the Pannonian basin, and from adjoining dry grasslands by its tree canopy."
annex1,91I0,"Xerothermophilous oak woods of the plains of south-eastern Europe, developed on loess over chernozem soils under a strongly continental climate with a wide annual temperature range. The canopy is formed by Quercus robur, Q. cerris, Q. pedunculiflora and Q. pubescens, with Acer campestre, A. tataricum and Sorbus torminalis, corresponding to the Aceri tatarici-Quercion. The herb layer is notably rich in continental steppic elements and geophytes, including Tulipa biebersteiniana, Vincetoxicum hirundinaria and Buglossoides purpurocaerulea. The type marks the transition between closed deciduous forest and open steppe vegetation and is sensitive to grazing pressure and to ploughing of the chernozem soils it depends on, both of which have reduced it to scattered remnants. It is separated from the moister Pannonic and Illyrian oak-hornbeam forests by its steppic herb layer and loess substrate, and from open steppe by its tree canopy."
annex1,91J0,"Woods overwhelmingly dominated by Taxus baccata, with Sorbus aria or a dense Mercurialis perennis ground layer, occupying dry valleys and scarps on chalk in south-east England, with very local outliers on the Durham magnesian limestone, around Morecambe Bay, and in the forest of Muckross near Killarney in Ireland. Stands grow on shallow, base-rich soils under a dense, evergreen canopy admitting little light, so Ilex aquifolium, Buxus sempervirens and shade-tolerant Mercurialis perennis are the main associates rather than a diverse field layer. The type often represents an arrested stage of succession or a senescent survival, since yew seedlings struggle under the deep shade of mature trees. It is distinguished from beech and oak-hornbeam woods with scattered yew by the overwhelming dominance of Taxus baccata, and its British distribution sets it apart from Mediterranean yew woods of the same alliance."
annex1,91K0,"Beech forests of the Dinaric mountains and associated ranges and hills, with outliers reaching the south-eastern Alps, the south-western Carpathians and the mid-Pannonian hills, where they meet the medio-European beech forests of types 9130, 9140 and 9150. Fagus sylvatica, locally F. moesiaca, dominates the canopy, often with Abies alba, Ostrya carpinifolia, Quercus cerris and Tilia tomentosa. Species diversity is distinctly higher than in central European beech woods; the herb layer carries Aremonia agrimonioides, Cardamine trifolia, Helleborus niger subsp. niger, Omphalodes verna, Scopolia carniolica and Cyclamen purpurascens, and the Aremonio-Fagion forms a recognised centre of floristic richness among Europe's beech forests. The type occupies mainly montane and submontane slopes across a broad climatic transition zone, explaining its unusually varied flora. It is separated from the medio-European beech forests it borders by this richer, more thermophilous herb layer, not by canopy composition alone."
annex1,91L0,"Forests of Quercus robur or Q. petraea, occasionally Q. cerris, together with Carpinus betulus, on calcareous and siliceous bedrock, mostly on deep, neutral to slightly acidic brown forest soils, across the south-eastern Alpine-Dinaric region and the western and central Balkans, extending north to Lake Balaton through hilly and submontane terrain and the plains of the Drava and Sava. The climate is more continental than in submediterranean regions and warmer than in central Europe, and species richness is markedly higher than in oak-hornbeam forests further north. The herb layer includes Erythronium dens-canis, Cyclamen purpurascens, Dentaria pentaphyllos and Primula vulgaris, with Acer tataricum and Tilia tomentosa contributing to the canopy. The type sits between the central European oak-hornbeam forests of 9170 and the more thermophilous Balkan oak woods. It is distinguished from the Pannonic oak woods of 91G0 by the greater share of Quercus robur and Q. petraea, and from beech forests by the co-dominance of Carpinus betulus."
annex1,91M0,"Subcontinental, thermo-xerophilous forests of Quercus cerris, Q. petraea or Q. frainetto and related deciduous oaks, locally with Q. pedunculiflora or Q. virgiliana, distributed mainly between 250 and 600, locally 800 metres in the hills and plains of the Pannonian basin, western and southern Romania, the northern Balkan hill country and the supra-Mediterranean belt of continental north-eastern Greece and Anatolia, with Acer tataricum as a continental companion. The substrate varies widely, from limestone and andesite to loess, clay and sand, generally giving slightly acidic, deep brown soils. The herb layer is diverse, with Digitalis grandiflora, Veratrum nigrum, Asphodelus albus and Melittis melissophyllum, and Carpinus orientalis and Fraxinus ornus in the shrub layer. The type occupies a broad transitional zone between temperate and submediterranean oak forests and tolerates the drier conditions that exclude beech; clearing for pasture has long shaped its structure. It is separated from Illyrian and Pannonic oak-hornbeam forests by the absence or scarcity of Carpinus betulus."
annex1,91N0,"Xerophilous mosaic of open Juniperus communis and Populus (P. alba, P. canescens, P. nigra) scrub with open to closed sand steppe grassland on inland dune sands of the Danube-Tisza interfluve in the Pannonian plain. The shrub layer carries Ligustrum vulgare, Rhamnus catharticus, Crataegus monogyna, Prunus spinosa, P. mahaleb, Euonymus verrucosus and Berberis vulgaris over open swards of Festuca vaginata, Koeleria glauca, Stipa joannis and Fumana procumbens, with orchids such as Epipactis bugacensis and Cephalanthera rubra. A true woodland herb layer is absent, giving the type more the character of semi-desert scrub than of steppe woodland and separating it from the denser thermophilous oak and oak-hornbeam forests of the surrounding lowland. Confined to a small area of extremely continental, drought-exposed sand, it depends on open, mobile or stabilising dune surfaces and is threatened by afforestation with introduced pines and by dune fixation."
annex1,91P0,"Upland forests of Little Poland, chiefly the Holy Cross Mountains and sub-Carpathian hills, dominated by Abies alba alone or mixed with Picea abies, Pinus sylvestris and Quercus robur or Q. sessilis on mesotrophic, acid soils. The stand carries a rich fern and bryophyte layer, with Dryopteris austriaca, Athyrium filix-femina, Phegopteris connectilis, Lycopodium annotinum, Hylocomium splendens and Polytrichum formosum, alongside lowland forest herbs shared with the Tilio-Carpinetum, such as Galeobdolon luteum, Oxalis acetosella and Maianthemum bifolium. The type belongs to the wider group of temperate mountain silver fir forests but is set apart from Alpine and Carpathian Abies-Fagion stands by its restriction to the acid, mesotrophic uplands of Little Poland and by the admixture of lowland species. Continuity depends on natural fir regeneration under low-intensity management; conversion to spruce monoculture is the main threat."
annex1,91Q0,"Isolated calcicolous Scots pine forests confined to a few small enclaves of the western Carpathians (Strazov Mountains, Velka Fatra, Pieniny, inner-Carpathian basins) and the Erzgebirge, with related stands of the eastern Carpathians included in the same type. Stands grow on shallow, base-rich, rendzina-like soils and carry a xerothermic, partly continental undergrowth with Carex humilis, C. alba, Calamagrostis varia, Linum flavum and a set of western Carpathian endemics such as Pulsatilla slavica, Thymus carpathicus, Primula auricula subsp. hungarica, Campanula carpatica and Dianthus nitidus. Erica herbacea and Polygala chamaebuxus, characteristic of the wider group of montane calcicolous pine forests, are notably absent, separating the type from the more widespread Erico-Pinion stands of the Alps and Dinarides. The type occupies small, naturally open rock and scree sites and is vulnerable through its extremely restricted, fragmented distribution."
annex1,91R0,"Pinus sylvestris woods on dolomite and dolomite rendzina of the Dinarides, developed within the zone of Illyrian beech forest and typically occupying somewhat higher elevations than the related dolomite black pine woods of the same mountains. The undergrowth is calcicolous and thermophilous, with Erica herbacea, Genista januensis, Galium lucidum, Buphthalmum salicifolium, Teucrium chamaedrys, Carex humilis, C. alba, Anthericum ramosum, Polygala chamaebuxus, Cyclamen purpurascens and orchids such as Epipactis atrorubens. Separation from the related black pine woods of the same dolomite substrates rests on the dominance of Pinus sylvestris and the somewhat higher, cooler position in the landscape; separation from the surrounding Illyrian beech forest rests on the open, light-demanding pine canopy tied to the shallow dolomite skeleton. The type persists on sites too shallow and dry for beech to close the canopy."
annex1,91S0,"Fagus orientalis forests of the western Pontic range, the Strandzha-Istranca mountains and the eastern Balkan Range, distinguished by a markedly laurophyllous understorey of Euxinian affinity. Typical shrubs include Rhododendron ponticum, Daphne pontica, Laurocerasus officinalis (Prunus laurocerasus), Ilex colchica and Vaccinium arctostaphylos, with herbs such as Primula acaulis subsp. rubra, Trachystemon orientalis, Cyclamen coum and Epimedium pubigerum. In the eastern Balkan Range the laurophyllous shrubs drop out and Primula acaulis subsp. rubra and Trachystemon orientalis remain the most characteristic species, marking a recognisable regional variant within the type. Compared with the wider group of beech forests on base-rich to neutral soils, of which it forms a distinctive, geographically restricted southeastern outlier, this type is set apart by its Euxinian shrub and herb layer rather than by soil or altitude alone."
annex1,91T0,"Natural, acidophilous Pinus sylvestris forests of the alliance Dicrano-Pinion on nutrient-poor inland sands of the northeastern Central European plains and hills and the middle to southern Sarmatic nemoral zone. Nutrient deficiency and drought stress on the sandy substrate keep the trees low-growing and the stand open, with a lichen-rich ground layer of Cladonia furcata, C. gracilis and C. rangiferina (as C. silvatica), Ptilidium ciliare and scattered Juniperus communis. The lichen dominance and low stature separate this type from the taller, more mesic Scots pine forests of the wider temperate continental group on richer or moister sands. Its distribution follows the driest, most oligotrophic dune and outwash sands, historically maintained by fire and low browsing pressure; afforestation practices that enrich or shade the ground layer eliminate the lichen carpet on which the type depends."
annex1,91U0,"Xerophilous Scots pine woods of the Sarmatic region of western Eurasia and of areas with an extremely continental microclimate in northeastern Central and Eastern Europe, restricted at the western edge of the range to well-drained sites such as inland dunes and rock outcrops. The type gathers several regional associations, among them Peucedano-Pinetum, Koelerio glaucae-Pinetum sylvestris, Caragano-Pinetum and Corynephoro-Pinetum sylvestris, and carries many continental relict species alongside Pinus sylvestris, including Vaccinium myrtillus, Pyrola minor, Orthilia secunda, Chimaphila umbellata and the orchid Ophrys insectifera. Its steppic, extremely continental character and thin, well-drained soils separate it from the more mesic Dicrano-Pinion pine forests of the same broad temperate continental group. The type depends on open, undisturbed sandy or rocky ground and is threatened by afforestation, nutrient enrichment and closure of the canopy."
annex1,91V0,"Fagus sylvatica forests, and their mixtures with Abies alba, Picea abies or Carpinus betulus, of the Romanian, Ukrainian and eastern Serbian Carpathians and the pre-Carpathian hills, belonging to the alliance Symphyto cordati-Fagion and developed on neutral to base-rich, occasionally acid-leaning substrates. Alongside the usual Fagetalia species the stands carry a set of Carpathian endemics and near-endemics, among them Symphytum cordatum, Cardamine glandulifera, Hepatica transsilvanica, Pulmonaria rubra, Leucanthemum waldsteinii and Ranunculus carpaticus. This endemic-rich herb layer is what separates the type from the wider group of beech forests on base-rich to neutral soils across the rest of temperate Europe, of which it forms the Carpathian, Symphytum-marked branch. Traditional selective forestry has generally maintained a near-natural structure; clear-felling and conversion to spruce are the principal threats."
annex1,91W0,"Fagus sylvatica or Fagus x moesiaca forests of the Balkan Range, the southern Dinarides, the Moeso-Macedonian mountains, the Pelagonids and the Rhodopes, belonging to Doronico orientalis-Fagion moesiacae, with Abies alba and Picea abies joining beech at higher altitudes and latitudes. Despite lying at the southern edge of the beech range, the stands keep a pronounced Central European character, marked by frequent Acer pseudoplatanus, Quercus petraea, Fragaria vesca and Oxalis acetosella alongside Luzula luzuloides, Calamagrostis arundinacea, Galium odoratum, Cardamine bulbifera and Allium ursinum. This medio-European floristic signature, rather than any Euxinian or thermophilous element, is what distinguishes the type from other southeastern beech forests within the same broad group of stands on base-rich to acid soils. It occupies montane sites across a wide latitudinal range within its mountain systems."
annex1,91X0,"A relict, extremely insular beech forest confined to the Macin Mountains, isolated within the steppe climate of the Romanian Dobrogea far from the main Carpathian beech range. The canopy mixes Fagus sylvatica with F. taurica, Tilia tomentosa, T. cordata, Carpinus betulus, Populus tremula and Ulmus glabra over an herb layer that combines Fagetalia species with southern European elements, including Potentilla micrantha, Scutellaria altissima, Carex pilosa, Carpesium cernuum and Melica uniflora. Its isolation inside a steppe-climate enclave, far outside the continuous beech belt, is what sets it apart within the wider group of beech forests on base-rich soils, rather than any single diagnostic species. The extremely small, disjunct range makes the type intrinsically vulnerable to drought, fire and any disturbance of the surrounding steppe matrix that shelters it."
annex1,91Y0,"Forests of Carpinus betulus with various oaks (Quercus robur, Q. petraea, Q. dalechampii, Q. cerris, Q. frainetto) on the flanks and piedmont of the eastern and southern Carpathians and the plateaux of western Ukraine, extending as azonal, often isolated stands into the Moesian Quercion frainetto zone, the eastern Pannonian and western Pontic steppe-woodland zone and the pre-Pontic hills of southeastern Europe. The herb layer combines typical Carpinion species such as Stellaria holostea, Carex pilosa, C. brevicollis and Dentaria bulbifera with an admixture of submediterranean Quercion frainetto elements and, in the east, Euxinian taxa such as Lathyrus hallersteinii and Aposeris foetida. This mixed, transitional composition separates it from the more uniform oak-hornbeam forests of the wider Carpinion group further west, of which it forms the southeastern, biogeographically enriched branch. Many stands are relict, azonal outliers in a landscape otherwise dominated by steppe woodland or thermophilous oak forest."
annex1,91Z0,"Tilia tomentosa dominated stands within mixed deciduous forests of southern Central Europe and the northern to middle Balkan Peninsula, mostly inside the range of Quercion frainetto but also locally within eastern Carpinion betuli forests, notably the Tilia tomentosa woods of the Carpinus betulus-Quercus petraea belt of Bulgaria. They occupy chiefly north-facing slopes of foothills on acidic, moisture-retentive soil and usually form near-monodominant stands, conspicuous when the canopy flowers. A rich spring aspect of geophytes, including Corydalis cava, C. solida, Scilla bifolia, Erythronium dens-canis and Ficaria verna, gives way in summer to a cover dominated by Carex sylvatica. Dominance by Tilia tomentosa on acid, moist, north-facing ground, rather than any single herb, distinguishes the type from the surrounding Quercion frainetto and Carpinion betuli forests within which it sits as a facies."
annex1,9210,"Thermophilous, highly fragmented beech forests of the Apennines, rich in endemics, with Taxus baccata and Ilex aquifolium in the understorey (Geranio nodosi-Fagion, Geranio striati-Fagion). Three regional forms are recognised: the Foresta Umbra of Monte Gargano, rich in Taxus baccata; silicicolous stands of the Aspromonte in Calabria with Taxus baccata, Populus tremula, Sorbus aucuparia and Betula pendula; and relict beech forests of the Madonie, Nebrodi and, very locally, the Peloritani, with Ilex aquifolium, Daphne laureola, Crataegus monogyna and Prunus spinosa. Compared with the wider group of beech forests on base-rich to neutral soils across temperate Europe, this type is set apart by its thermophilous, southern Italian and Sicilian distribution and by the constant presence of the evergreen understorey species Taxus baccata and Ilex aquifolium. Fragmentation and small population size of the endemic flora make individual stands especially vulnerable."
annex1,9220,"Beech forests of the Apennine hill level, on sites cooler than those carrying Taxus and Ilex, likewise highly fragmented and rich in endemics, here mixed with Abies alba or, in Sicily, the critically restricted Abies nebrodensis (Geranio nodosi-Fagion, Geranio striati-Fagion). The type includes relict beech forests of the Madonie, Nebrodi and, very locally, the Peloritani with Ilex aquifolium, Daphne laureola, Crataegus monogyna and Prunus spinosa, and the isolated beech forests of Mount Etna at the southern limit of the species' range. Admixture with silver fir, and on Sicily with the near-extinct Abies nebrodensis, distinguishes this type from the Taxus/Ilex-dominated Apennine beech forests and places it as a cooler, higher-altitude counterpart within the same endemic-rich Apennine beech group. Abies nebrodensis survives as one of Europe's rarest trees, giving the associated stands acute conservation weight."
annex1,9230,"Forests dominated by the marcescent Quercus pyrenaica, alone or with Q. robur, of the alliance Quercion robori-pyrenaicae, ranging from the supra- and meso-Mediterranean interior of Castile, the Cordillera Central and the Sierra Morena to the more oceanic, medio-European Cantabrian range, with outlying sub-Mediterranean stands in the Maestrazgo and the Sierra Nevada and further disjunct forests in south-western France. Regional composition shifts with climate: Cantabrian stands take on a more Central European character, drier interior stands carry Coronilla and other xerophytes, and the French outliers on poor sandy soils add Betula pendula, Deschampsia flexuosa, Molinia caerulea and Teucrium scorodonia. This broad, climatically graded distribution across Iberia and adjoining France, held together by the dominance of Q. pyrenaica, separates it from both the Atlantic acidophilous oak forests and the submediterranean thermophilous oak forests further east. Coppicing for firewood and charcoal has long shaped its stand structure."
annex1,9240,"Forests dominated by Quercus faginea, Q. canariensis or Q. afares across Iberia, ranging from the xero-mesophile Q. faginea woods of the Spanish Meseta and its bordering ranges to the humid, epiphyte-rich, relict Q. faginea forests of Portugal and the luxuriant, hyper-humid Q. canariensis forests of the Aljibe range and the Serrania de Ronda in extreme southern Spain, with further outliers in Catalonia and Mallorca. The humid southwestern Iberian forms are of outstanding biological importance and unique in Europe for combining a Mediterranean-latitude climate with Atlantic-level humidity, supporting a dense epiphyte and fern cover absent from the drier Meseta stands. This gradient from dry, deciduous Q. faginea woodland to humid, almost evergreen-appearing Q. canariensis forest, tied to a steep west-east humidity gradient across the peninsula, sets the type apart from the more uniform submediterranean thermophilous oak forests further east and north."
annex1,9250,"Supra-Mediterranean, occasionally meso-Mediterranean woods dominated by the semi-deciduous Quercus trojana or its allies (Quercetum trojanae), split into two disjunct regional groups: low Helleno-Balkanic stands, often mixed with junipers or maples, from Macedonia, Thrace and Thessaly north to Herzegovina, Montenegro, Albania and the Vardar valley, and taller, relict Apulian stands of Q. trojana with Q. pubescens and locally Q. ilex in the Murge of southern Italy. The wide geographic gap between the Balkan and Apulian populations, bridged only by the shared dominance of Q. trojana, is the defining feature separating this type from the broader submediterranean thermophilous oak forest group of which it forms a narrowly distributed, disjunct branch. The Apulian stands in particular survive only as small forest relics amid an otherwise cleared agricultural landscape."
annex1,9260,"Forests and old, established plantations dominated by Castanea sativa (sweet chestnut) in the supra Mediterranean and sub Mediterranean belts, with a semi natural undergrowth. Chestnut favours deep, well drained, acidic to neutral soils and avoids calcareous ground, which places most stands on siliceous substrates of hilly to submontane country. Long managed for fruit and for coppice wood, many stands are ancient plantations rather than primary forest, and their undergrowth often shares species with the acidophilous oak forests of the same regions, among them Quercus petraea and mosses such as Polytrichastrum formosum. Where management lapses, coppices grow into high forest, and on richer, moister ground the canopy tends to shift toward mixed deciduous woodland dominated by oak rather than chestnut."
annex1,9270,"Beech forests of the Greek mountains with a reduced medio European character and a high degree of endemism, assigned to the Fagion hellenicum. Fagus sylvatica typically grows together with the endemic fir Abies borisii-regis, and the field layer is characterised by Doronicum caucasicum, Galium laconicum, Lathyrus venetus and Helleborus cyclophyllus. Standort: montane belts of the Greek mainland, at altitudes where beech meets fir in mixed stands rather than pure beech woodland. Erkennung: the combination of beech with Abies borisii-regis and the named herb layer species distinguishes it from the wider Balkan and Aegean beech forests, which lack this fir and carry a more strongly medio European flora."
annex1,9280,"Forests of Fagus sylvatica or Fagus moesiaca that stand more thermophilous than the related supra Mediterranean and montane beech types, occupying the transition zone between the supra Mediterranean and the montane level. They are characterised by the presence of numerous species of the Quercion frainetto, so that Quercus frainetto figures alongside beech in the canopy or undergrowth rather than forming a pure oak forest. Standort: the warm, transitional altitudinal belt between typical beech forest above and thermophilous deciduous oak forest below. Abgrenzung: separated from ordinary supra Mediterranean and montane beech forest by this greater warmth demand and by the accompanying Quercion frainetto flora, and from lowland oak forest by the continued presence of beech in the canopy. The material available on this type is thin."
annex1,9290,"Montane forests of the Mediterranean basin dominated by native cypress, chiefly Cupressus sempervirens and, in North Africa, Cupressus atlantica or Cupressus dupreziana, assigned to the Acero-Cupression. Stands typically form an open canopy over a scrubby understorey and a herb rich field layer, on shallow, usually base rich soils in dry, rocky situations. The material available on this type is thin, limited to scattered montane occurrences across the Mediterranean rather than a single continuous range. Abgrenzung: separated from the wider Mediterranean juniper and cypress formations, which also include Juniperus species such as J. thurifera and J. excelsa, by the dominance of Cupressus itself rather than juniper."
annex1,92A0,"Riparian forests of the Mediterranean and Black Sea basins, multi-layered and dominated by Salix alba or Salix fragilis, with tall poplars such as Populus alba usually forming the highest canopy layer. Stands can also include Ulmus, Alnus, Acer, Tamarix, Juglans regia, Quercus robur or Q. pedunculiflora and Fraxinus angustifolia, and where the tall poplars are sparse the canopy is instead dominated by these companion genera. Standort: periodically inundated terraces and gravel shoals of active floodplains, receiving regular deposits of nutrient rich alluvium. Erkennung: alliance Salicion albae, with a tall, nitrogen loving herb layer of Urtica dioica, Humulus lupulus, Rubus caesius, Phalaroides arundinacea, Glechoma hederacea and Calystegia sepium. Abgrenzung: the more strictly Mediterranean and Macaronesian riparian forests, which can include Platanus orientalis, form a related but broader group against which this type is set."
annex1,92B0,"Distinctive, relict riparian formations of the thermo and meso Mediterranean zone confined to deep, steep sided valleys of southern Iberia. One form is an alder gallery with Rhododendron ponticum ssp. baeticum and Frangula alnus ssp. baetica in the shrub layer, Arisarum proboscideum in the field layer, and a rich, relict fern flora including Pteris incompleta, Diplazium caudatum and Culcita macrocarpa. A second, separate form is a birch gallery dominated by the extremely local endemic Betula parvibracteata, accompanied by Myrica gale, Frangula alnus, Salix atrocinerea, Galium broterianum and Scilla ramburei. Standort: canyon-like valley bottoms rather than open floodplains. Erkennung: the fern assemblage in particular points to a Tertiary relict flora surviving in a few humid refuges. Abgrenzung: distinguished from ordinary Mediterranean riparian forest of Populus, Salix and Platanus by this relict, highly localised, endemic-rich composition."
annex1,92C0,"Mostly riparian woods of the eastern Mediterranean dominated by Platanus orientalis (oriental plane), assigned to the Platanion orientalis, with the Tertiary relict Liquidambar orientalis restricted to a single valley on Rhodes. Stands colonise poorly stabilised alluvial and gravel deposits along temporary rivers and, toward the southern edge of the range, the shaded bottoms of deep gorges; accompanying species include Salix alba, Alnus glutinosa, Celtis australis, Fraxinus ornus and Vitex agnus-castus, with a rich vernal layer of geophytes such as Cyclamen species and Arum italicum, and abundant ferns and mosses including Pteridium aquilinum. The main range runs through mainland Greece, from the Ionian coast and Pindus through Macedonia and Thrace to the Peloponnese, where gorge forests in the Taygetos reach 1300 metres, with outliers on Crete, Euboea and several Aegean islands. Relict, isolated occurrences also survive in deep gorges of south eastern Sicily, where plane is locally replaced or accompanied by Populus alba, Fraxinus angustifolia and Salix species. Erkennung: dominance of Platanus orientalis in the canopy, or, on Rhodes alone, of Liquidambar orientalis; confinement to gorges grows stricter toward the southern range limit."
annex1,92D0,"Low, often open galleries and thickets built by Tamarix species together with Nerium oleander (oleander) and Vitex agnus-castus (chaste tree), on permanent or temporary watercourses and wetlands of the thermo Mediterranean zone and south western Iberia, reaching into the more hygromorphic sites of the adjoining Saharo Mediterranean and Saharo Sindian zones. In south western Iberia the type also carries Securinega tinctoria, Prunus lusitanica and Viburnum tinus. Related Tamarix smyrnensis stands of streamsides and coasts in the Pontic and steppic regions of western Eurasia belong here as well, but plain thickets built solely by Tamarix africana are excluded from the definition. Physiognomy: a shrubby, often open low ligneous formation rather than a closed forest. Erkennung: alliances such as Securinegion tinctoriae carry the more diverse south western Iberian form. Standort: it occupies the driest, most intermittently flooded riverbeds and streamsides, seasonally dry ground that separates it structurally from taller riparian gallery forest."
annex1,9310,"Open to closed woods dominated by Quercus brachyphylla, an oak of the Aegean region, often growing together with Quercus macrolepis (valonia oak) or Quercus ilex (holm oak). The material on this type is thin, limited to the bare statement of its dominant tree and its usual companions. Standort and general physiognomy correspond to the wider group of submediterranean thermophilous deciduous forests of the Aegean and Balkan area, a warm, transitional belt between temperate and fully Mediterranean conditions. Abgrenzung: separated from the other Aegean and Balkan oak woods primarily by the identity of the dominant oak, Quercus brachyphylla, rather than by a distinct physiognomy or ecology of its own."
annex1,9320,"Thermo Mediterranean, and in the Canary Islands thermo Canarian, evergreen sclerophyllous woodland dominated by wild olive Olea europaea ssp. sylvestris and carob Ceratonia siliqua, together with Pistacia lentiscus (mastic) and Myrtus communis; the Canarian counterpart is built by Olea europaea ssp. cerasiformis and Pistacia atlantica. Most stands present as an open, shrubby arborescent matorral, and only where the canopy closes and gains sufficient height does the vegetation count as forest proper. Erkennung: character species include Prasium majus, Smilax aspera, Arisarum vulgare and Asparagus acutifolius. Standort: drought prone lowlands and foothills of the thermo Mediterranean belt, on a range of substrates. Vorkommen: a near climax olive, carob and mastic forest survives on Djebel Ichkeul in northern Tunisia, with further relict stands in southern Andalusia, now nearly extinct, and on Menorca, Sardinia, Sicily, Calabria, Puglia and Crete. Because canopy closure is rare, most European examples persist only as degraded matorral rather than closed forest."
annex1,9330,"West Mediterranean forests on siliceous soil dominated by cork oak Quercus suber, generally more thermophilous and moisture demanding than related evergreen oak forests. Regional forms include meso Mediterranean stands of Italy, Sicily, Sardinia, Corsica, France and north eastern Spain, assigned to the Quercion suberis and frequently degraded to arborescent matorral; south western Iberian stands, often mixed with Quercus faginea or Quercus canariensis, of the Quercion fagineo-suberis; a very localised outlier confined to the Sil and Mino valleys of Galicia within the Quercus pyrenaica belt; and isolated dune facies stands in the eastern Landes of Aquitaine. Standort: exclusively silicicolous ground, which separates it from base tolerant holm oak forest. Nutzung: long managed for cork harvest, many stands persist as open, semi natural woodland rather than closed high forest, and cutting or grazing readily degrades them to shrubby matorral."
annex1,9340,"Evergreen sclerophyllous forests dominated by Quercus ilex (holm oak) or, in Iberia, by the closely related Quercus rotundifolia, typically but not exclusively on base rich soils. Physiognomy varies with altitude: rich meso Mediterranean stands occupy the lowlands and penetrate locally into the thermo Mediterranean zone along ravines, supra Mediterranean stands at higher altitude mix with deciduous oaks, maples and Ostrya carpinifolia, and Quercus rotundifolia woodland of the Iberian interior is generally lower, drier and more open than true Quercus ilex forest. Erkennung: an understorey typically built from Arbutus unedo, Phillyrea angustifolia or P. latifolia, Rhamnus alaternus, Pistacia terebinthus, Rubia peregrina, Smilax aspera and Lonicera implexa or L. etrusca. Gefährdung: cutting and grazing readily reduce these forests to arborescent matorral or to open, dehesa-like woodland. Abgrenzung: distinguished from cork oak forest, which is confined to acid soils and demands more moisture."
annex1,9350,"Semi deciduous, often fairly open woods dominated by Quercus macrolepis (valonia oak, treated in EUNIS as Quercus ithaburensis subsp. macrolepis) of the meso Mediterranean zone, generally on shallow soil below about 700 metres. Vorkommen: continental Greece and its archipelagos and adjacent Albania, best developed in the Ionian islands and on Lesbos; more modified, grove like stands occur around the Gulf of Arta, in western Aetolia, the north western Peloponnese, Thessaly, Attica and Thrace; an isolated relict outlier survives at Salento in Apulia, southern Italy. Erkennung: canopy pure or mixed with other oaks including Quercus pubescens and Quercus ilex, alliance Quercion macrolepidis, with accompanying Rubia peregrina, Sorbus domestica, Phillyrea latifolia, Ruscus aculeatus, Pistacia terebinthus and Arbutus unedo. Nutzung: many stands are long managed groves rather than closed high forest."
annex1,9360,"Evergreen, laurel leaved cloud forest of the humid to hyper humid fog belt on the Macaronesian islands, among the most species rich and endemic rich forest types in Europe. The dominant trees vary by archipelago and include Laurus azorica, Ocotea foetens, Persea indica, Apollonias barbujana and Ilex canariensis, often over an understorey rich in ferns; genera such as Picconia, Semele and Ixanthus occur nowhere outside these forests. Standort: perhumid, fog bound, mostly north facing slopes of the mountain cloud belt, each archipelago carrying its own distinctive endemics. Best preserved on Madeira, where the type still covers a considerable area; on the Azores, low altitude coastal stands are largely degraded and invaded by the introduced Pittosporum undulatum, so the least disturbed examples are the hyper humid, high elevation forests, while Canarian laurel forest again differs floristically island to island. Abgrenzung: at higher, drier margins the laurel forest gives way to a lower, heathy woodland of tree heath Erica arborea and Ilex canariensis with strawberry tree Arbutus canariensis, a distinct, more open formation."
annex1,9370,"Sparse to locally dense palm groves formed by two European endemic palms, Phoenix theophrasti on Crete and adjoining south western Anatolia, and Phoenix canariensis in the Canary Islands, both often riparian or dependent on temporary water. Cretan groves occupy damp, sandy coastal valleys, the largest being the palm forest of Vai with a thick shrubby undergrowth rich in Nerium oleander, plus a handful of smaller coastal groves, notably on the south coast near Rethymno. Canarian groves grow at the bottom of barrancos and on alluvial soils below about 600 metres, dependent on brief temporary water tables built up by winter torrential flow, and so form azonal vegetation within the dry to arid infra and thermo Mediterranean belts; well known examples lie at Maspalomas and the Barranco de Tirajana on Gran Canaria, in the Valle Gran Rey on La Gomera, at Masca on Tenerife and at Brena Alta on La Palma. Erkennung: a sparse, open canopy of Phoenix, with accompanying species differing sharply between the two island groups, reflecting their independent, highly localised endemic status."
annex1,9380,"Stands dominated by tree sized, arborescent Ilex aquifolium (holly) of the supra Mediterranean level, on a range of substrates. The type is interpreted as a senescence stage: relict patches persist where the canopy of an evergreen oak forest carrying a Taxus and Ilex understorey, among others assigned to the Ilici-Quercetum ilicis, has died back or been removed, leaving holly as the dominant woody layer. Physiognomy: patches rather than extensive stands, occurring both within and outside closed forest. Erkennung: dominance of Ilex aquifolium in the tree or shrub layer; wider European holly patches outside this successional context also carry species such as Lonicera periclymenum and Quercus petraea. Abgrenzung: separated from ordinary evergreen oak forest with a holly understorey by the loss of the oak canopy, holly having taken over the dominant role."
annex1,9390,"Low forest and derived scrub dominated by the endemic golden oak Quercus alnifolia, confined to basic, eruptive rock of the Troodos range in Cyprus. Physiognomy ranges from arborescent, tree sized stands to degraded matorral derived from them by cutting and grazing. Erkennung: accompanying species include Acer sempervirens, Teucrium kotschyanum, Salvia cypria, Crepis fraasii and Sedum cyprium, several of them Cypriot endemics. Standort: basic eruptive substrate, a geologically narrow and geographically unique setting found nowhere else. Abgrenzung: distinguished from the wider Mediterranean evergreen Quercus forests by this strict endemism and by its confinement to a single mountain range."
annex1,93A0,"Deciduous oak woodland dominated by Quercus infectoria, the potential natural vegetation of limestone and marly limestone slopes in the Troodos Mountains of Cyprus, between about 600 and 1100 metres. Associated trees and shrubs include Quercus brachyphylla, Arbutus andrachne, Acer syriacum, Fontanesia philliraeoides and Styrax officinalis, with Anagyris foetida, Cyclamen persicum and Eryngium falcatum in the field layer; the association is named Anagyro foetidae-Quercetum infectoriae. The type is endemic to Cyprus and confined to base-rich substrates within this altitudinal band. Once cleared or grazed, stands degrade first into evergreen Quercetalia ilicis maquis with Quercus coccifera subsp. pseudococcifera, and further into Cistus creticus phrygana; these degraded stages are read as part of the same series, not as a separate type. Separation from the island's evergreen oak formations rests on the deciduous character of Quercus infectoria itself."
annex1,9410,"Subalpine to montane coniferous forest dominated by Picea abies, occupying acidic, often oligotrophic soils across the temperate mountain systems of Europe: the outer, intermediate and inner Alps, the Hercynian ranges, the Carpathians and, as outlying stands at the southern edge of the species' range, the Apennines, the Dinarides and the Balkan Range. Trees are often stunted or narrowly columnar towards the tree line. Characteristic undergrowth includes Vaccinium myrtillus and V. vitis-idaea together with Oxalis acetosella, Prenanthes purpurea, Lonicera nigra, Melampyrum sylvaticum, Luzula sylvatica and Polygonatum verticillatum. In the inner Alpine valleys the type occupies sites climatically unfavourable to beech and fir, while peri-Alpine stands fill outlying altitudinal or edaphic enclaves within other montane forest types. Where silver fir (Abies alba) or beech become codominant on richer, less acidic soils, stands pass into fir or beech-fir forest, which is the usual boundary encountered in the field."
annex1,9420,"Subalpine, occasionally montane, coniferous forest of the central Alps and Carpathians dominated by Larix decidua or Pinus cembra, singly or mixed, sometimes with an admixture of Picea abies. On siliceous substrates of the eastern and central Alps the undergrowth is often species-poor, with Vaccinium myrtillus, Rhododendron ferrugineum, Calamagrostis villosa and Luzula albida; on calcareous ground the field layer is richer, with Erica herbacea, Polygala chamaebuxus, Rhododendron hirsutum and locally Pinus mugo. The larch's deciduous habit and the open, light canopy typical of both species let a rich herb and dwarf-shrub layer develop even at high stand density. Larix decidua sheds needles in autumn and colours conspicuously before doing so, a reliable field character against the evergreen spruce and pine forests it borders at the same altitude; Pinus cembra is told from Pinus uncinata of neighbouring forest types by its five-needle fascicles and large, wingless seeds."
annex1,9430,"Open subalpine and montane forest of mountain pine, Pinus uncinata, with a well-developed shrub layer, occurring on limestone, gypsum or siliceous substrates in the Alps, Jura and Pyrenees. On siliceous or decalcified soils of the western outer Alps, the Jura and Pyrenean north-facing slopes, the understorey is dominated by Rhododendron ferrugineum together with Vaccinium myrtillus, V. uliginosum and Calluna vulgaris; on the drier, south-facing or inner-Alpine sites Rhododendron ferrugineum is absent or rare, and the shrub layer instead carries Juniperus nana, J. hemisphaerica, Erica herbacea, Rhododendron hirsutum, Polygala chamaebuxus and Dryas octopetala. Arctostaphylos alpina, A. uva-ursi and Coronilla vaginalis recur across both forms. The priority status applies specifically to stands on gypsum or limestone. Separation from the calcicolous and siliceous larch and arolla pine forests of the same belt rests on the dominance of Pinus uncinata itself, recognised by its strongly asymmetric, hooked cone scales."
annex1,9510,"Relict silver fir (Abies alba) forest of the southern Apennines, occurring as scattered, small stands associated with beech woods of the Geranio versicolori-Fagion. The fir survives here at the southern, disjunct edge of its European range, in relic populations rather than as a continuous forest belt. Distinguishing the type in the field rests on the dominance or strong presence of Abies alba within an otherwise Fagus sylvatica-dominated matrix; it differs from the fir forests of Mediterranean mountains further south and east, which are built from separate, taxonomically distinct firs such as Abies pinsapo, A. cephalonica or A. borisii-regis, and from the northern acidophilous spruce-fir forests, which lack the Mediterranean beech associates."
annex1,9520,"Forest of the endemic Spanish fir, Abies pinsapo, restricted to a few mountain massifs of southern Spain in the supra- to meso-Mediterranean belt. Stands occur on calcareous ground and, locally, on ultrabasic serpentine outcrops, forming small, isolated populations rather than a continuous forest type. Abies pinsapo is recognised by its short, stiff, radially arranged needles, distinct from the flattened needles of Abies alba and the other Mediterranean mountain firs such as A. cephalonica and A. borisii-regis with which it shares the wider EUNIS grouping of Mediterranean mountain fir forest; each of these firs occupies its own, non-overlapping mountain range, so identification in the field is largely a matter of location."
annex1,9530,"Montane-Mediterranean pine forest on dolomitic substrate, often dense and closed, built from pines of the Pinus nigra group: Pinus nigra proper in the Alps, the Apennines and the western Balkans, Pinus dalmatica along the Dalmatian coast, Pinus salzmannii in Spain and the Causses, and the Corsican and Calabrian forms of Pinus laricio on granitic soils of Corsica and the Sila, Aspromonte and Etna massifs, with Pinus pallasiana replacing them in Greece and the Balkans. Stands are sometimes mixed with Pinus sylvestris and, more rarely, with Larix decidua or Pinus cembra. The Corsican laricio stands hold the entire European population of the Corsican nuthatch, Sitta whiteheadi. Because the constituent pines occupy separate, non-overlapping mountain ranges, field recognition rests mainly on locality and needle and cone characters of the local black pine taxon rather than on a shared undergrowth. The type is distinguished from the wider black pine and Scots pine forests of neighbouring, non-dolomitic substrates by its confinement to magnesium-rich, dolomitic ground."
annex1,9540,"Mediterranean and thermo-Atlantic pine forest of thermophilous, mostly light-demanding pines that typically occupy substitution or paraclimax stages of evergreen oak woodland (Quercetalia ilicis) or Ceratonio-Rhamnetalia scrub rather than forming permanent climax forest. The constituent species replace one another regionally: Pinus pinaster subsp. atlantica in south-western France and western Iberia, P. pinaster subsp. pinaster on siliceous ground of the western Mediterranean from Spain to Corsica and Sardinia, P. pinea (stone pine) around most southern European coasts, P. halepensis (Aleppo pine) on calcareous, drought-prone soils from Iberia to Greece, and P. brutia (Aegean pine) in Crete and the eastern Aegean. Long-established plantations of these pines within their natural range and with a similar understorey are counted as part of the type; recent, obviously artificial groves are not. All forms are markedly fire-prone and readily regenerate after burning, which distinguishes their dynamic from the evergreen oak forests they otherwise stand in for."
annex1,9550,"Forest of the endemic Canary pine, Pinus canariensis, on the dry montane slopes of Tenerife, La Palma, Gran Canaria and Hierro, roughly between 800 and 2000 metres. The undergrowth varies with exposure: sun-exposed slopes carry Cistus symphytifolius with Chamaecytisus proliferus, Adenocarpus foliolosus and Lotus campylocladus; dry, south-facing ground shows a scrubbier form with Cistus monspeliensis and Salvia canariensis; humid, fog-bound north-facing slopes are dominated by Erica arborea and Myrica faya under thick epiphytic lichens and mosses; near the upper limit Adenocarpus viscosus takes over, and on steep rocky ground Juniperus cedrus joins the pine. The type is the sole habitat of the Tenerife blue chaffinch, Fringilla teydea, and its fog-belt stands hold the Tenerife goldcrest, Regulus teneriffae. Pinus canariensis regenerates vigorously after fire, an adaptation no mainland European pine shares, and this fire ecology together with the endemic undergrowth separates the type from every other Mediterranean pine forest."
annex1,9560,"Medium-altitude forest dominated by tree junipers, distinct from the low arborescent juniper matorral of drier Mediterranean scrub. Several regionally distinct, taxonomically separate forms make up the type: Spanish juniper woods of Juniperus thurifera on calcareous, gypsiferous or locally siliceous ground of the Iberian Range, the Sierra de Guadarrama, the Cordillera Cantabrica, the Ebro basin and isolated valleys of Corsica and the south western Alps, often with Pinus sylvestris or P. salzmannii; Grecian juniper woods of J. excelsa in the mountains of northern Greece; stands of J. foetidissima and, very locally, J. drupacea on Mount Parnon; and, in Macaronesia, high-altitude J. cedrus on rocky slopes of Tenerife, La Palma, Gomera and Gran Canaria and endemic J. brevifolia forest in the Azores. Because these junipers do not overlap geographically, field recognition is chiefly a matter of locality and the size and colour of the seed cones. The type excludes low, shrubby juniper formations of comparable species, which are treated as matorral rather than forest."
annex1,9570,"Xerothermophilous forest and tall scrub of Tetraclinis articulata (Arbor-vitae), in Europe confined to a small area near Cartagena in south-eastern Spain, at the northern edge of a range otherwise centred in north-west Africa. Associated species include Chamaerops humilis, Periploca laevigata, Rhamnus lycioides, Lavandula dentata, Lithodora fruticosa and Teucrium carthaginense, with Brachypodium retusum and Asparagus albus in the field layer; the vegetation belongs to the Periplocion angustifoliae. Scrub formed by Tetraclinis articulata itself, not only closed forest, is counted as part of the type. Tetraclinis is recognised by its flattened, jointed, scale-leaved branchlets, similar at a glance to true cypress but structurally distinct, and by small, woody, star-shaped cones; within its very restricted European range no other conifer forest occupies the same warm, dry, low-elevation ground."
annex1,9580,"Local, often small-patch woodland dominated by yew, Taxus baccata, sometimes with holly (Ilex aquifolium) and box (Buxus sempervirens), on base-rich soils in scattered Mediterranean localities: mountain ranges of Corsica (Tenda, San Pedrone, Cap Corse), Sardinia (Catena del Marghine, Monte Limbara) and relict stands in northern and central Portugal (Serra do Gerês, Serra da Estrela). Two origins are recognised: a senescent phase of beech or beech-fir forest, in which yew forms clusters after the fall of the taller trees within an otherwise layered beech-yew stand, and residual, purely relict yew stands where the associated tall trees have already disappeared. Mercurialis perennis and Sorbus aria are frequent associates in the herb and shrub layers. Because yew tolerates deep shade and regenerates poorly in the open, its presence as the dominant tree, rather than as scattered individuals within beech forest, is what marks the type in the field."
annex1,9590,"Evergreen cedar forest endemic to the western summits of the Troodos range in Cyprus, dominated by the Cyprus cedar, Cedrus brevifolia, a species found nowhere else. Quercus alnifolia is a frequent associate in more open stands, with Arrhenatherum album and Galium peplidifolium in the herb layer; Cephalorrhynchus cypricus and Lindbergella sintensii are endemic associates restricted to the same massif. The type belongs to the wider group of Mediterranean mountain cedar forests that also includes Cedrus libani in Lebanon, Syria, Turkey and elsewhere in Cyprus, but Cedrus brevifolia is treated as a distinct species by most authors, smaller in stature and with shorter needles than C. libani, and its entire world range lies within this single mountain block, which alone is sufficient to identify the type in the field."
annex1,95A0,"High-altitude coniferous forest of the southern Balkans, northern Greece and southern Italy, formed by two Balkan-endemic pines with distinct ecology: Pinus heldreichii (Bosnian pine), which forms open, often treeline stands on dry, stony or rocky, mostly base-rich soils with an undergrowth reduced to stripped grassland, and Pinus peuce (Macedonian pine), which occupies the subalpine belt of the high Balkan mountains south to Voras, Varnous and the Rhodope on mostly siliceous soils with a fuller undergrowth including Vaccinium myrtillus, Calamagrostis arundinacea, Luzula sylvatica and Geranium macrorrhizum. Picea abies, Pinus sylvestris and, near the tree line, Pinus mugo occur as associates in either form. Because the two pines differ so strongly in substrate preference and undergrowth, the type is best treated as two distinct forests sharing only their high-mountain, oro-Mediterranean position; needle number per fascicle (two in P. heldreichii, five in P. peuce) separates the trees themselves at a glance."
