entity_type,entity_key,lang,field,value,source,provenance
habitat_type,eunis@2021:N11,de,description,"Der atlantische, baltische und arktische Sandstrand ist ein linienhafter Lebensraum an den Sandküsten des Atlantiks und des Nordpolarmeers sowie der Nord- und Ostsee. Er ist überwiegend unbewachsen und artenarm. Typisch sind einjährige Pflanzen, häufig Halophyten, die zeitweise auf den Sedimenten der Spülsaumlinie erscheinen. An weniger dynamischen Stränden, etwa rund um die Ostsee, sind ausdauernde Arten einschließlich einiger Brackwasser- und Süßwassersumpfpflanzen kennzeichnend. Vulkanische Sedimente verleihen den isländischen Küsten ein eigenes Gepräge. Charakteristische Wirbellose prägen die Strände und ihre Spülsäume und dienen einigen Watvögeln als Nahrung.",situs@0.7.0,situs
habitat_type,eunis@2021:N12,de,description,"Ein weitgehend unbewachsenes linienhaftes Element geschützter Küsten des Mittelmeers und des Schwarzen Meeres, auf dem sich auf angehäuftem Sand, Kies und verrottendem Pflanzenmaterial eine fragmentarische und unstete Vegetationsdecke entwickelt. Diese besteht typischerweise aus vereinzelten einjährigen Halophyten; wo Sandrücken durch Stürme über die normale Tidengrenze hinaus aufgeworfen werden, können auch ausdauernde Pionierarten der Dünen auftreten.",situs@0.7.0,situs
habitat_type,eunis@2021:N13,de,description,"Primäre, wandernde (sogenannte Weiß-)Dünen dynamischer Küstensande entlang der Atlantik-, Nordsee- und Ostseeküsten. Frühe Pionierarten oberhalb der Spülsaumlinie fangen den vom Strand verwehten Sand ab und leiten die Entwicklung von Vor- und dann Embryonaldünen ein. Diese können mit späteren Stürmen wieder verschwinden oder zu höheren, beweglichen Dünen aufwachsen, die landeinwärts wandern, bisweilen gewaltige Ausmaße erreichen und ausgeprägte Rücken mit dazwischenliegenden Tälern bilden. Ammophila arenaria ist in den mittleren bis späten Stadien die weit verbreitete dominante Art. Dieses Gras ist besonders gut an raschen Aufwuchs und ständig wandernden Sand angepasst. Leymus arenarius und × Ammocalamagrostis baltica übernehmen in kälteren Regionen eine ähnliche Rolle; die letztgenannte Hybride wird bei Anpflanzungen im Küstenschutz bevorzugt. Die Vegetationsdecke auf dem stark dränenden, nährstoffarmen und nahezu humusfreien Sand ist typischerweise offen und artenarm; einige Arten zeigen die regionalen Temperaturunterschiede an, dazu kommen auffällige Pilze. Auch spezialisierte Käfer sind kennzeichnend.",situs@0.7.0,situs
habitat_type,eunis@2021:N14,de,description,"Primäre, wandernde (Weiß-)Dünen dynamischer Küstensande am Schwarzen Meer und am Mittelmeer sowie im atlantischen Bereich der südwestlichen Iberischen Halbinsel und Makaronesiens. Frühe Pionierarten oberhalb der Spülsaumlinie fangen den vom Strand verwehten Sand ab und leiten die Entwicklung von Embryonaldünen ein. Diese können mit späteren Stürmen wieder verschwinden oder zu höheren, beweglichen Weißdünen aufwachsen, die landeinwärts wandern. Außer in Makaronesien ist Ammophila arenaria (im Mittelmeerraum subsp. arundinacea) in den mittleren bis späten Stadien die dominante Art; die Begleitflora auf den durchlässigen, nährstoffarmen Sanden ist begrenzt und spärlich.",situs@0.7.0,situs
habitat_type,eunis@2021:N15,de,description,"Grasland auf den festgelegten Sanden älterer (Grau-)Dünen entlang der atlantischen Küsten (Süd- bis Mittelportugal) sowie der Nord- und Ostseeküsten. Das sandige Substrat, dünn mit angesammeltem Humus angereichert, ist gut dräniert und kann im Sommer austrocknen. Mit einer meist mehr oder weniger geschlossenen Decke aus (verhältnismäßig niedrigen) Gräsern, Kräutern, Moosen und Flechten, mitunter mit niedrigen Sträuchern, gehören diese Bestände zu den artenreichsten Lebensräumen der gemäßigten europäischen Küste. Die Flora wechselt mit dem Regionalklima, mit dem Charakter des Substrats — von sauer bis stark kalkhaltig — und mit der örtlichen Dünentopographie. Einzelne Dünensysteme reichen von schmalen Streifen bis zu ausgedehnten Landschaften; die meisten sind allerdings kein dynamisches Sukzessionsstadium, sondern werden in einem mehr oder weniger stabilen, festgelegten Zustand gehalten. Früher wurden sie häufig beweidet oder gemäht, und die fehlende Dünenfestlegung verhinderte die Entwicklung dichter, hochwüchsiger Grasbestände ebenso wie von Gebüsch und Wald. Der Lebensraum ist in den meisten Ländern gefährdet durch die Aufgabe traditioneller Bewirtschaftung, durch Eutrophierung infolge von Stickstoffeintrag, durch Übernutzung und durch Verstädterung, oft im Zusammenhang mit dem Tourismus.",situs@0.7.0,situs
habitat_type,eunis@2021:N16,de,description,"Stabile (Grau-)Dünen festgelegter Sande an den Küsten des Mittelmeers und Makaronesiens sowie an den thermo-atlantischen Küsten Portugals, Südwestspaniens und Nordafrikas, landeinwärts der Winderosion und des Salzeintrags gelegen. Sie tragen eine mehr oder weniger geschlossene Decke aus Gräsern und Kräutern, oft mit einem Anteil farbenprächtiger Frühjahrseinjähriger, die die frühen Regen ausnutzen. Die Flora wechselt mit dem Regionalklima und der Dünentopographie. Die Bestände können ein vorübergehendes Stadium darstellen, das hartlaubigem immergrünem Gebüsch und Wald weicht, oder an Standorten, die für Gebüsch ungeeignet sind, dauerhafteres Grasland bilden. In weiten Teilen des Mittelmeerraums ist der Lebensraum zerstört, durch die Ausbreitung gebietsfremder Arten beeinträchtigt oder stark von Tourismus, Verstädterung, Infrastrukturausbau, Ackerbau, Stickstoffeintrag und Aufforstung überformt.",situs@0.7.0,situs
habitat_type,eunis@2021:N17,de,description,"Dünengrasland auf festgelegten oder halbfestgelegten Küstensanden am Schwarzen Meer, überwiegend an dessen West- und Nordwestküste und heute nur noch sehr kleinflächig. Am besten entwickelt sind die Dünen an breiteren, flacheren Küstenabschnitten; die Rücken schwanken von wenigen Metern bis über 50 m Höhe, mit feuchten Senken dazwischen. Die Flora ist wechselhaft und verschiebt sich nach Norden hin vom mediterranen zum pontischen Bereich, mit zahlreichen regional endemischen Gräsern und Kräutern. Ausdauernde Arten herrschen vor, doch können auf beweglicheren Sandabschnitten der Rücken auffällige Bestände einjähriger Arten auftreten. An nordexponierten, weniger besonnten Hängen können Moose und Flechten großflächig entwickelt sein.",situs@0.7.0,situs
habitat_type,eunis@2021:N18,de,description,"Heide auf stabilen, entkalkten Dünensanden entlang der kühleren nordatlantischen und der Ostseeküsten Europas, beherrscht von Empetrum nigrum, mit oder ohne Calluna vulgaris, oder in Dünentälern, wo auch Erica tetralix häufig sein oder Empetrum bei gleicher Begleitflora sogar ersetzen kann. Der Lebensraum bleibt dort bestehen, wo Windexposition oder leichte Beweidung die Sukzession zu Gebüsch oder Wald verhindern. Trockene Empetrum-Heiden sind vermutlich durch steigende Temperaturen und geringere Niederschläge im Frühjahr und Sommer gefährdet.",situs@0.7.0,situs
habitat_type,eunis@2021:N19,de,description,"Heide auf stabilen, entkalkten, stark dränenden Dünensanden entlang der wärmeren, feuchteren Atlantikküste Europas, beherrscht von Calluna vulgaris, Erica-Arten, Ulex-Arten oder anderen niedrigen dornigen Schmetterlingsblütlern, oft mit einem hohen Anteil an Gräsern und Seggen. Der Lebensraum bleibt dort bestehen, wo Windexposition oder leichte Beweidung die Sukzession zu Gebüsch oder Wald verhindern.",situs@0.7.0,situs
habitat_type,eunis@2021:N1A,de,description,Gebüsch aus einer großen Vielfalt niedriger bis hoher Sträucher auf festgelegten trockenen Dünensanden und in Dünentälern entlang der Atlantik- und Ostseeküsten. Die Zusammensetzung wechselt mit dem Regionalklima und den Bodenverhältnissen. Niedermoorvegetation mit niedrigem Salix repens sowie Grasland mit Rosa spinosissima gehören nicht dazu.,situs@0.7.0,situs
habitat_type,eunis@2021:N1B,de,description,"Gebüsch aus einer großen Vielfalt niedriger bis hoher Sträucher auf festgelegten trockenen Dünensanden entlang der Mittelmeer- und Schwarzmeerküsten, oft in Dünengrasland oder Wald übergehend; die begleitende Krautflora zeigt Elemente dieser benachbarten Vegetationstypen oder Mosaike.",situs@0.7.0,situs
habitat_type,eunis@2021:N1C,de,description,Oft lückiges Gebüsch auf Küstendünensanden im ariden mediterranen Klima von Teilen des Kanarischen Archipels.,situs@0.7.0,situs
habitat_type,eunis@2021:N1D,de,description,"Ein Waldtyp mit großer Variationsbreite, der von verhältnismäßig offenen bis geschlossenen Wäldern auf atlantischen und baltischen Küstendünen reicht. Er entwickelt sich dort, wo stabilere Küstensande von Laubbäumen besiedelt werden, die den örtlichen Boden- und Klimaverhältnissen entsprechen. Er umfasst Wälder trockener wie feuchter Standorte, auf kalkhaltigen und sauren Sanden und entlang des klimatischen Gradienten von Südnorwegen und dem Baltikum bis nach Mittelportugal. Viele dieser Wälder sind in ihrer floristischen Zusammensetzung nicht von Beständen desselben allgemeinen Typs im Binnenland zu unterscheiden.",situs@0.7.0,situs
habitat_type,eunis@2021:N1E,de,description,"Natürliche oder naturnahe Baum- und Baum-Strauch-Bestände auf Küstendünen entlang der Schwarzmeerküste. Die Wälder auf größeren Dünen tragen xerotherme Züge, die Bäume sind klein und stark verzweigt, während auf kleineren Dünen eher Arten der Auwälder auftreten. Lianen sind häufig. Ungestörte Bestände werden zwar von einheimischen Arten beherrscht, doch können invasive Neophyten wie Amorpha fruticosa, Robinia pseudoacacia und Elaeagnus angustifolia häufig sein.",situs@0.7.0,situs
habitat_type,eunis@2021:N1F,de,description,"Wälder auf Küstendünen der Ostseeküste, beherrscht von Pinus sylvestris. Viele dieser Wälder sind in ihrer floristischen Zusammensetzung nicht von Beständen desselben allgemeinen Typs im Binnenland zu unterscheiden.",situs@0.7.0,situs
habitat_type,eunis@2021:N1G,de,description,"Wälder auf Küstendünen im Mittelmeerraum werden von verschiedenen Kiefernarten beherrscht. Viele Bestände sind gepflanzt. Daneben treten zahlreiche andere Gehölze auf, darunter Sträucher wie Wacholder. Übersteigt die Deckung der Sträucher die der Kiefern, ist der Bestand dem Lebensraum N19 (Gebüsch der Küstendünen des Mittelmeers und des Schwarzen Meeres) zuzuordnen.",situs@0.7.0,situs
habitat_type,eunis@2021:N1H,de,description,"Dünentäler entstehen in atlantischen und baltischen Dünensystemen als feuchte bis nasse Senken zwischen den Dünenrücken. Primäre Dünentäler gehen aus der Entwicklung des Systems Strand–Düne–Dünental hervor, sekundäre entstehen, wo Windausblasungen das Sandniveau bis auf die Höhe des Grundwassers abgesenkt haben oder — im Wattenmeer ungewöhnlich — wo Teile von Barriereinseln gelegentlich von Tidehochwasser überflutet werden (sogenannte „Grüne Strände""). Der Wasserstand schwankt jahreszeitlich, im Ostseeraum weniger stark; auch die mittlere Nässe der Täler ist verschieden, sodass die Vegetationsspanne beträchtlich ist: von Pioniervegetation aus Zwergbinsen und Moosen über Feuchtgrasland bis zu verschiedenen Moor- und Sumpftypen, mit dauerhaften offenen Wasserflächen und Wasserpflanzen.",situs@0.7.0,situs
habitat_type,eunis@2021:N1J,de,description,"Kleine dauerhafte oder temporäre Süßwasserkörper, die sich in den Senken zwischen den Sandrücken der Dünensysteme an den Mittelmeer- und Schwarzmeerküsten bilden. Die Vegetation hängt von der stark wechselnden Wassertiefe und Wasserdauer ab sowie vom Nährstoffgehalt, der meist eutroph bis mesotroph, örtlich aber dystroph ist. In den offenen Wasserflächen können Wasserpflanzengesellschaften auftreten, an den Rändern Sümpfe; trocknen die Senken im Sommer aus, können salzige Verhältnisse entstehen, die von kurzlebigen Arten besiedelt werden.",situs@0.7.0,situs
habitat_type,eunis@2021:N21,de,description,"Diese Geröll- und Kiesablagerungen sind vor allem für hochdynamische Strände der Atlantik-, Arktis- und Ostseeküsten kennzeichnend, mit Schwerpunkten am Ärmelkanal. Oft beweglich und weitgehend vegetationsfrei, bieten sie einen unwirtlichen Standort, der nur an stabileren Stellen — mit etwas Ablagerung feineren Materials und Spülsaumdetritus — von einer eigenständigen Gruppe salztoleranter und nitrophiler ausdauernder Pflanzen besiedelt wird. Sie bieten zugleich Lebensraum für einige brütende Watvögel und Seevögel sowie für eine Vielzahl charakteristischer Wirbelloser. Örtlich, in Südengland und im Ostseeraum, sind größere Anlandungsstrände ausgedehnter von Vegetation besiedelt.",situs@0.7.0,situs
habitat_type,eunis@2021:N22,de,description,"Kies- und Geröllstrände an dynamischen Küsten des Mittelmeers und des Schwarzen Meeres, wo die Brandung — überwiegend im Winter — Kliffs abträgt und das erodierte Material wieder ablagert. Vermischt mit Muschelschalen sowie angeschwemmten, verrottenden Algen und Seegras entsteht eine stickstoffreiche Oberfläche, die fleckenhaft und unstet von einjährigen und einigen ausdauernden Arten, mitunter auch von Ruderalgesellschaften besiedelt wird. Obwohl weit verbreitet, sind die Bestände schmal und kleinflächig und durch Tourismus und Küstenbebauung stark gefährdet.",situs@0.7.0,situs
habitat_type,eunis@2021:N31,de,description,"Kliffs samt ihrer bewachsenen Spalten, Simse und Kliffoberkanten entlang der Küsten von Ostsee, Nordsee und Atlantik bis nach Mittelportugal. Anstehendes Gestein beherrscht den Lebensraum, und dessen sehr wechselhafte Zusammensetzung und Struktur bestimmen den Charakter der verfügbaren Flächen. Höhe und Neigung der Kliffs beeinflussen den Eintrag von Salzgischt, der an exponierten Küsten nahe dem Meer sehr hoch sein kann. Dieses Zusammenspiel örtlicher Klima- und Reliefverhältnisse bedingt die oft ausgeprägte Zonierung von Spaltenvegetation, Grasland und Heiden auf den Kliffs; auch das Regionalklima prägt die Flora. Brütende Seevögel fügen ihr über ihren Guano ein eigenes, nährstoffbedürftiges Element hinzu.",situs@0.7.0,situs
habitat_type,eunis@2021:N32,de,description,"Kliffs samt ihrer bewachsenen Spalten, Simse und Kliffoberkanten entlang der Mittelmeerküsten und der Atlantikküste Südportugals sowie, kleinflächiger, des Schwarzen Meeres. Anstehendes Gestein beherrscht den Lebensraum, und dessen wechselhafte Zusammensetzung und Struktur bestimmen den Charakter der verfügbaren Flächen; Höhe und Neigung der Kliffs beeinflussen den Eintrag von Salzgischt, der an exponierten Küsten nahe dem Meer sehr hoch sein kann. Dieses Zusammenspiel örtlicher Klima- und Reliefverhältnisse bedingt die oft ausgeprägte Zonierung von Spaltenvegetation und Grasland auf den Kliffs; auch das Regionalklima prägt die Flora, die viele mediterrane Endemiten enthält.",situs@0.7.0,situs
habitat_type,eunis@2021:N33,de,description,"Die Felsklippen der makaronesischen Inseln bilden einen schmalen, von Salzgischt beeinflussten Streifen aus Basaltlava; die Zonierung der Spalten- und Simsvegetation ist auf den Inselgruppen der Kanaren, Madeiras und der Azoren verschieden, und Endemiten geben der Flora ein ausgesprochen eigenständiges Gepräge. Der Lebensraum stellt zudem wichtige Brutplätze für Seevögel bereit, deren Guano eine nährstoffreiche Oberfläche für die Besiedlung schafft.",situs@0.7.0,situs
habitat_type,eunis@2021:N34,de,description,"Lehmige Küstenkliffs mit einem Untergrund aus Tonen, Schiefertonen oder lehmigen Sanden erodieren weit schneller als Kliffs über hartem Gestein; sie sind deshalb meist weniger steil und oft instabil. An den Atlantik- und Ostseeküsten beherbergen sie verhältnismäßig häufige und weit verbreitete Arten, auch wenn eine Reihe verschiedener Kleinlebensräume auftreten kann: kurzlebige Pflanzengesellschaften auf den offenen Sedimenten, hochwüchsiges Grasland und Gebüsch auf stabilerem Untergrund sowie Quellfluren im Bereich von Sickerwasseraustritten.",situs@0.7.0,situs
habitat_type,eunis@2021:N35,de,description,"Weiche Küstenkliffs am Mittelmeer und am Schwarzen Meer, die aus leicht erodierbaren Tonen, Schiefertonen und Sanden bestehen. Meist haben sie flach geneigte und oft instabile Oberflächen mit einem Mosaik aus offenem Boden, Pioniervegetation, Gebüsch und von Sickerwasser beeinflussten Quellfluren. Dieser Lebensraum ist wenig untersucht; zu seinen ökologischen und floristischen Eigenschaften liegen kaum Angaben vor.",situs@0.7.0,situs
habitat_type,eunis@2021:Q11,de,description,"Die Mooroberfläche und der darunterliegende Torf stark oligotropher, ausgeprägt saurer Moore mit aufgewölbtem Zentrum, von dem das Wasser zu den Rändern hin abfließt. Der Torf besteht überwiegend aus Torfmoosresten. Hochmoore bilden sich auf nahezu ebenem Gelände und sind ombrotroph, beziehen Wasser und Nährstoffe also allein aus dem Niederschlag. Hochmoorkomplexe umfassen größere und kleinere Moorkolke, Schlenken, erhöhte Bulte und die jeweils zugehörige Vegetation. Hochmoore entstehen nur in kühlen, niederschlagsreichen Klimaten; am weitesten verbreitet sind sie in der borealen Zone sowie in den Gebirgen und Hügelländern der gemäßigten Zone, örtlich treten sie auch in deren Tieflagen auf. Kennzeichnend sind sie für die Tief- und Hügelländer Nordwest- und Nordeuropas, die angrenzenden herzynischen Gebirge, den Jura, die Alpen und die Karpaten. Neben den oft reichlich vorhandenen Torfmoosen wie Sphagnum fuscum, S. magellanicum aggr. und S. majus beherbergen sie eine kleine Zahl von Zwergsträuchern wie Andromeda polifolia, Rhododendron tomentosum und Vaccinium oxycoccos, Seggen wie Carex magellanica, Carex pauciflora, Eriophorum vaginatum und Trichophorum cespitosum sowie weitere Moose und Flechten.",situs@0.7.0,situs
habitat_type,eunis@2021:Q12,de,description,"Die Mooroberfläche und der darunterliegende Torf ombrotropher Moore, die auf ebenem oder schwach geneigtem Gelände mit schlechtem Oberflächenabfluss in ozeanischen, niederschlagsreichen Klimaten entstehen. Auf flacherem Gelände kann die Mooroberfläche der eines Hochmoors sehr ähneln, mit einem Komplex aus kleinen Kolken und trockenen Bulten. Deckenmoore sind ein Lebensraum Nordwesteuropas, kennzeichnend für die westlichen und nördlichen Britischen Inseln, die Färöer und die Westküste Skandinaviens, mit kleinen Vorposten in Frankreich, Portugal und Spanien. Sie bedecken oft große Flächen, wobei örtliche Reliefformen eigene Gesellschaften tragen. Torfmoose wie Sphagnum compactum, S. papillosum, S. rubellum und S. tenellum spielen überall eine wichtige Rolle, begleitet von Calluna vulgaris, Eriophorum angustifolium, E. vaginatum, Molinia caerulea, Narthecium ossifragum, Schoenus nigricans und Trichophorum cespitosum. Deckenmoorkomplexe schließen neben der Mooroberfläche auch dystrophe Kolke und saure Quellfluren ein.",situs@0.7.0,situs
habitat_type,eunis@2021:Q21,de,description,"Topogene Feuchtgebiete, in denen die torfbildende Vegetation vom Zustrom des Wassers aus der umgebenden Landschaft abhängt. Die meisten Talmoore sind Lebensraumkomplexe aus Armmooren, Übergangsmooren und Kolken. Saure Talmoore tragen oft eine hochmoorähnliche Vegetation, besonders in den Teilen, die vom fließenden Wasser weiter entfernt sind. Basische und neutrale Talmoore tragen überwiegend Armmoorvegetation, in großen Moorsystemen begleitet von feuchtem saurem Grasland, Großseggenriedern und Röhrichten. Örtlich bilden sich Torfmoosbulte, und in kleinen Senken siedeln Übergangsmoor-, Ufer- oder Quellgesellschaften. Reichmoore in Tälern gehören nicht dazu.",situs@0.7.0,situs
habitat_type,eunis@2021:Q22,de,description,"Dieser von durchströmendem saurem, nährstoffarmem Grundwasser gespeiste Moortyp tritt in ganz verschiedenen Reliefsituationen auf — um Bergquellen, in den Randlaggs von Hochmooren, in Waldmulden und innerhalb nährstoffarmer Moorgrasland-Komplexe — und zwar in den silikatischen Landschaften des gemäßigten Europa, besonders im Norden. Es besteht ein durchgehender Oberflächenteppich aus oligotrophen Torfmoosen und kleinen Seggen mit einer Begleitflora aus Moorgeneralisten, wie sie für weniger minerotrophe Verhältnisse kennzeichnend sind. Eine Oberflächenstrukturierung ist meist nur schwach ausgeprägt; zu den borealen Gebieten hin kann jedoch ein sanftes Bult-Schlenken-Muster mit einzelnen Bäumen in trockeneren Bereichen auftreten.",situs@0.7.0,situs
habitat_type,eunis@2021:Q23,de,description,"Oligo- bis mesotrophes Moor an den vernässten Rändern von Gletscherseen und entlang von Bächen in der montanen und subalpinen Stufe der spanischen Sierra Nevada, Korsikas und der westlichen Balkanhalbinsel (sowie des Hohen Atlas in Marokko). Es entwickelt sich auf dünnen Torfdecken über silikatischem Gestein, die beständig nass und kühl gehalten werden — in den Hochgebirgen des Balkans einen großen Teil des Jahres von Schnee bedeckt — und die in vorherrschend trockenen Landschaften einen grünen Tupfer bilden. Die Vegetation wird von kleinen Seggen oder anderen Sauergräsern beherrscht, oft mit bemerkenswerten endemischen und reliktischen Arten.",situs@0.7.0,situs
habitat_type,eunis@2021:Q24,de,description,"Diese schwach sauren minerotrophen Moore stocken auf Torf, der aus den oberen Einzugsgebieten durch diffuses Sickern kalkfreien, über Quellen austretenden Grundwassers gespeist wird. Sie sind im gemäßigten Europa weit verbreitet, im wärmeren Süden allerdings in größeren Höhenlagen. Die Vegetation wird typischerweise von einem Teppich aus Braunmoosen und minerotrophen Torfmoosen, kleinen Seggen und begleitenden Kräutern beherrscht, im Allgemeinen ohne Reichmoorzeiger, mitunter mit trockeneren Bulten, auf denen Zwergsträucher und vereinzelte Bäume wachsen können.",situs@0.7.0,situs
habitat_type,eunis@2021:Q25,de,description,"Dieser Lebensraum entsteht durch Verlandung offener Gewässer: Von den Rändern saurer Seen und Weiher wachsen durchnässte Schwingdecken aus Vegetation vor, und Torf sammelt sich an, sodass insgesamt eine flache, schwingende Fläche entsteht. Er ist in Europa weit verbreitet, meist jedoch sehr kleinflächig; die größten Flächen werden aus den nordischen Ländern gemeldet. Auf den verfilzten Teppichen aus Seggen und anderen Gefäßpflanzen minerotropher Standorte entwickeln sich Torfmoose, weitere Moose und oft reichlich Lebermoose; dickere Partien bilden mitunter unregelmäßige ombrotrophe Bulte. Die Hauptgefährdung ist die Entwässerung, die rasch und oft unumkehrbar zur Entwicklung anderer Lebensräume wie Armmoore führt. Schwingrasenbereiche in Durchströmungsmooren, die weit artenreicher sind, brauchen nach einer Wiedervernässung sehr lange zur Regeneration, wenn der Regelmechanismus des Torfkörpers durch Entwässerung zerstört wurde.",situs@0.7.0,situs
habitat_type,eunis@2021:Q3,de,description,[Die einzelnen Lebensräume Q31 und Q32 auf Hierarchieebene 3 konnten vom Expertensystem nicht getrennt werden. Deshalb wurde nur der Lebensraum Q3 auf Ebene 2 definiert.],situs@0.7.0,situs
habitat_type,eunis@2021:Q41,de,description,"Kleinseggenriede, Quellmoore und Moorgrasland, die durch basenreiche, nährstoffarme Wässer dauerhaft nass gehalten werden; verbreitet in den Tief- und Berglagen des gemäßigten Europa und kleinflächiger in der borealen Zone. Am häufigsten, reichsten und vielfältigsten sind sie in den Kalkmassiven der mitteleuropäischen Gebirge, besonders in Alpen und Karpaten. Der Boden ist reich an organischer Substanz und weist hohe pH-Werte auf, oft mit Ausfällung von Kalk oder Kalktuff. Kleine basiphile Seggen beherrschen die Vegetation, begleitet von einer reichen Begleitflora und einem fleckenhaften Teppich aus Moormoosen; Torfmoose fehlen.",situs@0.7.0,situs
habitat_type,eunis@2021:Q42,de,description,"Basenreiche Moore ohne Kalkausfällung, oft mit kalktoleranten Torfmoosen wie Sphagnum contortum, S. subfulvum, S. teres und S. warnstorfii. Die Torfmoose werden von weiteren Moosen wie Paludella squarrosa und Tomentypnum nitens begleitet, dazu treten Seggen, Sonnentau sowie kalkliebende wie kalkmeidende Gefäßpflanzen — eine Kombination, die diesen Lebensraum zu den artenreichsten Mooren zählen lässt.",situs@0.7.0,situs
habitat_type,eunis@2021:Q43,de,description,"Großseggenriede werden von mittelhohen bis hohen Sauergräsern und hohen Stauden beherrscht, dazu kommen eine lückigere Schicht niedriger Pflanzen und ein Bodenteppich aus Reichmoormoosen. Sie sind auf ebene Geländeformen beschränkt, in denen basenreiches, nährstoffarmes Grundwasser aus Quellen und Sickerlinien die Oberfläche auch im Sommer sehr nass hält. Sie treten in ganz Europa auf, besonders in den atlantischen und mitteleuropäischen Tieflagen, und gehen nach Norden hin in der Artenzusammensetzung in kalkreiche Schwingrasenmoore über; in Fennoskandien bedecken sie mitunter große Flächen.",situs@0.7.0,situs
habitat_type,eunis@2021:Q44,de,description,"Kalkreiche Schwingrasenmoore entstehen als topogene Moore in Becken, die von sehr kalkreichem, nährstoffarmem Grundwasser gespeist werden; der Torf ist meist dünn, weniger als 2 m mächtig. Der Lebensraum ist in ganz Europa verbreitet, am häufigsten jedoch in Finnland und Schweden. Die Oberfläche wird dauerhaft sehr nass gehalten und ist von einem ausgedehnten Moosteppich mit nur spärlichen Gefäßpflanzen bedeckt, der bisweilen über unregelmäßigen Mustern aus Schlenken und Mulden liegt. An der Oberfläche kann Kalk ausfallen, und der Teppich wird oft von offenen Wasserflächen unterbrochen.",situs@0.7.0,situs
habitat_type,eunis@2021:Q45,de,description,"Moore auf offenen Substraten, die entlang kleiner Flüsse, an Quellen oder Gletschern in der alpinen Stufe der europäischen Gebirge und in der Arktis beständig von eiskaltem, basenreichem Wasser durchrieselt werden. Ständige Störung durch bewegtes Wasser und Frostwechsel, die Belüftung durch turbulente Strömung und die geringe Produktivität verhindern eine Torfbildung. Folglich tritt dieser Moortyp typischerweise als kleine, instabile Flecken auf, die offenen Boden besiedeln. Die Vegetation besteht aus kleinen basiphilen Seggen, Binsen und Kräutern, Braunmoosen und Lebermoosen.",situs@0.7.0,situs
habitat_type,eunis@2021:Q46,de,description,"Kleinseggenriede auf aktiven Kalktuffquellen, die von außerordentlich mineralreichem Grundwasser gespeist werden, das aus tiefen Grundwasserleitern entlang tertiärer Störungen aufsteigt. Sie haben eine altertümliche Artenzusammensetzung bewahrt, die auf kalkreiche Kleinseggenriede des gemäßigten Europa spezialisierte Pflanzen und Tiere (etwa Schnecken und Muschelkrebse) — zum Beispiel Eleocharis quinqueflora, Parnassia palustris, Pinguicula vulgaris, Primula farinosa und Schoenus ferrugineus — mit halophytischen Arten wie Centaurium littorale subsp. uliginosum, Glaux maritima, Plantago maritima subsp. salsa, Scorzonera parviflora und Triglochin maritima verbindet. Eine kennzeichnende Art ist Trichophorum pumilum, ein seltenes Eiszeitrelikt wenig produktiver Tundren-, Moor- und Salzwiesenlebensräume. Viele dieser Arten haben hier isolierte Reliktvorkommen. Ihre Artenzusammensetzung ähnelt derjenigen halophytischer Moore der südsibirischen Hochgebirge, die klimatisch dem europäischen Hochglazial entsprechen. Der Lebensraum ist endemisch für die Becken der Inneren Westkarpaten. Die meisten Vorkommen wurden in der Vergangenheit zerstört.",situs@0.7.0,situs
habitat_type,eunis@2021:Q51,de,description,"Dieser Lebensraum hochwüchsiger Sauergras- und Staudensumpfpflanzen besetzt kennzeichnenderweise eine Zone von flachem bis mäßig tiefem, mesotrophem bis eutrophem Süß- oder schwach brackigem Wasser an den Ufern von Flüssen und Seen, in künstlichen Gewässern sowie an nährstoffreichen Landstandorten auf staunassem Boden. Er ist in den europäischen Tieflagen sehr weit verbreitet, von Natur aus jedoch kleinflächig verteilt. Welche Art dominiert, hängt von Wassertiefe, Überflutungsdauer, Substrat, Trophiegrad, Störung durch Wellen oder Strömung, Verbiss und menschlichem Einfluss ab; einige Arten werden als Futter oder für Reetdächer geschnitten. Wegen der Konkurrenzkraft und des klonalen Wuchses der hohen Sumpfpflanzen sind die Bestände meist artenarm und werden häufig von einer oder wenigen Arten beherrscht. Der Lebensraum ist gefährdet durch Entwässerung und Verschmutzung, durch Landgewinnung für Landwirtschaft und Siedlungsbau sowie durch den Rückgang der Moornutzung für nachwachsende Rohstoffe.",situs@0.7.0,situs
habitat_type,eunis@2021:Q52,de,description,"Vegetation aus niedrigen und amphibischen Sumpfpflanzen des Süßwassers ist ein weit verbreiteter, sehr häufiger, aber kleinflächig verteilter Lebensraum der europäischen Tieflagen; er tritt in den flachen Uferzonen von Seen, Weihern und Flüssen auf, deren Wasserstand regelmäßig und wiederholt schwankt. Kennzeichnend sind amphibische Pflanzen; der Lebensraum ist für benthische Wirbellose, Fische, Amphibien und mehrere Vogelarten wichtig, weil er Deckung und Nahrung bietet. Wie andere Feuchtlebensräume hat er stark unter der Intensivierung der Landwirtschaft gelitten — Entwässerung, veränderte Überflutungsverhältnisse, Landgewinnung — sowie unter der Ausdehnung der Siedlungsflächen.",situs@0.7.0,situs
habitat_type,eunis@2021:Q53,de,description,"Dieser Lebensraum entwickelt sich in den Tieflagen ganz Europas, nach Süden hin seltener, an den Rändern stehender und langsam fließender Süßgewässer knapp oberhalb des mittleren Wasserstands, bei periodischer Überflutung, sowie auf ganzjährig wassergesättigten Böden. Großseggengesellschaften sind meist artenarm und werden von einer wüchsigen, oft dichte Bulte bildenden Art beherrscht, begleitet von wenigen kennzeichnenden Arten, die mosaikartig auf und zwischen den Bulten wachsen. Welche Art dominiert, hängt von Klima, Substrat, Wasserhaushalt und Trophie ab sowie — heute meist nur noch in der Vergangenheit — von Beweidung oder Mahd. Hauptgefährdungen sind die Ausdehnung von Landwirtschafts-, Industrie- und Siedlungsflächen sowie Veränderungen des Grundwasserstands und dessen Verschmutzung. Vielerorts ist der Lebensraum vollständig umgewandelt, ohne Aussicht auf natürliche Erholung; für eine Wiederherstellung sind meist starke Eingriffe nötig.",situs@0.7.0,situs
habitat_type,eunis@2021:Q54,de,description,"Dieser Lebensraum umfasst Sumpfpflanzenbestände in und um salzige oder brackige Binnenseen, Weiher und andere stehende oder langsam fließende Gewässer, etwa salzhaltige mediterrane Flüsse, die im Sommer austrocknen. Je nach Wasserhaushalt können Röhrichte aus verschiedenen hohen oder horstbildenden Arten auftreten, die brackige oder salzige Verhältnisse ertragen. Verbreitet ist er sowohl im kontinentalen Teil Europas als auch im ariden Mittelmeerraum, wo er im Sommer vollständig austrocknen und hypersalin werden kann. Gefährdungen sind Landgewinnung für Landwirtschaft und Siedlungen, anthropogene Veränderungen des Wasserhaushalts sowie die Einleitung von Süßwasser für Wasservogeljagd oder Ökotourismus in Trockengebieten. Die wichtigsten Schutzmaßnahmen sind die Sicherung des eigentümlichen Wasserhaushalts und die Begrenzung der Ausbreitung der Sumpfpflanzen durch Beweidung.",situs@0.7.0,situs
habitat_type,eunis@2021:R11,de,description,"Ziemlich offenes Steppengrasland, beherrscht von ausdauernden Horstgräsern und Kräutern, mit häufigen Frühjahrseinjährigen und Kryptogamen; typisch für nährstoffarme Sandböden in Ebenen und auf Dünen der pannonischen, pontischen und südbaltischen Gebiete. Das Klima ist kontinental mit kalten Wintern, oft langem Frost und geringer Schneedecke, sowie heißen, trockenen Sommern. Traditionell extensiv beweidet, besonders mit Schafen, heute vielerorts aufgegeben. Der Lebensraum kommt auch an einigen Stellen im südlichen Ostseeraum nördlich der Karpaten vor; eine Ergänzung des Namens um das sarmatische Gebiet wäre deshalb zu erwägen.",situs@0.7.0,situs
habitat_type,eunis@2021:R12,de,description,"Offenes Pioniergrasland, beherrscht von ausdauernden Sukkulenten und einjährigen Arten, mit untergeordneten kleinen Horstgräsern, mitunter Geophyten und oft einem auffälligen Anteil an Kryptogamen. Es bildet typischerweise kleine Bestände auf sehr flachgründigen, skelettreichen, nährstoffarmen, sauren Böden über silikatischen Felsaufschlüssen, an erodierten Hängen und in gestörten oder künstlichen Lebensräumen wie Erdhaufen und Mauerkronen. Der Lebensraum tritt im gesamten gemäßigten und borealen Europa bis in die subalpine Stufe auf, dort, wo die durchlässigen Böden im Sommer rasch austrocknen, Frühjahrsregen aber einen schnellen Wuchsschub der einjährigen Arten erlauben.",situs@0.7.0,situs
habitat_type,eunis@2021:R13,de,description,"Offenes Pioniergrasland mit ausdauernden Sukkulenten und Frühjahrseinjährigen, untergeordneten kleinen Horstgräsern und Kräutern und oft einem sehr auffälligen, reichen Anteil an Kryptogamen. Typischerweise in kleinen Flecken auf sehr flachgründigen, skelettreichen, nährstoffarmen, basenreichen Böden über einer Vielzahl basenreicher und mitunter ultramafischer Gesteine sowie in ähnlichen künstlichen Lebensräumen wie Steinbruchhalden und Mauerkronen. Der Lebensraum reicht von der hemiborealen bis in die submediterrane Zone und tritt nach Süden hin vor allem in größeren Höhenlagen auf.",situs@0.7.0,situs
habitat_type,eunis@2021:R14,de,description,"Dieses nur auf basenreichen Gesteinen der Apenninenhalbinsel und Siziliens vorkommende Grasland ist am besten in der submediterranen bioklimatischen Zone entwickelt. Es wird je nach Standort von ausdauernden Gräsern und Kräutern oder — an steileren, felsigeren Stellen — von Polsterpflanzen und Zwergsträuchern beherrscht. Meist artenreich und mitunter mit Anteilen einjähriger Arten sowie, an gestörten Stellen, Geophyten, beherbergt der Lebensraum bisweilen endemische Pflanzen. Aus der Rodung von Laub- und Mischwäldern hervorgegangen, wird er durch traditionelle Beweidung in einer eigentümlichen Kulturlandschaft erhalten.",situs@0.7.0,situs
habitat_type,eunis@2021:R15,de,description,"Meist offene Vegetation aus Zwergsträuchern und ausdauernden, polsterbildenden kontinentalen Steppenpflanzen auf gut dränenden, basenreichen Böden über felsigen Kreideaufschlüssen im Einzugsgebiet des Don und möglicherweise auch der Wolga.",situs@0.7.0,situs
habitat_type,eunis@2021:R16,de,description,"Offenes Grasland, das im Allgemeinen von ausdauernden Gräsern beherrscht wird, mit reichen Mischungen aus Rosettenkräutern, Polsterpflanzen und Geophyten und — besonders nach Südeuropa hin — einjährigen Arten. Es kommt auf flachgründigen, nährstoffarmen Böden über kalk- wie silikatreichem Gestein in den Tief- und submontanen Lagen Mittel- und Südeuropas vor, am besten entwickelt an steileren, für die Landwirtschaft ungeeigneten Hängen, ausgedehnt aber dort, wo Waldrodung und Beweidung, besonders mit Ziegen, Teil der traditionellen Bewirtschaftung waren.",situs@0.7.0,situs
habitat_type,eunis@2021:R17,de,description,"Grasland, das auf trockene, nährstoffarme und schwermetallreiche Böden über ultramafischem Gestein in den Gebirgen des Balkans, auf Euböa und Zypern beschränkt ist, mit einer offenen Decke aus Gräsern und Kräutern, darunter zahlreiche Endemiten.",situs@0.7.0,situs
habitat_type,eunis@2021:R18,de,description,"Offenes Grasland, beherrscht von ausdauernden Arten und besonders reich an Polsterpflanzen; typisch für rudimentäre, flachgründige, nährstoffarme, basenreiche Böden über geneigtem, schuttreichem Kalkgelände. Es kommt in den Tief- bis submontanen Lagen des subatlantischen und submediterranen Westeuropa vor, einschließlich einiger Höhenlagen der westmediterranen Gebirge, und wurde traditionell durch extensive Beweidung erhalten.",situs@0.7.0,situs
habitat_type,eunis@2021:R19,de,description,"Trockene Steppenweiden auf stark dränenden, basenreichen Böden an Talflanken, in Dolinen und Schlucklöchern im Umkreis der Adriaküsten, wo das submediterrane Klima von Spätherbst- und Frühjahrsregen sowie Sommertrockenheit geprägt ist. Beherrscht von oft reichen Mischungen aus Sauergräsern, Kräutern und Polsterpflanzen, ist der Lebensraum auf extensive Beweidung angewiesen und hat heute oft nur noch fleckenhaft inmitten von Gebüsch- und Waldmosaiken überdauert.",situs@0.7.0,situs
habitat_type,eunis@2021:R1A,de,description,"Halbnatürliches Grasland auf tiefgründigeren, weniger trockenheitsanfälligen, nährstoffarmen, basenreichen Böden über Kalkstein, verbreitet in den Tief- und submontanen Lagen vom submediterranen bis zum hemiborealen Europa. In der Regel geschlossen und von Mischungen aus Sauergräsern und Kräutern beherrscht, oft außerordentlich artenreich, mit vielen seltenen Pflanzen und mitunter bemerkenswerten Orchideenbeständen; über das große Areal hinweg mit stark wechselnden kontinentalen oder submediterranen Begleitern. Der Lebensraum ist auf extensive Beweidung, meist mit Schafen, oder auf eine jährliche Mahd angewiesen und in jahrhundertelanger traditioneller Weidewirtschaft entstanden, die einige eindrucksvolle Kulturlandschaften geprägt hat.",situs@0.7.0,situs
habitat_type,eunis@2021:R1B,de,description,"Steppen und steppenartiges Grasland auf überwiegend basenreichen Böden über Kalkgestein, von wechselnder Tiefe und Steinigkeit, verbreitet in den Tief- bis submontanen Lagen des kontinentalen Europa. Beherrscht von Pflanzen, die an lange sommerliche Trockenperioden angepasst sind — überwiegend hohe Horstgräser und ausdauernde Kräuter —, zeigt der Lebensraum über sein großes Areal hinweg eine breite Variation in Artenzusammensetzung und Standort. Unter extremeren Bedingungen ist das Grasland natürlich, oft trägt es jedoch extensive Beweidung. Dieser Lebensraum umfasst auch viele Trockenrasen, die keine „echte Steppe"" sind; der Name sollte deshalb geändert werden, etwa in „Kontinentales Steppengrasland (einschließlich der echten Steppe)"". Für die Steppenzone ist er vermutlich zu weit gefasst: Er schließt eigene Typen auf Felsaufschlüssen (petrophytische Steppe) und auf Solonetz-Böden (Solonetz-Steppe) ein, jeweils mit einer eigenen Gruppe spezialisierter Arten. Diese Typen sollten künftig als mögliche Ergänzung der EUNIS-Klassifikation geprüft werden.",situs@0.7.0,situs
habitat_type,eunis@2021:R1C,de,description,"Kontinentale, gemäßigte, sehr trockene zonale Steppe im Übergangsgürtel zwischen der eigentlichen Steppenzone und der Halbwüstenzone der südlichen Ukraine, des Südostens des europäischen Russland und weiter nach Kasachstan hinein. Die Trockensteppe wird von einer Kombination xerophytischer hoher und niedriger Gräser (etwa Agropyron und Stipa) und xerophytischer Halbsträucher (etwa Artemisia und Tanacetum) beherrscht. Die Vegetationsdecke ist verhältnismäßig gering, der größte Teil der Biomasse liegt unterirdisch. Typisch sind südliche Schwarzerden (Tschernoseme) und helle Kastanienböden (Kastanoseme).",situs@0.7.0,situs
habitat_type,eunis@2021:R1D,de,description,"Stark beweidete Hutungen des Mittelmeerraums, überwiegend auf Schluff- und Tonböden der Tieflagen, beherrscht von Rosettenpflanzen, verschiedenen Schmetterlingsblütlern und kleinen Gräsern, die intensiven Verbiss und Tritt ertragen. Die Böden sind im Sommer trocken, was nitrophile Arten fernhält, die durch Düngung sonst gefördert würden; von Herbstregen aufgefrischt, bleibt der Aufwuchs den Winter über grün und ertragreich und liefert wertvolles Futter. Die Begleitarten wechseln über das große Areal hinweg stark.",situs@0.7.0,situs
habitat_type,eunis@2021:R1E,de,description,"Grasland auf basenreichen Böden über verschiedenen Kalkgesteinen des Mittelmeerraums, wo Beweidung und Tritt offene oder geschlossene Rasen erhalten, die meist von hohen, dichten Horstgräsern beherrscht werden und dadurch steppenartig wirken. Sommertrockenheit sowie Störung durch Beweidung und Feuer verhindern die Rückentwicklung zum Wald, können aber die Einwanderung gebietsfremder Arten begünstigen.",situs@0.7.0,situs
habitat_type,eunis@2021:R1F,de,description,"Meist kurzlebige Vegetation im Jahresrhythmus von Frühjahrsregen und Sommertrockenheit im gesamten Mittelmeerraum, in der eine große Vielfalt kleiner einjähriger Pflanzen kurz und farbenprächtig auf offenen Stellen überwiegend basenreicher Böden erscheint. Die Artenzusammensetzung schwankt stark je nach regionalem Relief und Klima sowie nach dem Einfluss der traditionellen Weidewirtschaft.",situs@0.7.0,situs
habitat_type,eunis@2021:R1G,de,description,"Grasland basenarmer Böden über silikatischem Gestein an den Hängen und Kammlagen der Hochgebirge der Iberischen Halbinsel, mit kurzer Vegetationszeit und harten Wintern, in denen starke Winde den Boden schneefrei fegen und die Oberfläche tiefem Frost und der Bildung von Frostwechselformen aussetzen. Die mäßig offene bis geschlossene Vegetationsdecke wird von niederliegenden oder zwergwüchsigen Gräsern und Kräutern beherrscht und enthält zahlreiche Endemiten.",situs@0.7.0,situs
habitat_type,eunis@2021:R1H,de,description,"Grasland basenreicher Böden über Kalkgestein an den Hängen und Kammlagen der Hochgebirge der Iberischen Halbinsel und Frankreichs, mit kurzer Vegetationszeit und harten Wintern, in denen starke Winde den Boden schneefrei fegen und die Oberfläche tiefem Frost aussetzen, was die Bildung von Frostwechselformen begünstigt. Die mäßig offene bis geschlossene Vegetationsdecke wird von niederliegenden oder zwergwüchsigen Gräsern und Kräutern beherrscht und enthält zahlreiche Endemiten.",situs@0.7.0,situs
habitat_type,eunis@2021:R1J,de,description,"Grasland basenarmer Böden über silikatischem Gestein an den Hängen und Kammlagen der Hochgebirge Korsikas und Sardiniens, mit kurzer Vegetationszeit und harten Wintern, in denen starke Winde den Boden schneefrei fegen und die Oberfläche tiefem Frost aussetzen, was die Bildung von Frostwechselformen begünstigt. Die Vegetationsdecke ist mittel bis vollständig geschlossen, wird von niederliegenden Kräutern, Polsterpflanzen und Zwergsträuchern beherrscht und enthält zahlreiche Endemiten.",situs@0.7.0,situs
habitat_type,eunis@2021:R1K,de,description,"Geschlossenes Grasland tiefgründigerer saurer Böden über verschiedenen Gesteinen oberhalb der Waldgrenze in Griechenland und Anatolien. Es findet sich an Hochgebirgshängen und in Senken, in denen sich Schnee sammelt und im Frühjahr mit Schmelzwasser bewässert. Die Vegetation ist artenreich, die beherrschenden und begleitenden Arten wechseln jedoch von Ort zu Ort. Der Lebensraum liefert wertvolle Sommerweide für die traditionelle Weidewirtschaft.",situs@0.7.0,situs
habitat_type,eunis@2021:R1L,de,description,"Sehr eigenständiges, horstbildendes und endemitenreiches Grasland, das auf die Gebirge Madeiras beschränkt ist; es wächst in Spalten und auf Simsen silikatischer Vulkangesteine, wo die Böden durch das sehr feuchte Klima dauerhaft feucht gehalten werden. Typischerweise bildet es Mosaike mit Heiden und Wäldern und ist durch den Rückgang der Ziegenbeweidung gefährdet.",situs@0.7.0,situs
habitat_type,eunis@2021:R1M,de,description,"Meist von der dichthorstigen Nardus stricta beherrscht, ist dieses Grasland kennzeichnend für nährstoffarme, saure, mitunter zeitweise feuchte Böden über silikatischen Substraten in allen Tief- und submontanen Lagen des gemäßigten Europa, am besten entwickelt jedoch im kühleren und niederschlagsreicheren atlantischen Klima. Andere Gräser können die Dominanz teilen; die Begleitflora ist im Allgemeinen eher artenarm und hängt von Art und Intensität der Beweidung ab.",situs@0.7.0,situs
habitat_type,eunis@2021:R1N,de,description,"Beherrscht von kleinen Horstgräsern, Kräutern und Polsterpflanzen, darunter viele Endemiten, wächst dieses Grasland auf flachgründigen, skelettreichen, nährstoffarmen und trockenheitsanfälligen Böden über Aufschlüssen silikatischer und ultramafischer Gesteine in mittleren bis großen Höhenlagen der westlichen Iberischen Halbinsel. Der Lebensraum ist traditioneller Teil von Weidelandschaften, die überwiegend mit Schafen beweidet werden.",situs@0.7.0,situs
habitat_type,eunis@2021:R1P,de,description,"Mäßig offenes bis geschlossenes Grasland auf nährstoffarmen Sandböden, überwiegend sauer bis neutral, mitunter auch kalkhaltig, in Ebenen, auf Flussterrassen und an Steilhängen der Tief- und submontanen Lagen des gemäßigten Europa. Schmalblättrige, horstbildende Sauergräser herrschen vor, die Begleitkräuter können zahlreich sein, und offenere Rasen tragen oft eine reiche Flora aus einjährigen Arten und Kryptogamen. Über das weite Areal hinweg wechseln beherrschende und begleitende Arten beträchtlich; das extreme Kleinklima kann westlichen Vorposten von Steppenelementen Raum bieten.",situs@0.7.0,situs
habitat_type,eunis@2021:R1Q,de,description,"Meist lückiges Grasland auf Sandwehen zwischen Binnendünen und in anderen offenen Landschaften, vor allem im nördlichen mitteleuropäischen Tiefland, wo die nährstoffarme und stark saure Oberfläche der Winderosion und heißen, trockenen Sommern ausgesetzt ist und eine sehr eigenständige Wanderdünenlandschaft bildet. Die Bodenbildung verläuft sehr langsam; auf eine Pioniervegetation aus Moosen folgt eine offene Decke aus kleinen Horstgräsern, auf der verdichteten Oberfläche oft mit reichen Flechtenbeständen. Truppenübungsplätze und aufgelassene Braunkohlegebiete bieten diesem Grasland neue Entwicklungsmöglichkeiten.",situs@0.7.0,situs
habitat_type,eunis@2021:R1R,de,description,"Meist kurzlebige Vegetation im Jahresrhythmus von Frühjahrsregen und Sommertrockenheit im westlichen Mittelmeerraum und, bruchstückhafter, bis in atlantische und kontinentale Gebiete hinein, in der eine große Vielfalt kleiner einjähriger Pflanzen kurz und farbenprächtig auf offenen Stellen nährstoffarmer, saurer Böden erscheint. Typischerweise bildet der Lebensraum kleine Flecken in engen Mosaiken mit Heide und Gebüsch und war eine wertvolle Zusatzressource für Schafe zur Lammzeit.",situs@0.7.0,situs
habitat_type,eunis@2021:R1S,de,description,"Niedriger, offener Rasen mit einem eigenständigen Anteil an Schwermetallpflanzen auf flachgründigen, skelettreichen Böden über natürlichen schwermetallhaltigen Gesteinsaufschlüssen West- und Mitteleuropas sowie auf Bergbauhalden oder auf Flächen, die durch Stäube und Wässer aus solchen Quellen belastet sind. Typischerweise tritt er als kleine Flecken in der Landschaft auf, wird langsam besiedelt und durch die extremen Standortbedingungen erhalten. Mitunter ist er auf die Beweidung durch wildlebende Pflanzenfresser angewiesen, die die an Kryptogamen reicheren frühen Sukzessionsstadien erhalten.",situs@0.7.0,situs
habitat_type,eunis@2021:R1T,de,description,"Unbeweidetes Grasland aus Mischungen von Gräsern, Kräutern und Polsterpflanzen, darunter viele Endemiten, die bestandsbildend auftreten können; beschränkt auf die Azoren, wo es für exponierte oder instabile Felshänge, Simse und Rutschungen mit nährstoffarmen sauren Böden kennzeichnend ist. Die Artenzusammensetzung wechselt mit Höhenlage und Klima, Gesteinsart und Standortstabilität.",situs@0.7.0,situs
habitat_type,eunis@2021:R21,de,description,"Die häufigste und am weitesten verbreitete Form traditionell bewirtschafteter Weiden auf tiefgründigeren, gut dränierten frischen Böden im gemäßigten Europa, mit zahlreichen örtlichen Ausbildungen je nach Regionalklima, Gelände und Weidetradition. Typischerweise von Mischungen ertragreicher Gräser und Kräuter beherrscht, kann sie dort artenreich sein und seltene, kennzeichnende Pflanzen beherbergen, wo Beweidung und Düngung extensiv bleiben. Einst oft Teil größerer Weidelandschaften mit zugehörigen Wiesen, ist sie heute vielerorts durch intensive Beweidung umgewandelt.",situs@0.7.0,situs
habitat_type,eunis@2021:R22,de,description,"Die häufigste und am weitesten verbreitete Form traditionell bewirtschafteter Wiesen auf tiefgründigeren, gut dränierten frischen Böden in den Tief- und Hügellagen des gemäßigten Europa, mit vielen örtlichen Ausbildungen je nach Regionalklima, Gelände und Mähtradition. Typischerweise von Mischungen ertragreicher Gräser und Kräuter beherrscht, kann sie sehr artenreich sein und seltene, kennzeichnende Pflanzen beherbergen, wo die überlieferten Verfahren von Mahd, Beweidung und Düngung fortgeführt werden. Einst oft Teil größerer Agrarlandschaften mit zugehörigen Weiden, ist sie heute vielerorts durch die Umstellung auf Silagegewinnung umgewandelt; Übergänge zu intensivem Silagegrasland sind alltäglich.",situs@0.7.0,situs
habitat_type,eunis@2021:R23,de,description,"Die typische Form traditionell bewirtschafteter Wiesen auf tiefgründigen, gut dränierten frischen Böden in den Gebirgen Nord- und Mitteleuropas mit kurzer, kühler Vegetationszeit. Es gibt viele örtliche Ausbildungen je nach Regionalklima, Gelände und Bewirtschaftungstradition; die Vegetation wird typischerweise von Mischungen ertragreicher Gräser und Kräuter beherrscht und kann artenreich sein, mit seltenen, kennzeichnenden Pflanzen dort, wo die überlieferten Verfahren von Mahd, Beweidung und Düngung fortgeführt werden. Einst oft Teil größerer Agrarlandschaften mit zugehörigen Weiden, haben gute Bestände heute meist nur noch bruchstückhaft überdauert, und Übergänge zu Silagegrasland sind weit verbreitet.",situs@0.7.0,situs
habitat_type,eunis@2021:R24,de,description,"Sehr eigenständige hochwüchsige Gras-Weiden und -Wiesen der traditionellen Rinderhaltung in den Tief- und Hügellagen des westlichen Iberiens, wo ein mediterranes oder submediterranes Klima und die seit Langem bestehenden Beweidungs- und gelegentlichen Mähverfahren einen bemerkenswerten Bestand regionaler Pflanzen tragen; eng mit der Dehesa verbunden. Das Substrat ist sandig oder tonig und häufig zeitweise überflutet, trocknet aber rasch wieder aus — Bedingungen, die bestimmen, welches Gras vorherrscht.",situs@0.7.0,situs
habitat_type,eunis@2021:R31,de,description,"Von Binsen und hohen Gräsern beherrschte Vegetation zeitweise staunasser, überwiegend saurer und leicht salziger Böden in Senken des gesamten Mittelmeerraums. Sie ist zwar nicht auf Beweidung angewiesen, kann in traditionellen Weidesystemen im Sommer aber eine wertvolle Futterquelle für Rinder und Schafe sein, wenn die übrigen Weiden vertrocknet sind.",situs@0.7.0,situs
habitat_type,eunis@2021:R32,de,description,"Niedrige, artenreiche Rasen aus Sauergräsern, die traditionell durch starke Beweidung erhalten werden, auf Tonböden des Mittelmeerraums, die im Winter staunass sind und im trockenen Sommer die kennzeichnenden Trockenrisse zeigen.",situs@0.7.0,situs
habitat_type,eunis@2021:R33,de,description,"Geschlossenes horstbildendes Grasland feuchter Standorte in großen Höhenlagen des westlichen Mittelmeerraums, das den Sommer über grün bleibt und dadurch wertvolle Weide für wandernde Rinder- und Schafherden bietet.",situs@0.7.0,situs
habitat_type,eunis@2021:R34,de,description,"Feuchtwiesen sandiger bis toniger, mesotropher bis eutropher Böden auf Flussterrassen und flachen Hängen, vor allem in den Tief- bis submontanen Lagen Südosteuropas, westwärts bis Mittelitalien reichend. Überflutungen im Winter und Frühjahr sind häufig, später im Jahr kann der Boden jedoch austrocknen und örtlich versalzen. Die Artenzusammensetzung spiegelt regionale Unterschiede in Temperatur und Niederschlag wider, wird aber auch von Mahd- und Beweidungsverfahren beeinflusst.",situs@0.7.0,situs
habitat_type,eunis@2021:R35,de,description,"Wiesen feuchter, mitunter zeitweise überfluteter, nährstoffreicher Böden in Auen und Bachtälern der Tief- bis submontanen Lagen Europas. Traditionell zur Heugewinnung gemäht, im Spätsommer und Herbst bisweilen auch leicht beweidet, ist die Vegetation oft artenreich und zieht mit ihrem Blütenreichtum eine vielfältige Begleitfauna an Wirbellosen an. Einst oft Teil größerer Agrarlandschaften mit zugehörigen Weiden, haben gute Bestände heute meist nur noch bruchstückhaft überdauert; auf hochwassergeschütztem Land sind Übergänge zu intensivem Silagegrasland weit verbreitet.",situs@0.7.0,situs
habitat_type,eunis@2021:R36,de,description,"Weiden feuchter bis nasser, mesotropher bis eutropher Böden, die im Winter und Frühjahr meist überflutet sind, in Auen, an Seeufern und Grabenrändern des gemäßigten Europa, mitunter mit brackigem Einfluss. Beweidet wird überwiegend mit Rindern, was den Nährstoffhaushalt stark beeinflussen kann; bei verdichtetem Boden herrschen überflutungs- und trittverträgliche Pflanzen vor, mit wenigen auffälligen Blüten und einer entsprechend armen Begleitfauna an Wirbellosen.",situs@0.7.0,situs
habitat_type,eunis@2021:R37,de,description,"Wiesen und Weiden weniger nährstoffreicher Böden, die den größten Teil des Jahres nass sind, aber nicht von Hochwasser überflutet werden und im Sommer austrocknen, besonders in kontinentaleren Gebieten. Die Böden reichen von schwach sauer bis basenreich und sind im Oberboden mitunter torfig; in den Tief- bis submontanen Lagen Europas waren diese Flächen Teil größerer Landschaften zwischen Niedermooren und trockenerem Grasland. Weniger ertragreich als Stromtalwiesen, werden sie nur einmal jährlich gemäht und im Westen des Areals oft nur leicht beweidet; artenreich können sie dennoch sein, mit einigen kennzeichnenden und auffälligen Arten.",situs@0.7.0,situs
habitat_type,eunis@2021:R41,de,description,"Vegetation auf skelettreichen, mitunter humosen Böden unter lange liegenden Schneeflecken in arktischen und subarktischen Tieflagen, borealen Gebirgen und den temperaten Hochgebirgen Mittel- und Südeuropas. Beherrscht von Gräsern, Seggen, Kräutern und Kryptogamen, hängt die Artenzusammensetzung von Regionalklima, Höhenlage, Gestein und Bodentyp ab und umfasst mitunter Endemiten, besonders in Südeuropa.",situs@0.7.0,situs
habitat_type,eunis@2021:R42,de,description,"Boreale und arktische azidophile alpine Rasen, beherrscht von niedrigen Sauergräsern und Kräutern, kennzeichnend für flachgründige, überwiegend basenarme Böden mit lange liegender Schneedecke; verbreitet in den Hochgebirgen Fennoskandiens, Islands und Schottlands.",situs@0.7.0,situs
habitat_type,eunis@2021:R43,de,description,"Rasen und Zwergstrauchvegetation auf skelettreichen, flachgründigen Böden über überwiegend silikatischem Gestein in der alpinen Stufe der temperaten Gebirge Europas; typisch für die höchsten Gipfel und Grate, oft stark windexponiert und im Winter weitgehend schneefrei geblasen.",situs@0.7.0,situs
habitat_type,eunis@2021:R44,de,description,"Rasen auf meist flachgründigen, stark kalkhaltigen Böden an Hängen und Graten aus Kalk oder Dolomit in der alpinen und subalpinen Stufe der Hochgebirge der gemäßigten Zone; am besten in den Alpen entwickelt, daneben in Karpaten und Pyrenäen, mit kleinen, bruchstückhaften Beständen auch in den Sudeten und in Schottland. Gräser und Seggen herrschen vor, dazu zahlreiche niedrige Kräuter; die Deckung reicht je nach Bodentiefe von lückig bis geschlossen.",situs@0.7.0,situs
habitat_type,eunis@2021:R45,de,description,"Von Gräsern beherrschte Vegetation basenreicher Böden in den Hochgebirgen des Balkans und der Apenninen, die sowohl primäre Vegetation oberhalb der Waldgrenze als auch sekundäre, durch Beweidung erhaltene Rasen tieferer Lagen umfasst.",situs@0.7.0,situs
habitat_type,eunis@2021:R51,de,description,"Saumgesellschaften auf neutralen bis basenreichen, nur mäßig nährstoffreichen Böden im Übergangsbereich zwischen Wald oder Gebüsch und offenen Lebensräumen sowie in vergleichbaren Lagen an Felsen und Wegrändern. Sie kommen in weiten Teilen des nordwesteuropäischen Tieflands vor, reichen aber auch in kontinentalere Gebiete, wo sie lichtere wärmeliebende Wälder säumen, und nach Süden und Südosten in kühlere montane Lagen. Typischerweise aus Halbschattenpflanzen aufgebaut, können auch Arten benachbarter Lebensräume Platz finden; in Kalklandschaften kann die Vegetation sehr artenreich sein und viele seltene und gefährdete Arten beherbergen. Sie ist auf Beweidung oder Mahd angewiesen, um die Sukzession zu verhindern.",situs@0.7.0,situs
habitat_type,eunis@2021:R52,de,description,"Saumvegetation halbschattiger Waldränder und vergleichbarer Standorte auf sauren, nährstoffarmen Böden der kühleren atlantischen, subatlantischen und subkontinentalen Gebiete Europas; nach Osteuropa hin selten und artenärmer werdend. Sie wird im Allgemeinen von wuchskräftigen Gräsern und hohen Stauden beherrscht, ist eher artenarm und letztlich auf extensive Beweidung oder gelegentliche Mahd angewiesen, um das Aufkommen von Sträuchern und Bäumen und damit dichteren Schatten zu verhindern.",situs@0.7.0,situs
habitat_type,eunis@2021:R53,de,description,"Ausdauernde Krautgesellschaften des warmen Halbschattens von Waldsäumen und Lichtungen der makaronesischen Lorbeerwälder auf den Kanaren, Madeira und den Azoren. Sie besiedeln sonnigere Kleinstandorte in oder entlang feuchter Waldränder, sind dabei aber auf die durch Waldstreu geschaffenen, mäßig nährstoffreichen Verhältnisse angewiesen.",situs@0.7.0,situs
habitat_type,eunis@2021:R54,de,description,"Dichte, artenarme Bestände des Adlerfarns (Pteridium aquilinum), von Natur aus ein Waldfarn der europäischen Tieflagen, der sich — wenn ihn dichter Schatten nicht zurückhält und die überlieferte Bewirtschaftung durch Schnitt und Rindertritt fehlt — im Offenland leicht als beherrschende Art festsetzt. Er breitet sich kräftig über Rhizome aus und bildet eine mächtige Streuschicht. Häufig ist er in vielen Weidelandschaften, die weniger traditionell bewirtschaftet werden als früher; auch auf Brandflächen in Wäldern kann er dominieren.",situs@0.7.0,situs
habitat_type,eunis@2021:R55,de,description,"Von Hochstauden und Farnen beherrschte Gesellschaften feuchter, mitunter überfluteter nährstoffreicher Böden in den Tief- und Mittelgebirgslagen Europas bis in die subalpine Stufe, verbreitet im gemäßigten, borealen und submediterranen Bereich. Die verhältnismäßig artenreiche Vegetation findet sich in Flussauen, an kleineren Wasserläufen, im Schatten von Waldrändern — oft als schmale Streifen — sowie als Sekundärvegetation nach der Aufgabe von Weiden und besonders Wiesen. Die Artenzusammensetzung ist recht vielfältig und hängt von Höhenlage, geographischer Lage und Position in der Landschaft ab.",situs@0.7.0,situs
habitat_type,eunis@2021:R56,de,description,"Hochstauden- und Farnvegetation feuchter, nährstoffreicher Böden unter verhältnismäßig kühlen und feuchten Bedingungen in den Hochlagen der europäischen Gebirge, mit dem Optimum in der subalpinen Stufe, daneben auch in den arktischen Tieflagen Skandinaviens. Typischerweise als Streifen entlang von Bächen und an Waldrändern, im Schutz großer Felsblöcke, auf Gebirgssimsen und unter Gebüsch, mitunter auch als Saum von Schneetälchen, wo sie vom Schutz vor Winterfrost profitiert. Die Vegetation ist oft sehr artenreich und beherbergt viele lokale und regionale Endemiten neben weit verbreiteten montanen Arten. Sie ist empfindlich gegenüber der Beweidung durch Wild und Vieh, wird aber oft durch ihre Unzugänglichkeit geschützt.",situs@0.7.0,situs
habitat_type,eunis@2021:R57,de,description,"Hochstauden- und farnreiche sowie niedrigwüchsige, kurzlebige Krautfluren, die in Waldlichtungen verschiedener Waldzonen Europas Sukzessionskomplexe bilden.",situs@0.7.0,situs
habitat_type,eunis@2021:R61,de,description,"Halophytenvegetation im Binnenland des Mittelmeerraums, wo die Böden ebener Flächen oder flacher Senken von Wässern durchtränkt werden, die lösliche Salze aus dem Untergrund führen, und danach extremer Sommertrockenheit ausgesetzt sind, mit einer oberflächlichen Ausblühung kristalliner Salze. Die Vegetation kann reich an Endemiten sein; die Artenzusammensetzung hängt vom Regionalklima und den örtlichen Bodenverhältnissen ab, und um die Senken herum zeigt sich oft eine kennzeichnende jahreszeitliche Wuchs- und Zonierungsfolge. In manchen Gebieten bot die Vegetation in der Sommertrockenheit wertvolle Weide für Schafe und Ziegen.",situs@0.7.0,situs
habitat_type,eunis@2021:R62,de,description,"Salzsteppe des pannonischen und pontischen Raums, kennzeichnend für Solonetz-Böden, die im Frühjahr von löslichen Karbonaten durchtränkt oder sogar flach überstaut sind und im Sommer unter Bildung von Trockenrissen austrocknen. Je nach Salzgehalt, Neigung und Erosion durch Frühjahrshochwasser bildet die Vegetation ein vielgestaltiges Mosaik aus Rasen und stärker halophytischen Krautgesellschaften, reich an endemischen Arten und Pflanzengesellschaften. Traditionell Teil der Weidelandschaft alter Rinderrassen.",situs@0.7.0,situs
habitat_type,eunis@2021:R63,de,description,"Binnensalzwiesen und -rasen der gemäßigten und kontinentalen Gebiete, kennzeichnend für Standorte, an denen fossiles Salz nahe der Oberfläche liegt oder reliktisches Meerwasser vorhanden ist, sodass Boden- und Oberflächenwasser brackig oder salzig sind. In kontinentaleren Gebieten sind Salzpfannen häufiger, wo der Lebensraum in Senken innerhalb einer Matrix aus Salzsteppen und als subhalophytische Wiese auftritt. Im übrigen Europa findet er sich im Zusammenhang mit verschiedenen salzhaltigen Gesteinen sowie auf aufgelassenen Salinen. Die Artenzusammensetzung ist je nach Regionalklima und Standortbedingungen sehr verschieden.",situs@0.7.0,situs
habitat_type,eunis@2021:R64,de,description,"Azonaler Mosaiklebensraum aus halophytischem Gänsefußgebüsch und salzhaltigem Grasland in den Halbwüstengebieten Südosteuropas. Die Vegetation setzt sich aus offenen einjährigen und ausdauernden Halophytengesellschaften und geschlossenerem Grasland zusammen. Sie wächst auf Solontschak-Böden in schlecht dränierten, salzigen oder hypersalinen Senken sowie an Fluss- und Seeufern.",situs@0.7.0,situs
habitat_type,eunis@2021:R65,de,description,"Subsalines, ausdauerndes Grasland in Flusstälern und anderen Senken der Steppen-, Waldsteppen- und Halbwüstenzone. Es kommt auf Terrassen und Erhebungen in Flusstälern vor, wo es in manchen Jahren kurzzeitig überflutet wird, sowie auf nicht alluvialen, zeitweise feuchten Böden.",situs@0.7.0,situs
habitat_type,eunis@2021:R71,de,description,"[Dieser Lebensraum konnte im Expertensystem nicht förmlich definiert werden, weil er ein Mosaik verschiedener Lebensräume bildet.] Ein sehr vielgestaltiger Lebensraum auf Landschaftsebene in der gemäßigten Zone Europas, in dem verschiedene Traditionen von Beweidung, Mahd und Waldwirtschaft zusammen eigentümliche Verbindungen von Bäumen inmitten von Weiden und Wiesen geschaffen haben. Solche Hutewälder, Waldsteppen, Parkwiesen, beweideten Streuobstbestände, Parklandschaften und offenen Jagdwälder — je nach Tradition auf Viehhaltung, Heugewinnung, Niederwald- und Holznutzung ausgerichtet — stehen für sehr eigene Sozial- und Wirtschaftsgeschichten und können große kulturelle Traditionen ausdrücken. Es gibt artenreiche Ausbildungen, unter anderem mit epiphytischen Pflanzen auf Altbäumen; doch selbst dort, wo die Bestandteile alltäglicher sind, sind die Kombinationen floristischer und struktureller Elemente bemerkenswert.",situs@0.7.0,situs
habitat_type,eunis@2021:R72,de,description,"[Dieser Lebensraum konnte im Expertensystem nicht förmlich definiert werden, weil er ein Mosaik verschiedener Lebensräume bildet.] Offene Waldlandschaften der Tief-, Hügel- und Berglagen der borealen Zone, traditionell auf Beweidung, Heugewinnung und Waldprodukte ausgerichtet, überwiegend durch Schneitelung bewirtschaftet. Vielgestaltige, sehr lichte Kronendächer aus Laub- und Nadelbäumen, darunter Altbäume mit mitunter reicher epiphytischer Kryptogamenflora, oft ohne oder mit nur wenigen Sträuchern, stehen verstreut über Weide- und Wiesenvegetation. Lange Traditionen vielschichtiger Wechselwirkungen und kultureller Bezüge machen diese Landschaften zugleich dynamisch und eigenständig.",situs@0.7.0,situs
habitat_type,eunis@2021:R73,de,description,"[Dieser Lebensraum konnte im Expertensystem nicht förmlich definiert werden, weil er ein Mosaik verschiedener Lebensräume bildet.] Offene Waldlandschaften des Mittelmeerraums, geschaffen und erhalten durch das Zusammenwirken traditioneller Beweidung, Heugewinnung und Baumbewirtschaftung. Unterschiede in Kleinklima, Relief und Eingriffen sowie die über lange Zeit gewachsenen Nutzungstraditionen haben eine Reihe sehr eigenständiger Ausprägungen hervorgebracht, etwa die spanischen Dehesas und die portugiesischen Montados. Typischerweise besteht das Kronendach aus immergrünen Laubbäumen, je nach Tradition mit Altbäumen, Kopfbäumen oder Niederwald, oft mit Anteilen hartlaubigen Gebüschs darunter und ausdauernden wie einjährigen Gräsern und Kräutern in der Krautschicht. In manchen Nutzungsformen finden sich sogar kleine Ackerflächen.",situs@0.7.0,situs
habitat_type,eunis@2021:S11,de,description,"Tundra mit meist ausgedehnter Decke aus Halb- oder Zwergsträuchern über Kräutern, Moosen und Flechten. Sie kommt in der südlichen arktischen und der subarktischen Zone vor, oft auf Permafrostböden. In beweideten Gebieten bildet sie Mosaike mit Grasland.",situs@0.7.0,situs
habitat_type,eunis@2021:S12,de,description,"Tundra der mittleren und nördlichen Hocharktis, in der Permafrostböden, oft in Form von Strukturböden, eine häufig lückige Decke aus Moosen, Flechten und niedrigen Kräutern tragen.",situs@0.7.0,situs
habitat_type,eunis@2021:S21,de,description,"Von Salix beherrschtes Zwergstrauchgebüsch, oft mit reichlich Moosen und Flechten, auf skelettreichen kalkigen oder silikatischen Böden in Schneetälchen mit kurzer Vegetationszeit; verbreitet in der arktischen und subarktischen Zone sowie in den Hochgebirgen des gemäßigten Europa, nach Süden hin zunehmend kleinflächig und bruchstückhaft. Der Lebensraum kommt auch in der arktischen Zone vor (etwa auf Spitzbergen), was der derzeitige Name nicht wiedergibt.",situs@0.7.0,situs
habitat_type,eunis@2021:S22,de,description,"Zwergstrauchvegetation aus Heidekrautgewächsen und anderen Gehölzen (außer Wacholder und Ginsterartigen) in den Hochgebirgen ganz Europas; beherrschende und begleitende Arten wechseln mit Regionalklima, Grad der Exposition und Schneebedeckung, Bodenreaktion, Bodentiefe und Bodenfeuchte.",situs@0.7.0,situs
habitat_type,eunis@2021:S23,de,description,"Von Wacholder beherrschte Vegetation der montanen bis subalpinen Stufe der europäischen Gebirge; sie tritt als primäre, sowohl stark exponierte Lagen als auch lange Schneebedeckung ertragende Vegetation auf, ebenso aber als sekundäre Ausbildung auf entwaldeten, lange beweideten und erodierten Flächen der Hochlagen.",situs@0.7.0,situs
habitat_type,eunis@2021:S24,de,description,"Ginsterheiden und -gebüsche der Hochgebirge Italiens und des Balkans, in Hochlagen oft in primären Mosaiken mit Grasland, aber auch unterhalb der Waldgrenze verbreitet, wo Holzeinschlag und Beweidung die Walddecke öffnen und die Vegetation als anthropogenen Ersatz erhalten.",situs@0.7.0,situs
habitat_type,eunis@2021:S25,de,description,"Niedriges Gebüsch einschließlich Krummholz, beherrscht von verschiedenen sommergrünen Bäumen und Sträuchern, auf feuchten, aber gut dränenden, mitunter recht nährstoffreichen Böden an Hochgebirgshängen in ganz Europa, oft mit langer Schneebedeckung und anfällig für natürliche Störungen durch Lawinen und Schuttrutschungen, nach denen es sich gut erholt und wieder ausbreitet. Die Begleitflora kann reich an hochwüchsigen Gebirgsstauden sein. Der Lebensraum tritt auch als Sekundärstadium auf aufgelassenen subalpinen Weiden und Wiesen auf.",situs@0.7.0,situs
habitat_type,eunis@2021:S26,de,description,Krummholz der Bergkiefer (Pinus mugo) auf Mineralböden mit langer Schneebedeckung oberhalb der Waldgrenze in den Gebirgen Mittel- und Südosteuropas. Gehölz- und Krautarten sowie die mitunter üppige Moosschicht wechseln mit dem Basengehalt der Böden und der Bodenfeuchte.,situs@0.7.0,situs
habitat_type,eunis@2021:S27,de,description,"[Dieser Lebensraum konnte im Expertensystem nicht förmlich definiert werden, weil er auf einer Wuchsform beruht, die sich nicht in der Artenzusammensetzung niederschlägt.] Nadelholz-Krummholz auf Mineralböden oberhalb der Waldgrenze, beherrscht von niedrigwüchsigen Individuen von Pinus sylvestris (besonders in Schottland und Norwegen) oder Picea abies (besonders in Skandinavien).",situs@0.7.0,situs
habitat_type,eunis@2021:S31,de,description,"Wacholdergebüsch (Juniperus communis) auf nährstoffarmen Sand- und Kalkböden der gemäßigten und submediterranen Tief- und Hügellagen Europas. Der Wacholder kann sehr fleckenhaft auftreten, oft in Abhängigkeit von der früheren Landnutzung, und zeigt eine auffällige Vielfalt an Wuchsformen; die Begleitflora ist je nach Basengehalt des Bodens sehr verschieden und hat bei offenem Gebüsch viel mit den örtlichen Kalkmagerrasen oder Heiden gemein.",situs@0.7.0,situs
habitat_type,eunis@2021:S32,de,description,"Niedriges, von Rubus beherrschtes Gebüsch, sommergrün oder mitunter immergrün, in Sukzessionen und Übergangsbereichen einer Vielzahl halbnatürlicher Landschaften des atlantischen Raums und anderer submontaner Lagen Europas, wo örtlich ein feuchtes Klima herrscht. Rubus ist eine außerordentlich vielgestaltige Gattung oft apomiktischer und endemischer Sippen; die Begleitfloren richten sich nach Basengehalt und Feuchte des Bodens.",situs@0.7.0,situs
habitat_type,eunis@2021:S33,de,description,"Niedriges Gebüsch aus verschiedenen Schmetterlingsblütlern auf überwiegend stark dränenden, nährstoffarmen sauren Böden der gemäßigten und submediterranen Tieflagen und der mediterranen Hügellagen Europas. Im Norden findet sich die Vegetation meist in Sukzessionen oder Übergangsbereichen von Weidelandschaften und ist oft eher artenarm; weiter südlich kann das Gebüsch als dauerhafterer oder immer wieder erneuerter Lebensraum an felsigen oder instabilen Hängen auftreten, mit reicheren Begleitfloren.",situs@0.7.0,situs
habitat_type,eunis@2021:S34,de,description,"Offenes Gebüsch, beherrscht von Genista lydia, endemisch an steilen Felshängen und Schutthalden sowie in degradierten Wäldern der Tief- und Hügellagen der südöstlichen Balkanhalbinsel; auf verschiedenen Böden, besonders artenreich jedoch über kalkhaltigem Untergrund, wo Arten der Kalkmagerrasen die Begleitflora prägen.",situs@0.7.0,situs
habitat_type,eunis@2021:S35,de,description,"Gebüsch aus einer Vielfalt überwiegend dorniger Sträucher, kleiner Bäume und Jungwuchs, in Sukzessionen und Übergangsbereichen auf frischen Böden einer Vielzahl halbnatürlicher Landschaften der gemäßigten und submediterranen Tieflagen Europas, mitunter aber bis in größere Höhen reichend, wie im Šibljak des Balkans. Beherrschende Arten und Begleitfloren wechseln stark mit Regionalklima und Böden.",situs@0.7.0,situs
habitat_type,eunis@2021:S36,de,description,"Niedriges Gebüsch aus verschiedenen, oft klonal wachsenden Sträuchern, das häufig Flecken an örtlich frischen und geschützten Stellen innerhalb der Trockenrasen der Steppenzone Mittel- und Osteuropas bildet. Es kann ein dauerhaftes natürliches Landschaftselement sein oder sich nach der Aufgabe der Beweidung entwickeln.",situs@0.7.0,situs
habitat_type,eunis@2021:S37,de,description,"Von Hasel (Corylus avellana) beherrschtes Gebüsch. Natürliche Vorkommen finden sich auf flachgründigen Böden entlang der nordatlantischen Küsten, wo sie durch Windexposition dauerhaft erhalten bleiben, sowie örtlich an Felshängen und Klippen des kontinentalen Raums. Sekundäres Haselgebüsch kann nach dem Einschlag frischer Laubwälder entstehen.",situs@0.7.0,situs
habitat_type,eunis@2021:S38,de,description,"Oft dichtes Gebüsch aus Sträuchern und kleinen Bäumen, das nach natürlicher oder anthropogener Auflichtung in Wälder der gemäßigten Zone Europas einwandert.",situs@0.7.0,situs
habitat_type,eunis@2021:S41,de,description,"Heide mit auffälligem Anteil von Erica tetralix auf flachgründigen, sauren, nährstoffarmen Torfen und anmoorigen Mineralböden, die den größten Teil des Jahres feucht und oft zeitweise staunass sind; verbreitet in den atlantischen und subatlantischen Tief- und Hügellagen Europas. Typischerweise in feuchten Senken und Sickerbereichen innerhalb von Trockenheiden oder als Randzone um Moore, wo die Entwässerung mächtigerer Torfe ihre Ausdehnung vergrößern kann. In milderen ozeanischen Klimaten treten weitere Erica- und Ulex-Arten in artenreicherer Feuchtheide auf. Der Lebensraum wird häufig durch Beweidung und Plaggenhieb beeinflusst.",situs@0.7.0,situs
habitat_type,eunis@2021:S42,de,description,"Heide, beherrscht von verschiedenen Zwergsträuchern der Heidekrautgewächse, auf gut dränenden, nährstoffarmen, sauren Sanden und silikatischen Böden der Tief- und Hügellagen West- und Mitteleuropas; in ozeanischeren Lagen nach Norden reichend und in niederschlagsreichen Hochlagen bis in kontinentale Gebiete. Sehr häufig durch Beweidung und Feuer beeinflusst und vielfach ein sekundärer Vegetationstyp, der aus der Rodung bodensaurer Wälder hervorgegangen ist und anthropogen erhalten wird.",situs@0.7.0,situs
habitat_type,eunis@2021:S43,de,description,"Strauchvegetation auf dünnen Böden der Azoren, Madeiras und der Kanaren, die pyroklastisches Material, Lava, Felsaufschlüsse und Rutschungen besiedelt und mitunter durch weitere Störungen zyklisch erneuert wird oder als Sukzessionsstadium zum Wald führt. Floristisch vielfältig sowohl zwischen den Archipelen als auch innerhalb derselben.",situs@0.7.0,situs
habitat_type,eunis@2021:S51,de,description,"Immergrüne hartlaubige oder lorbeerblättrige Strauchvegetation mit dichtem, geschlossenem Kronendach, mit oder ohne niedrige überragende Bäume, auf sehr verschiedenen Substraten und Böden der thermo- bis mesomediterranen Stufe. An trockenen Standorten kann sie dauerhafte Primärvegetation sein, geht aber meist aus der Degradation immergrüner, sommergrüner oder Nadelwälder hervor und wird in Struktur und Zusammensetzung stark von Beweidung und Feuer geprägt.",situs@0.7.0,situs
habitat_type,eunis@2021:S52,de,description,"Gemischt sommergrün-immergrünes Gebüsch flachgründiger, felsiger, überwiegend kalkhaltiger Böden in den Tief- und Hügellagen Südeuropas. Meist aus Walddegradation hervorgegangen und in Struktur und Zusammensetzung stark von Beweidung, Feuer und Holzeinschlag geprägt.",situs@0.7.0,situs
habitat_type,eunis@2021:S53,de,description,"Sekundäres Gebüsch, beherrscht vom Binsenginster (Spartium junceum), typisch für gestörte, offene, sonnige Standorte auf sehr verschiedenen Böden des Mittelmeerraums; seine rasche Ansiedlung wird durch Samenkeimung nach Feuer, kräftige Bewurzelung, Stickstoffbindung und geringe Schmackhaftigkeit begünstigt.",situs@0.7.0,situs
habitat_type,eunis@2021:S54,de,description,"Gebüsch mit meist niedriger und eher offener Strauchdecke, zwischen der Halbsträucher, Zwergsträucher und Kräuter wachsen, auf trockenen Böden unterschiedlicher Zusammensetzung in der thermomediterranen Stufe, örtlich sehr verschieden zusammengesetzt. An trockeneren und stärker exponierten Standorten primär und dauerhaft, andernfalls ein Sukzessionsstadium zum Wald und oft stark von Beweidung geprägt.",situs@0.7.0,situs
habitat_type,eunis@2021:S61,de,description,"Halbstrauchvegetation aus Nanophanerophyten und Chamaephyten auf dünnen, basenreichen Böden der westlichen thermo- bis mesomediterranen Stufe. Ihre Artenzusammensetzung ist je nach örtlichem Klima und Boden sehr verschieden. An Felshängen kann sie Dauervegetation sein, geht aber oft aus Waldrodung hervor und wird stark von Beweidung und Feuer geprägt.",situs@0.7.0,situs
habitat_type,eunis@2021:S62,de,description,"Halbstrauchvegetation aus Nanophanerophyten auf dünnen, sauren Böden über hartem Silikatgestein oder lockerem Sand, von der westlichen thermo- bis in die untere supramediterrane Stufe. Ihre Artenzusammensetzung ist je nach örtlichem Klima und Boden sehr verschieden. An Felshängen kann sie Dauervegetation sein, geht aber oft aus Waldrodung oder der Aufgabe von Äckern hervor und wird stark von Beweidung und Feuer geprägt.",situs@0.7.0,situs
habitat_type,eunis@2021:S63,de,description,"Niedriges, überwiegend immergrünes Hartlaubgebüsch auf verschiedenen Böden der meso-, thermo- und gelegentlich supramediterranen Stufe des östlichen Mittelmeerraums, einschließlich der Gebiete an der Südküste des Schwarzen Meeres. Der Lebensraum geht aus Walddegradation hervor und wird meist durch Beweidung und Feuer erhalten. Struktur und Zusammensetzung der Vegetation wechseln stark mit dem örtlichen Klima und dem menschlichen Einfluss.",situs@0.7.0,situs
habitat_type,eunis@2021:S64,de,description,"Niedrige Strauchvegetation mit offenem Kronendach auf den Kanarischen Inseln, den Azoren und Madeira.",situs@0.7.0,situs
habitat_type,eunis@2021:S65,de,description,Offenes Chamaephytengebüsch mit Flechtenkruste und einer im regenreichen Frühjahr erscheinenden einjährigen Krautflora auf gipsreichen Substraten in Gebieten mit trockenem bis semiaridem Mittelmeerklima auf der Iberischen Halbinsel. Die extremen Klima- und Bodenverhältnisse erhalten den Lebensraum von Natur aus stabil; eine leichte Beweidung erträgt er.,situs@0.7.0,situs
habitat_type,eunis@2021:S66,de,description,"Ausdauerndes Küstengebüsch, beherrscht von nitrophilen und salztoleranten Arten, an oft künstlich gestörten Stellen der semiariden infra- und thermomediterranen Stufe. An Küstenstandorten tragen der Salzeintrag aus dem Meer und die Ansammlung von Vögeln maßgeblich zu den hohen Nährstoff- und Salzgehalten des Bodens bei.",situs@0.7.0,situs
habitat_type,eunis@2021:S67,de,description,"Zonales Gebüsch auf lehmigen und sandig-lehmigen, oft subsalinen Böden der Halbwüsten des Kaukasusvorlands, des südöstlichen europäischen Russland und Kasachstans. Die offene Vegetation wird von Artemisia-Arten und anderen subhalophytischen Sträuchern (etwa Petrosimonia- und Salsola-Arten) beherrscht. Im Kaspischen Tiefland erreicht dieser Lebensraum seine nordwestliche Verbreitungsgrenze; sein Schwerpunkt liegt in den Wüstengebieten rings um das Kaspische Meer, im Becken des ehemaligen Aralsees und weiter in Zentralasien.",situs@0.7.0,situs
habitat_type,eunis@2021:S68,de,description,"Offene ausdauernde Vegetation aus halophytischen Sträuchern — etwa Artemisia-, Haloxylon-, Salsola- und Tamarix-Arten — und einjährigen Arten auf windverwehten, wandernden oder festgelegten Dünen und Sandböden der Halbwüstengebiete des Kaspischen Tieflands. Bei Überbeweidung kann sich dieser Lebensraum in vegetationsfreie Wanderdünen (Barchane) verwandeln.",situs@0.7.0,situs
habitat_type,eunis@2021:S71,de,description,"Niedriges Gebüsch aus oft dornigen, polsterbildenden Pflanzen auf dünnen Böden der windexponierten und gischtbesprühten Kuppen von Felsklippen auf Korsika, Sardinien, Pantelleria und im Golf von Tarent.",situs@0.7.0,situs
habitat_type,eunis@2021:S72,de,description,"Niedriges Gebüsch aus dornigen, halbkugelig wachsenden Chamaephyten auf verschiedenen basenreichen und sauren Substraten der thermo-, meso- und supramediterranen Stufe des griechischen Festlands, Anatoliens, der Ägäischen und Ionischen Inseln, Kretas, Zyperns und Teilen Siziliens. Es kann primären Ursprungs sein oder sich nach der Rodung immergrüner Hartlaubwälder entwickeln.",situs@0.7.0,situs
habitat_type,eunis@2021:S73,de,description,"Heide aus oft dornigen Igelpolstersträuchern auf basenreichen und sauren Böden der oberen supra- und der oromediterranen Stufe der Iberischen Halbinsel; historisch Grundlage der Wanderweidewirtschaft, durch Beweidung und Feuer aber oft von Graten und Steilhängen abwärts ausgedehnt.",situs@0.7.0,situs
habitat_type,eunis@2021:S74,de,description,"Heide aus oft dornigen Igelpolstersträuchern auf basenreichen und sauren Böden an windigen und sonnigen Stellen der supra- und oromediterranen Stufe Korsikas, Sardiniens, Elbas, Siziliens und der südlichen Festlandsgebirge Italiens. Eine Ausdehnung hangabwärts unter die Waldgrenze kann auf Rodung und Beweidung folgen.",situs@0.7.0,situs
habitat_type,eunis@2021:S75,de,description,Heide aus oft dornigen Igelpolstersträuchern auf überwiegend basenreichen Böden in den Trockengebirgen der supra- und oromediterranen Stufe des östlichen Mittelmeerraums. Eine Ausdehnung hangabwärts unter die Waldgrenze kann auf Rodung und Beweidung folgen.,situs@0.7.0,situs
habitat_type,eunis@2021:S76,de,description,"Oromediterranes, lückiges, niedrigwüchsiges Gipfelgebüsch auf vulkanischen Schutthalden Teneriffas und La Palmas.",situs@0.7.0,situs
habitat_type,eunis@2021:S81,de,description,Offenes Gebüsch aus sukkulenten und hartlaubigen Sträuchern auf felsigen Substraten mit skelettreichen Böden der ariden Tieflagen und auf tiefgründigeren Böden der feuchten Hügellagen der Kanarischen Inseln.,situs@0.7.0,situs
habitat_type,eunis@2021:S82,de,description,"Vielgestaltiges Gebüsch aus hartlaubigen Sträuchern, kleinen Bäumen und sukkulenten Kräutern auf meist dünnen Böden von Felsaufschlüssen, Klippen und aufgelassenen Äckern der ariden Tieflagen Madeiras.",situs@0.7.0,situs
habitat_type,eunis@2021:S91,de,description,"Gebüsch aus Salix-Arten und Myricaria germanica auf den mineralischen Sedimenten von Ufern, Bänken und Kiesinseln der Fließgewässer von der Tief- bis in die montane Lage der gemäßigten Zone; es siedelt sich nach jahreszeitlichen Hochwässern neu an oder geht, wo die Sedimente sich festigen, in Auen- und Galeriewald über. Das Salix-acutifolia-Gebüsch der Ukraine, das nicht nur in Auen vorkommt, sollte als möglicher neuer Lebensraum geprüft werden.",situs@0.7.0,situs
habitat_type,eunis@2021:S92,de,description,"Gebüsch aus verschiedenen Salix-Arten auf torfigen und mineralischen Böden, die durch hohes Grundwasser dauerhaft nass gehalten werden — in Altwässern der Auen, um Seen und Weiher, zwischen Mooren und Dünen sowie auf aufgelassenen Feuchtwiesen und -weiden; verbreitet in den Tieflagen des atlantischen, borealen und kontinentalen Europa und in größeren Höhen bis in den Mittelmeerraum reichend. Die Begleitfloren wechseln mit dem Basengehalt von Grundwasser und Boden.",situs@0.7.0,situs
habitat_type,eunis@2021:S93,de,description,"Meist offenes Gebüsch aus Tamarix-Arten, Nerium oleander, Vitex agnus-castus und ähnlichen Sträuchern und kleinen Bäumen in jahreszeitlich trockenen oder unregelmäßig überfluteten Flussbetten und an Bachufern der thermo- und mesomediterranen Stufe.",situs@0.7.0,situs
habitat_type,eunis@2021:S94,de,description,"Offenes Gebüsch aus Tamarix-Arten und anderen Sträuchern und kleinen Bäumen, das kleine oder linienhafte Flächen an Standorten mit jahreszeitlich hohem Grundwasserstand und salzhaltigen Böden einnimmt: in Betten temporärer oder dauerhafter Flüsse, in Salzpfannen und mitunter an anthropogen geprägten Stellen wie Bewässerungsanlagen in den Halbwüsten- und Wüstengebieten Südosteuropas.",situs@0.7.0,situs
habitat_type,eunis@2021:T11,de,description,"Auenwälder, beherrscht von Weiden (Salix spp.) und Pappeln (Populus spp.), auf periodisch überfluteten Terrassen und Bänken mit Ablagerung nährstoffreicher Sedimente in den aktiven Auen der Flüsse in den Tieflagen der gemäßigten, submediterranen und Steppenzone Europas.",situs@0.7.0,situs
habitat_type,eunis@2021:T12,de,description,"Auen- und nicht auengebundene Wälder, beherrscht von Erlen (Alnus glutinosa, Alnus incana) und mitunter Eschen (Fraxinus angustifolia, Fraxinus excelsior), typischerweise ohne größeren Anteil von Weichholzweiden im Kronendach; verbreitet in ganz Europa an Bächen sowie kleinen und mittelgroßen Flüssen. Die Krautschicht kann recht artenreich sein.",situs@0.7.0,situs
habitat_type,eunis@2021:T13,de,description,"Laubmischwälder, typisch für seltener überflutete, gut durchlüftete Mineralböden in den Auen der Mittel- und Unterläufe großer europäischer Flüsse. In Hochwaldbeständen kann das Kronendach sehr hoch und mehrschichtig sein; beherrscht wird es typischerweise von wechselnden Mischungen aus Alnus glutinosa, Fraxinus angustifolia, Fraxinus excelsior, Populus alba, Populus canescens, Prunus padus, Quercus robur, Ulmus glabra, Ulmus laevis und Ulmus minor. Kennzeichnend ist ein reicher und vielgestaltiger, oft ebenfalls strukturreicher Unterwuchs mit zahlreichen kleinen Bäumen, Sträuchern und Lianen, die eher für frische Laubwälder (etwa T1E, frische Laubwälder aus Carpinus und Quercus) typisch sind.",situs@0.7.0,situs
habitat_type,eunis@2021:T14,de,description,"Sommergrüner Laubwald, meist beherrscht von Pappeln (Populus), Weiden (Salix) oder der Morgenländischen Platane (Platanus orientalis), auf periodisch überfluteten Auensedimenten oder Kiesterrassen und an Bachufern feuchter Standorte im Mittelmeerraum und in Makaronesien. Eingeschlossen sind auch Bachuferwälder mit Rhododendron ponticum und Betula pendula var. fontqueri in Spanien.",situs@0.7.0,situs
habitat_type,eunis@2021:T15,de,description,"Sommergrüner Laubwald, meist beherrscht von Erle (Alnus glutinosa, Alnus incana), Stieleiche (Quercus robur) oder Zitterpappel (Populus tremula), auf nicht saurem Torf mit Grundwasser in Höhe der Oberfläche oder jahreszeitlich darüber, in Bruchwäldern der Tieflagen der gemäßigten und borealen Zone.",situs@0.7.0,situs
habitat_type,eunis@2021:T16,de,description,"Sommergrüner Laub- oder Mischwald auf saurem Torf auf oder um wachsende Hochmoore und Armmoore mit nährstoffarmem Grundwasser; verbreitet im atlantischen Raum und in der borealen Zone sowie örtlich, wo die Standortverhältnisse es zulassen, auch in der kontinentalen Zone. Beherrscht wird er meist von der Moorbirke (Betula pubescens).",situs@0.7.0,situs
habitat_type,eunis@2021:T17,de,description,"Wald, beherrscht von Buchen (Fagus sylvatica und Fagus orientalis), auf basenreichen bis neutralen, mesotrophen bis eutrophen Mineralböden. Er kommt im atlantischen und kontinentalen Europa und in größeren Höhenlagen auch in der submediterranen Zone vor. Begleitbäume, darunter immergrüne Nadelhölzer wie Tanne (Abies alba) und die an der Höhengrenze auftretende Fichte (Picea abies), sind stets in der Deckung und meist auch in der Höhe untergeordnet; laubholzige Begleiter sind auf reicheren Böden häufiger und vielfältiger und zeigen ebenso wie die meist lückige Strauchschicht eine regionale, klimabedingte Variation. Die Krautschicht kann artenreich sein.",situs@0.7.0,situs
habitat_type,eunis@2021:T18,de,description,"Wald, beherrscht von Buchen (Fagus sylvatica und Fagus orientalis), auf oligotrophen, basenarmen Mineralböden. Er kommt im atlantischen und kontinentalen Europa und in größeren Höhenlagen auch in der submediterranen Zone vor. Laubholzige Begleitbäume sind wenige und stets in der Deckung untergeordnet, Eichen können jedoch mitdominieren. Immergrüne Nadelhölzer wie Tanne (Abies alba) und an der Höhengrenze Fichte (Picea abies) können als Nebenbaumarten im Kronendach auftreten. Die Krautschicht ist im Allgemeinen artenarm.",situs@0.7.0,situs
habitat_type,eunis@2021:T19,de,description,"Diese wärmeliebenden sommergrünen Laubwälder bilden einen breiten, aber unterbrochenen Gürtel quer durch die submediterrane Zone Europas, mit milderen Wintern und wärmeren, trockenheitsgeprägten Sommern als in den sommergrünen Wäldern der gemäßigten Zone, zugleich aber kälteren, zeitweise frost- und schneereichen Wintern, als sie für die immergrünen Laubwälder und Gebüsche des Mittelmeerraums typisch sind. Nach Norden hin besiedeln sie eher tief gelegene, trockenere und wärmere Standorte, nach Süden hin niederschlagsreichere Standorte in größeren Höhen.",situs@0.7.0,situs
habitat_type,eunis@2021:T1A,de,description,"Mediterrane sommergrüne Wälder, meist beherrscht von Quercus pubescens oder, im östlichen Mittelmeerraum, von Quercus ithaburensis subsp. macrolepis. Das Kronendach ist licht, entweder rein oder mit anderen Eichenarten. Die Bestände stocken überwiegend auf flachgründigen Böden, meist unterhalb von 700 m.",situs@0.7.0,situs
habitat_type,eunis@2021:T1B,de,description,"Von Eichen beherrschter Wald (vor allem Quercus robur und Quercus petraea, daneben weitere regionale Arten) auf sauren Böden im atlantischen und kontinentalen Raum, wo die Rotbuche (Fagus sylvatica) ein möglicher Konkurrent ist; nach Norden reicht er in die boreale Zone, wo die Waldkiefer (Pinus sylvestris) zunehmend im Kronendach auftritt. Die Begleitfloren sind im Allgemeinen eher arm, zeigen aber regionale Eigenheiten und erreichen zur sehr feuchten westatlantischen Küste hin einen außergewöhnlichen Reichtum an Farnen und Kryptogamen.",situs@0.7.0,situs
habitat_type,eunis@2021:T1C,de,description,"Lichte, niedrigkronige Klimaxwälder aus Birken (Betula litwinowii, Betula pubescens var. glabrata, Betula pubescens var. pumila) und Zitterpappel (Populus tremula) mit heidiger oder krautreicher Krautschicht in der borealen Zone, in den Gebirgen der gemäßigten Zone einschließlich des Kaukasus sowie in der gemäßigten Zone des osteuropäischen Tieflands. Auch geschlossene sekundäre Birken- und Zitterpappelwälder des Flachlands der borealen und gemäßigten Zone Osteuropas gehören zu diesem Lebensraum, was eine Änderung seines Namens erfordern könnte.",situs@0.7.0,situs
habitat_type,eunis@2021:T1D,de,description,"Vielgestaltige Klimax- und Paraklimaxwälder, beherrscht von Birken (Betula pendula und nah verwandte Arten) oder Zitterpappel (Populus tremula), auf meist sauren Mineralböden in feuchten Schluchten und auf instabilen Substraten der montanen bis subalpinen Stufe der Pyrenäen, Korsikas, der Apenninen, Siziliens und des südlichen Balkans.",situs@0.7.0,situs
habitat_type,eunis@2021:T1E,de,description,"Sommergrüne Laubwälder, typisch für Braun- oder Grauerden mit recht geringem bis hohem Basengehalt und mäßigem bis hohem Nährstoffgehalt. Sie kommen in den Tief- und Hügellagen der gemäßigten Zone West-, Mittel-, Ost- und Südeuropas vor, mit örtlichen Ausläufern in submediterran und boreal geprägte Gebiete. Teilweise eingeschlossen sind von Quercus und Carpinus beherrschte Auenwälder in Gebirgstälern mit seltener Überflutung. Das Kronendach ist meist gemischt, mit auffälligem Anteil von Eichen, besonders Quercus petraea und Quercus robur, regional ergänzt durch weitere Eichenarten sowie Acer campestre, Acer platanoides, Carpinus betulus, Fraxinus excelsior, Tilia cordata, Tilia tomentosa und Ulmus glabra. Auch nicht auengebundene und nicht schluchtwaldartige Bestände aus Acer platanoides, Fraxinus excelsior, Tilia cordata und Ulmus glabra (ohne Quercus-Arten und Carpinus betulus) gehören hierher. Das Kronendach kann vielschichtig aufgebaut sein und Sträucher sowie Lianen einschließen; die Krautschicht kann artenreich sein und regional stark wechseln.",situs@0.7.0,situs
habitat_type,eunis@2021:T1F,de,description,"Wälder an Steilhängen, häufig in Schluchten, wo sich tiefgründige, gut dränierte und nährstoffreiche Böden entwickeln, auf denen Bäume wie Acer platanoides, Acer pseudoplatanus, Fraxinus excelsior, Fraxinus ornus, Ostrya carpinifolia, Tilia cordata, Tilia platyphyllos und Ulmus glabra Arten wie Fagus sylvatica und Quercus-Arten verdrängen können. Die Krautschicht wird von üppigen nitrophilen Stauden wie Aegopodium podagraria, Impatiens noli-tangere und Urtica dioica beherrscht, dazu treten feuchtigkeitsliebende Frühjahrsgeophyten wie Allium ursinum und, auf basenreichen Böden, Brachypodium sylvaticum, Circaea lutetiana, Geranium robertianum und Mercurialis perennis. Im Süden des Verbreitungsgebiets kommen wärmeliebende Arten wie Arabis turrita, Cornus mas, Dioscorea communis und Ligustrum vulgare hinzu. Eine weitere Gruppe wärmeliebender Arten (etwa Anthericum ramosum, Cotoneaster integerrimus, Sesleria caerulea und Vincetoxicum hirundinaria) ist für steile Felshänge typisch.",situs@0.7.0,situs
habitat_type,eunis@2021:T1G,de,description,"Wald der gemäßigten Zone außerhalb von Auen und Sümpfen, beherrscht von der Italienischen Erle (Alnus cordata).",situs@0.7.0,situs
habitat_type,eunis@2021:T1H,de,description,"Angebaute Bestände sommergrüner Laubbäume, die zur Holzproduktion gepflanzt wurden und aus gebietsfremden Arten oder aus einheimischen Baumarten außerhalb ihres natürlichen Areals bestehen.",situs@0.7.0,situs
habitat_type,eunis@2021:T1J,de,description,"[Dieser Lebensraum konnte im Expertensystem nicht förmlich definiert werden, weil sich spontan aufgewachsene Wälder anhand von Vegetationsaufnahmen nicht von Pflanzungen unterscheiden lassen.] Nicht gepflanzte Bestände, beherrscht von gebietsfremden sommergrünen Baumarten wie Acer negundo, Ailanthus altissima und Robinia pseudoacacia.",situs@0.7.0,situs
habitat_type,eunis@2021:T1K,de,description,"[Dieser Lebensraum konnte im Expertensystem nicht förmlich definiert werden, weil sich Pflanzungen standortheimischer Bäume anhand von Vegetationsaufnahmen nicht von Naturwäldern unterscheiden lassen.] Angebaute Bestände sommergrüner Laubbäume, die zur Holzproduktion gepflanzt wurden und aus standortheimischen sommergrünen Laubbaumarten bestehen.",situs@0.7.0,situs
habitat_type,eunis@2021:T21,de,description,"Wald, beherrscht von immergrünen Eichen (am weitesten verbreitet Quercus ilex) mit begleitenden hartlaubigen und lorbeerblättrigen Bäumen und Sträuchern, im sommertrockenen Klima der mediterranen Tief- und Hügellagen. Das Kronendach ist oft niedrig und stark überformt, mit fließenden Übergängen zu Macchie/Matorral und zu offenen Weidewäldern vom Typ Dehesa/Montado.",situs@0.7.0,situs
habitat_type,eunis@2021:T22,de,description,"Inseln immergrüner lorbeerblättriger Wälder und Dickichte, beherrscht von Lorbeer (Laurus nobilis), Feuerbaum (Morella faya) und Portugiesischem Kirschlorbeer (Prunus lusitanica subsp. lusitanica), an ozeanischen und hyperhumiden Standorten; heute nur noch als kleine Relikte in geschützten Lagen wie Schluchten entlang der Atlantikküste Portugals und Spaniens sowie auf Sardinien, in Süditalien und auf Sizilien erhalten. Typischerweise artenarm, mit einer Begleitflora ähnlich der von T21.",situs@0.7.0,situs
habitat_type,eunis@2021:T23,de,description,"Immergrüner lorbeerblättriger Wald (Lorbeerwald) auf tiefgründigen Böden im hyperhumiden, frostfreien Nebelgürtel, vor allem an den Nordhängen der Gebirge einiger makaronesischer Inseln. Das Kronendach aus Bäumen und Sträuchern ist sehr vielgestaltig und reich an Endemiten, mit auffälligen Unterschieden zwischen den Inselgruppen, die auf Klimabedingungen, örtliches Relief und die lange Isolation der Floren zurückgehen.",situs@0.7.0,situs
habitat_type,eunis@2021:T24,de,description,"Wald oder Gebüsch aus Ölbaum (Olea europaea), Johannisbrotbaum (Ceratonia siliqua) und Mastixstrauch (Pistacia lentiscus) mit geschlossenem Kronendach in den trockenheitsgeprägten Tief- und Hügellagen des Mittelmeerraums und Makaronesiens.",situs@0.7.0,situs
habitat_type,eunis@2021:T25,de,description,Lichte Haine der Palme Phoenix theophrasti auf Kreta und im südwestlichen Anatolien. Der Lebensraum kann auengebunden sein — die Palme bildet dann entlang dauerhafter Süß- oder Brackgewässer zeitweise überflutete Galeriewälder — oder an jahreszeitlich beziehungsweise episodisch überflutete Täler gebunden.,situs@0.7.0,situs
habitat_type,eunis@2021:T26,de,description,"Lichte Haine von Phoenix canariensis (Palmares) auf kolluvialen Ablagerungen, überwiegend an ebenen Standorten in mittlerer Hanglage oder am Fuß unregelmäßig wasserführender Rinnen. Endemisch auf den Kanarischen Inseln und angewiesen auf die kurzzeitigen Grundwasserstände, die sporadische Sturzfluten im Winter erzeugen. Sie stellen damit eine azonale Vegetation der trockenen bis ariden infra- und thermomediterranen Stufe dar.",situs@0.7.0,situs
habitat_type,eunis@2021:T27,de,description,"Bestände der Stechpalme (Ilex aquifolium) an verstreuten Stellen in europäischen Wäldern, besonders in der gemäßigten Zone und in den Gebirgen des Mittelmeerraums.",situs@0.7.0,situs
habitat_type,eunis@2021:T28,de,description,"Niedrigwüchsiger Wald (hoher Matorral), je nach Standort beherrscht von baumförmigen Heidekrautgewächsen, dem Kanarischen Erdbeerbaum (Arbutus canariensis) und der Kanarischen Stechpalme (Ilex canariensis); die Standorte reichen von kalten, hyperhumiden Hängen und exponierten, nebelumhüllten Felsaufschlüssen bis zu subhumiden und trockenen Hügellagen Madeiras und der Kanarischen Inseln.",situs@0.7.0,situs
habitat_type,eunis@2021:T29,de,description,"Angebaute Bestände immergrüner Laubbäume, die zur Holzproduktion gepflanzt wurden und aus gebietsfremden Arten, aus einheimischen Arten außerhalb ihres natürlichen Areals oder aus einheimischen Arten in deutlich naturfernen Beständen — oft Monokulturen — bestehen.",situs@0.7.0,situs
habitat_type,eunis@2021:T2A,de,description,"[Dieser Lebensraum konnte im Expertensystem nicht förmlich definiert werden, weil sich Pflanzungen standortheimischer Bäume anhand von Vegetationsaufnahmen nicht von Naturwäldern unterscheiden lassen.] Angebaute Bestände immergrüner Laubbäume, die zur Holzproduktion gepflanzt wurden und aus standortheimischen immergrünen Laubbaumarten bestehen.",situs@0.7.0,situs
habitat_type,eunis@2021:T31,de,description,"Immergrüner Nadelwald, beherrscht von Fichten: Picea abies in den meisten Gebirgen des gemäßigten Europa, die reliktische Picea omorika in einem eng begrenzten Gebiet der Dinariden und Picea orientalis im Kaukasus. Tanne (Abies alba, Abies nordmanniana) kann beigemischt sein, auf sauren, teils sehr nährstoffarmen, nassen, kalten oder felsigen Böden der montanen und subalpinen Stufe der Gebirge des gemäßigten Europa.",situs@0.7.0,situs
habitat_type,eunis@2021:T32,de,description,"Wälder der Weißtanne (Abies alba) in den Gebirgen der gemäßigten Zone, oft mit Rotbuche (Fagus sylvatica) und, wo die Standortbedingungen in größeren Höhen härter werden, mit Fichte (Picea abies). Im südlichen Schwarzmeergebiet und im Kaukasus ist die Nordmann-Tanne (Abies nordmanniana) die beherrschende Art, häufig mit Beimischung von Orientbuche (Fagus orientalis) und Orientfichte (Picea orientalis). An den meisten Standorten stocken Tannenwälder auf sauren Böden, reichen aber auch auf basenreichere, mesotrophe Böden, wo eigene Staudenbestände die sonst heidige Krautschicht ergänzen oder ersetzen.",situs@0.7.0,situs
habitat_type,eunis@2021:T33,de,description,"Immergrüne Nadelwälder sonnenärmerer oder nebelreicher Hänge und Rinnen in den unteren bis mittleren Höhenstufen der mediterranen Gebirge, in denen Tannenarten mit sehr begrenzter Verbreitung höchst eigenständige Reliktbestände bilden: Spanische Tanne (Abies pinsapo), Griechische Tanne (Abies cephalonica), König-Boris-Tanne (Abies borisii-regis), apenninische und sizilianische Bestände der Weißtanne (Abies alba) sowie die Sizilianische Tanne (Abies nebrodensis).",situs@0.7.0,situs
habitat_type,eunis@2021:T34,de,description,"Nadelwald — teils sommergrün —, aus Europäischer Lärche (Larix decidua) oder Zirbelkiefer (Pinus cembra) in der mittleren subalpinen Stufe der Gebirge der gemäßigten Zone in den Zentralalpen und Karpaten, mit lange liegender, aber geringmächtiger Schneedecke und kurzer Vegetationszeit. Bergkiefer (Pinus mugo), Fichte (Picea abies), Weißtanne (Abies alba), Alpenrosen und andere Zwergsträucher bleiben stets untergeordnet, verschiedene Mehlbeeren (Sorbus) sind jedoch kennzeichnende Begleiter.",situs@0.7.0,situs
habitat_type,eunis@2021:T35,de,description,"Wälder, beherrscht von der Waldkiefer (Pinus sylvestris), oft mit etwas Birke (Betula pendula, Betula pubescens), Zitterpappel (Populus tremula) und Gemeinem Wacholder (Juniperus communis), auf sauren bis basenreichen Böden der nördlich-gemäßigten und der hemiborealen Zone.",situs@0.7.0,situs
habitat_type,eunis@2021:T36,de,description,"Immergrüne Nadelwälder, im Allgemeinen beherrscht von Waldkiefer (Pinus sylvestris) oder Schwarzkiefer (Pinus nigra, zur Südgrenze hin in verschiedenen Unterarten), seltener mit etwas Fichte (Picea abies) und sommergrünen Begleitern; oft in isolierten, kleinen Beständen auf basenreichen Böden der Gebirge der gemäßigten und submediterranen Zone.",situs@0.7.0,situs
habitat_type,eunis@2021:T37,de,description,"Immergrüner Nadelwald trockenheitsgeprägter Standorte an verstreuten Stellen in den Gebirgen des Mittelmeerraums, beherrscht von der Schwarzkiefer (Pinus nigra) und — außer auf den Mittelmeerinseln — mitunter mit untergeordneter Waldkiefer (Pinus sylvestris); beide Arten treten an verschiedenen Orten oft als vikariierende Formen auf.",situs@0.7.0,situs
habitat_type,eunis@2021:T38,de,description,"Wälder, beherrscht von Zedern (Cedrus atlantica oder Cedrus libani), in den Gebirgen Nordafrikas, des Libanon, Syriens, der asiatischen Türkei und Zyperns.",situs@0.7.0,situs
habitat_type,eunis@2021:T39,de,description,"Immergrüner Nadelwald an den Waldgrenzen der Gebirge des Balkans und Süditaliens, beherrscht von der Panzerkiefer (Pinus heldreichii) auf basenreichen Böden an sonnigeren, trockenheitsgeprägten Standorten oder von der Rumelischen Kiefer (Pinus peuce) überwiegend auf silikatischen Böden. Dieser Lebensraum sollte geteilt werden — einer von Pinus heldreichii, der andere von Pinus peuce beherrscht —, weil sich Ökologie und floristische Zusammensetzung beider Kiefernwälder stark unterscheiden.",situs@0.7.0,situs
habitat_type,eunis@2021:T3A,de,description,"Immergrüner Nadelwald, beherrscht von verschiedenen wärmeliebenden Kiefern: Seestrandkiefer (Pinus pinaster im westlichen Mittelmeerraum und in winter­milden atlantischen Gebieten), Aleppokiefer (Pinus halepensis), Pinie (Pinus pinea an allen südeuropäischen Küsten, örtlich auch im Binnenland) und Kalabrische Kiefer (Pinus brutia in Griechenland, auf Zypern und in Anatolien); die ersten drei bevorzugen oft instabile Substrate oder Vorklimax-Situationen. Alle diese Wälder sind feuergefährdet.",situs@0.7.0,situs
habitat_type,eunis@2021:T3B,de,description,"Wald der endemischen Kanarenkiefer (Pinus canariensis), überwiegend in großen Höhen an trockenen, sonnigen Standorten oberhalb des Nebelgürtels, örtlich auch auf Felsaufschlüssen und alten Lavaströmen der Hügellagen, auf den westlichen Kanarischen Inseln.",situs@0.7.0,situs
habitat_type,eunis@2021:T3C,de,description,"Immergrüne Wälder, ganz überwiegend beherrscht von der Eibe (Taxus baccata), mitunter mit Stechpalme (Ilex aquifolium), Mehlbeere (Sorbus aria) und Buchsbaum (Buxus sempervirens); möglicherweise als blockierte Sukzessionen oder als überalterte Restbestände, sehr kleinflächig auf basenreichen Böden im Mittelmeerraum und auf den Britischen Inseln.",situs@0.7.0,situs
habitat_type,eunis@2021:T3D,de,description,"Immergrüne Wälder und Hochgebüsche aus Zypresse (Cupressus sempervirens), Wacholderarten (Juniperus drupacea, Juniperus excelsa, Juniperus foetidissima und Juniperus thurifera) oder Sandarakbaum (Tetraclinis articulata) mit meist offenem Kronendach, gebüschartigem Unterwuchs und krautreicher Bodenschicht, auf flachgründigen, meist basenreichen Böden an trockenen, felsigen Standorten, verstreut im Mittelmeerraum.",situs@0.7.0,situs
habitat_type,eunis@2021:T3E,de,description,"Immergrüne Wälder der endemischen makaronesischen Wacholder (Juniperus brevifolia und Juniperus cedrus) in verschiedenen Lebensräumen, mitunter als sehr kleine isolierte Populationen, jede mit eigener Begleitflora.",situs@0.7.0,situs
habitat_type,eunis@2021:T3F,de,description,"Wald, von Natur aus beherrscht von Fichte (Picea abies und Picea obovata), Sibirischer Tanne (Abies sibirica) oder Sibirischer Zirbelkiefer (Pinus sibirica), auf frischeren, meist podsolierten Böden der nordöstlichen kontinentalen und borealen Gebiete, oft mit untergeordnetem sommergrünem Laubholzanteil (etwa Betula pendula und Betula pubescens) und stellenweise auch etwas Waldkiefer (Pinus sylvestris) in Kronendach und Unterwuchs. In der Krautschicht haben Zwergsträucher, Moose und Flechten erheblichen Anteil. Manche Bestände mit Picea oder Abies sibirica können reich an Hochstauden sein. Fichtenwälder der hemiborealen und borealen Zone auf Braunerden mit artenreicher Krautschicht aus anspruchsvollen Waldkräutern (etwa Aegopodium podagraria, Anemone nemorosa, Brachypodium sylvaticum, Hepatica nobilis, Hieracium lachenalii, Hieracium murorum, Lamium galeobdolon, Melica nutans, Mercurialis perennis, Mycelis muralis und Oxalis acetosella) unterscheiden sich stark vom Taiga-Fichtenwald mit vorherrschenden Zwergsträuchern und Moosen in der Bodenschicht. Diese Wälder sollten als möglicher neuer Lebensraum geprüft werden.",situs@0.7.0,situs
habitat_type,eunis@2021:T3G,de,description,"Wald, von Natur aus beherrscht von der Waldkiefer (Pinus sylvestris), oft mit etwas Birke (Betula pendula und B. pubescens). Er stockt auf lithomorphen und podsolierten, mäßig trockenen Böden der gesamten borealen Zone Europas. Die Bodenschicht ist reich an Zwergsträuchern, Moosen und Flechten. Auf Oser-Rücken kann eine spezialisierte Krautflora auftreten.",situs@0.7.0,situs
habitat_type,eunis@2021:T3H,de,description,Sommergrüner Nadelwald der Sibirischen Lärche (Larix sibirica) in der borealen Zone Nordosteuropas und Westsibiriens.,situs@0.7.0,situs
habitat_type,eunis@2021:T3J,de,description,"Lichter Wald, beherrscht von Kiefern (Pinus mugo subsp. rotundata, Pinus sylvestris) oder Lärchen (Larix decidua, L. sibirica), auf saurem Torf oder um wachsende Hochmoore und Armmoore mit nährstoffarmem Grundwasser; verbreitet in der borealen Zone und örtlich, wo es die Standortverhältnisse zulassen, in der kontinentalen Zone.",situs@0.7.0,situs
habitat_type,eunis@2021:T3K,de,description,"Lichter Wald, beherrscht von Fichte (Picea abies oder P. obovata), auf saurem Torf oder um wachsende Hochmoore und Armmoore mit nährstoffarmem Grundwasser; verbreitet in der borealen Zone und örtlich, wo es die Standortverhältnisse zulassen, in der kontinentalen Zone. Moorwälder ombrotropher und solche minerotropher Standorte (in Niedermooren oder an quellwasserbeeinflussten Stellen) lassen sich als zwei verschiedene Lebensräume auffassen, die sich in der floristischen Zusammensetzung der Krautschicht unterscheiden. Diese Unterscheidung gilt nicht nur für Fichten-, sondern auch für Kiefern- und Lärchenwälder.",situs@0.7.0,situs
habitat_type,eunis@2021:T3L,de,description,"[Dieser Lebensraum konnte im Expertensystem nicht förmlich definiert werden, weil sich spontan aufgewachsene Wälder anhand von Vegetationsaufnahmen nicht von Pflanzungen unterscheiden lassen.] Spontan entstandene Wälder aus gebietsfremden Nadelbaumarten oder aus europäischen Nadelbäumen außerhalb ihres natürlichen Areals.",situs@0.7.0,situs
habitat_type,eunis@2021:T3M,de,description,"Angebaute Nadelholzbestände, die zur Holzproduktion gepflanzt wurden und aus gebietsfremden Nadelbaumarten oder aus europäischen Nadelbäumen außerhalb ihres natürlichen Areals bestehen.",situs@0.7.0,situs
habitat_type,eunis@2021:T3N,de,description,"[Dieser Lebensraum konnte im Expertensystem nicht förmlich definiert werden, weil sich Pflanzungen standortheimischer Bäume anhand von Vegetationsaufnahmen nicht von Naturwäldern unterscheiden lassen.] Angebaute Nadelholzbestände, die zur Holzproduktion gepflanzt wurden und aus standortheimischen Nadelbaumarten bestehen.",situs@0.7.0,situs
habitat_type,eunis@2021:T41,de,description,"[Dieser Lebensraum konnte im Expertensystem nicht förmlich definiert werden, weil sich das Sukzessionsstadium anhand von Vegetationsaufnahmen meist nicht bestimmen lässt.] Frühe Stadien des Waldwiederaufwuchses oder neu aufwachsender Wald, überwiegend aus jungen Individuen von Hochwaldarten unter 5 m Höhe. Eingeschlossen sind mit einheimischen Bäumen wiederbegründete Jungwälder sowie sich spontan ansiedelnde Bestände gebietsfremder Bäume.",situs@0.7.0,situs
habitat_type,eunis@2021:T42,de,description,"[Dieser Lebensraum konnte im Expertensystem nicht förmlich definiert werden, weil sich Niederwaldbewirtschaftung oder frühe Pflanzungsstadien anhand von Vegetationsaufnahmen nicht bestimmen lassen.] Als Niederwald ohne Überhälter bewirtschafteter Wald. Pflanzungen mit einem Kronendach aus jungen Bäumen unter 5 m Höhe. Pflanzungen niedriger Bäume oder Sträucher zur Holz- oder Kleinbaumproduktion mit regelmäßiger Ganzpflanzenernte, darunter Kurzumtriebsplantagen aus Salix zur Biomassegewinnung, Weihnachtsbaumkulturen und Baumschulen.",situs@0.7.0,situs
habitat_type,eunis@2021:T43,de,description,"[Dieser Lebensraum konnte im Expertensystem nicht förmlich definiert werden, weil er sich anhand von Vegetationsaufnahmen nicht von verschiedenen Gebüschlebensräumen unterscheiden lässt.] Kahlgeschlagene oder abgebrannte Flächen, die zuvor Laub- oder Nadelwald getragen haben. Eingeschlossen ist Wald mit von Sträuchern beherrschter Sukzessionsvegetation, sofern diese bald von einem Kronendach überwachsen wird. Lichtungen mit krautiger Vegetation zählen zu R57 (Krautvegetation der Waldlichtungen), auch wenn dies ein vorübergehendes Stadium bis zur Wiederbewaldung sein kann.",situs@0.7.0,situs
habitat_type,eunis@2021:U11,de,description,"[Dieser Lebensraum konnte im Expertensystem nicht förmlich definiert werden, weil er nicht auf Vegetation beruht.] Höhlen entstehen über sehr lange Zeiträume und sind in Ausdehnung, Gestalt und Eigenart sehr verschieden: manche trocken, andere dauerhaft oder zeitweise nass, wieder andere warm, sauerstoffarm und im Eingangsbereich unterschiedlich belichtet. Sie kommen in ganz Europa vor, am ausgedehntesten in Karstgebieten. Flora und Fauna sind spezialisiert, an oft extreme Umweltbedingungen angepasst und umfassen bemerkenswerte Troglophile sowie kennzeichnende Arten, die hier ruhen oder überwintern.",situs@0.7.0,situs
habitat_type,eunis@2021:U12,de,description,"[Dieser Lebensraum konnte im Expertensystem nicht förmlich definiert werden, weil er nicht auf Vegetation beruht.] Künstliche unterirdische Hohlräume. Sie können wichtige Ersatzlebensräume für höhlenbewohnende Fledermäuse und für bedeutsame unterirdische Wirbellose wie Krebstiere und Strudelwürmer sein.",situs@0.7.0,situs
habitat_type,eunis@2021:U21,de,description,"Boreale und arktische, spärlich bewachsene silikatische Blockhalden, Stein- oder Schutthalden über basenarmen Substraten, die azidophile Pflanzengesellschaften tragen. Sie sind unterschiedlichen Ursprungs, ungleich über die Region verteilt und häufig fortgesetzter natürlicher Störung durch Steinschlag, Frostwechsel oder Küstenerosion und -ablagerung ausgesetzt. Die Vegetation besteht typischerweise aus Flechten und Moosen, wobei verschiedene Wuchsformen verschiedene Kleinstandorte beherrschen: Krusten- und Blattflechten sowie kleine Polstermoose an den Flanken der Blöcke, Strauchflechten und teppichbildende Moose in den Zwischenräumen. Wo Gefäßpflanzen zwischen den Blöcken genug Boden finden, bilden sie eine lückige Decke.",situs@0.7.0,situs
habitat_type,eunis@2021:U22,de,description,"Silikatische, überwiegend saure Schutthalden, Moränen und Blockströme in großen Höhen und an kühlen Standorten der Gebirge der nemoralen Zone Europas. Die Halden werden von überwiegend ausdauernden, überwiegend azidophilen Pflanzen besiedelt; ihre Zusammensetzung wird stark von Höhenlage und Regionalklima geprägt und umfasst oft zahlreiche reliktische und lokal endemische Arten, wenn auch weniger als auf Kalkschutthalden. Häufig ist die Vegetationsdecke lückig; diese Halden können jedoch feuchter sein, weil die Substrate wasserundurchlässig und wasserhaltend sind, und lange Schneebedeckung fördert zusätzlich üppigen Wuchs und Humusanreicherung.",situs@0.7.0,situs
habitat_type,eunis@2021:U23,de,description,"Silikatische Schutthalden und Moränen warmer Expositionen, hervorgegangen aus einer Vielfalt von Sediment-, Erguss- und metamorphen Gesteinen an den unteren Hängen der Gebirge der nemoralen Zone. Oft ist der Schutt mit Feinerde vermischt. Die Vegetation kann ganz fehlen; auf Gesteinsoberflächen können jedoch moos- oder flechtenbeherrschte, artenarme Gesellschaften auftreten, und in Spalten angesammelte Feinerde kann eine vielfältige, von Kräutern oder Farnen beherrschte Vegetation tragen. Silikatschutthalden sind im Allgemeinen artenärmer als Kalkschutthalden, doch können Farne vielgestaltig und üppig sein. Die natürliche Sukzession auf stabileren Halden führt zu Gebüsch und Wald, die hier nicht eingeschlossen sind.",situs@0.7.0,situs
habitat_type,eunis@2021:U24,de,description,"Silikatische Schutthalden aus verschiedenen Sediment-, Erguss- und metamorphen Gesteinen an den unteren Hängen im Mittelmeerraum. Der Gesteinsschutt ist oft mit Feinerde vermischt. Die Vegetationsdecke kann ganz fehlen oder nur aus Moos- und Flechtengesellschaften bestehen. In den meisten Fällen tragen diese Halden jedoch eine offene Gefäßpflanzenvegetation, die in der Regel artenärmer ist als auf mediterranen Kalkschutthalden. Die natürliche Sukzession verläuft langsamer als auf Schutthalden der gemäßigten Zone. Von Gebüsch oder Wald überwachsene Halden gehören nicht zu diesem Lebensraum.",situs@0.7.0,situs
habitat_type,eunis@2021:U25,de,description,"Boreale und arktische basenreiche Schutt- und Blockfelder umfassen Hangschutt oder frostwechselbedingte Blockfelder aus Kalkgesteinen der südlich-borealen bis arktischen Gebiete, vor allem im Skandinavischen Gebirge, auf Island und Spitzbergen. Wegen der großen Klimaspanne beherbergt der Lebensraum eine große Vielfalt an Arten und Pflanzengesellschaften; hierher gehören jedoch nur die lückigen Gefäßpflanzenbestände, die in vereinzelten Flecken wachsen. Sie sind auf das natürliche oder naturnahe Störungsgeschehen angewiesen — periodischen Steinschlag und die anhaltende Instabilität des Substrats bei Schutthalden — und in manchen Gebieten auch auf eine lange Beweidungstradition.",situs@0.7.0,situs
habitat_type,eunis@2021:U26,de,description,"Kalk- und Kalkschiefer-Schutthalden in großen Höhen und an kühlen Standorten der Hochgebirge der nemoralen Zone Europas. Die Halden werden von überwiegend ausdauernden basiphilen Arten besiedelt, die oft artenreiche Bestände mit vielen lokalen und endemischen Arten bilden.",situs@0.7.0,situs
habitat_type,eunis@2021:U27,de,description,"Schutthalden aus überwiegend grobem, unverfestigtem Material über Kalk- und Dolomitgestein in den Tief-, Hügel- und submontanen Lagen des gemäßigten Europa. Die Vegetation kann ganz fehlen; auf Gesteinsoberflächen können jedoch Moos- und Flechtengesellschaften wachsen, und wo sich in Spalten Boden ansammelt, kann der Gefäßpflanzenanteil vielgestaltig und üppig sein. Die natürliche Sukzession nach Stabilisierung der Halden erlaubt das Aufkommen von Sträuchern und Bäumen; diese Vegetation ist hier nicht eingeschlossen.",situs@0.7.0,situs
habitat_type,eunis@2021:U28,de,description,"Kalkreiche und ultrabasische Schutthalden mit Blöcken, Gesteinsschutt und Flusskies aus Sediment- und metamorphen Gesteinen, Ultramafiten und basischen Vulkaniten des westlichen Mittelmeerraums, von den Tieflagen bis in die Hochgebirge. Epilithische Flechten und Moose können sehr vielgestaltig sein, besonders im Gebirge, wo sie überwiegend in Spalten und anderen schattigen, feuchten Kleinstandorten unbeweglicher Blöcke wachsen. Die Gefäßpflanzenvegetation besteht aus Hemikryptophyten und Chamaephyten, die an die mechanische Störung beweglicher Halden, an Wassermangel und an das Fehlen von Feinerde angepasst sind. Zu den Hügel- und Tieflagen hin wird der Lebensraum seltener und stärker zerstreut und ist anfälliger für menschliche Störungen wie Steinbruchbetrieb und Infrastrukturausbau; Hochgebirgshalden sind dagegen meist gut erhalten und daher in sehr naturnahem Zustand.",situs@0.7.0,situs
habitat_type,eunis@2021:U29,de,description,"Kalkreiche und ultrabasische Schutthalden mit Hangschutt, Blockfeldern, Gletschervorfeldern, Gesteinsschutt und Flusskiesbänken, von den Tieflagen bis in die subnivale Stufe des östlichen Mittelmeerraums. Neben epilithischen Moosen und Flechten auf Felsaufschlüssen und stabilen Blöcken besteht die Vegetation überwiegend aus spezialisierten Gefäßpflanzen, die an die Beweglichkeit des Schutts, den Mangel an Feinerde, mechanische Störung, Wassermangel und weitere physiologische Belastungen angepasst sind. Zu den Hügel- und Tieflagen hin ist der Lebensraum seltener und stärker zerstreut, zugleich aber anfälliger für menschliche Störungen, besonders was die Artenzusammensetzung betrifft. Hochgebirgshalden sind dagegen meist gut erhalten, überwiegend in Schutzgebieten gelegen und daher in sehr naturnahem Zustand.",situs@0.7.0,situs
habitat_type,eunis@2021:U2A,de,description,"Basenreiche Schutthalden aus verschiedenen Gesteinsarten, darunter Kalkstein, Flysch und Schiefer, auf der Halbinsel Krim.",situs@0.7.0,situs
habitat_type,eunis@2021:U31,de,description,"[Zu diesem Lebensraum fehlen Daten im European Vegetation Archive.] Silikatische Felswände und Klippen, überwiegend aus harten kristallinen Gesteinen, weichem Glimmerschiefer und einigen Vulkaniten, in der borealen und arktischen biogeographischen Region; ausgenommen sind Meeresklippen mit Salzgischteinfluss sowie sehr nasse, triefende Steilwände. Die Vegetation besteht aus einer begrenzten Gefäßpflanzenflora in Spalten und auf Simsen, dazu epilithische Moose, Flechten und Mikroalgen auf Felsflächen, unter Überhängen und in allen Arten geschützter Kleinstandorte. Obwohl die Gesteine durchweg basenarm sind, unterscheiden sie sich deutlich in chemischer Zusammensetzung und Schichtung und können in zahlreichen Kleinlebensräumen eine große Vielfalt an Gefäßpflanzen und Kryptogamen in sehr verschiedenen Beständen beherbergen.",situs@0.7.0,situs
habitat_type,eunis@2021:U32,de,description,"Silikatische Klippen und Felswände aus sauren, überwiegend paläozoischen Gesteinen in den Hochgebirgen der nemoralen Zone. Die langsame Verwitterung dieser widerstandsfähigen Gesteine schafft nur wenige Nischen zur Besiedlung; die Gefäßpflanzenflora der Spalten und Simse ist daher eher artenarm, aber reich an epilithischen Flechten.",situs@0.7.0,situs
habitat_type,eunis@2021:U33,de,description,"Silikatische Felswände und Klippen der nemoralen Zone, ausgenommen jene der Hochgebirge und die gischtbeeinflussten Küstenklippen. Sie umfassen verschiedene metamorphe, sedimentäre und Ergussgesteine, daneben auch kalkfreie, aber mehr oder weniger basenreiche Vulkanite. Die Vegetation in Felsspalten und -klüften besteht aus Gefäßpflanzen wie kleinen Farnen, Sukkulenten und Rosettenkräutern, auf der Felsoberfläche zudem aus Laub- und Lebermoosen, Krusten- und Blattflechten, Mikroalgen und weiteren Kleinstlebewesen. Die natürliche Sukzession kann zur Entwicklung von Gebüsch und Wald führen.",situs@0.7.0,situs
habitat_type,eunis@2021:U34,de,description,"Silikatische Felswände und Klippen von den Tieflagen bis in die Hochgebirge des Mittelmeerraums, überwiegend magmatischen oder metamorphen Ursprungs, die je nach Gesteinsgefüge, Schieferung, Feuchtegehalt und Chemismus eine Vielfalt an Besiedlungsnischen bieten. Typisch sind polster- oder rosettenbildende Gefäßpflanzen, teils sukkulent, Farne und Zwergsträucher, dazu Moose, Flechten sowie epi- und endolithische Kleinstlebewesen.",situs@0.7.0,situs
habitat_type,eunis@2021:U35,de,description,"Bewachsene Klippen über basenreichen Gesteinen (nicht ultramafisch, ohne Salzgischt) in der borealen Region einschließlich Schottlands und möglicherweise Islands. Sie sind oft reich an Farnen und Krustenflechten sowie — an sonnenarmen, feuchten Standorten, besonders in ozeanischeren Gebieten — an Moosen.",situs@0.7.0,situs
habitat_type,eunis@2021:U36,de,description,"Kalkreiche oder basenreiche Felswände und -spalten in großen Höhen der europäischen Gebirge der gemäßigten Zone. Die Felsspaltenpflanzen, zwerg- und polsterförmigen Chamaephyten und Hemikryptophyten sowie zahlreiche Farne und Moose sind sehr gut an die extremen Standortbedingungen angepasst: starke Sonneneinstrahlung, geringer Wassergehalt, große Tag-Nacht- und jahreszeitliche Temperaturschwankungen, starke Winde und das Fehlen einer schützenden Schneedecke. Der Boden ist im Allgemeinen sehr schwach entwickelt, kann sich in Spalten aber ansammeln. Die Gefäßpflanzenflora ist europaweit sehr verschieden; wegen geographischer Isolation und wechselnder Standortbedingungen finden sich an diesen Felsen zahlreiche reliktische, endemische, seltene und geschützte Arten.",situs@0.7.0,situs
habitat_type,eunis@2021:U37,de,description,"Kalkreiche oder basenreiche Felswände und -spalten der Tief- bis montanen Lagen der europäischen Gebirge in der gemäßigten Zone. Die Bedingungen sind zwar weniger hart als in größeren Höhen, doch sind auch hier die Pflanzen an extreme Standortverhältnisse angepasst: starke Sonneneinstrahlung, geringer Wassergehalt, starke Tag-Nacht- und jahreszeitliche Temperaturschwankungen, starke Winde, fehlende Schneedecke und schwach entwickelte Böden. Viele endemische und seltene Arten kommen hier vor.",situs@0.7.0,situs
habitat_type,eunis@2021:U38,de,description,"Klippen aus Kalkstein, kalkhaltigen Konglomeraten und anderen basenreichen Gesteinen von den Tieflagen bis in die Hochgebirge des gesamten Mittelmeerraums (ohne gischtbeeinflusste Küstenlagen). Kennzeichnend ist eine vielfältige Flora kalkliebender ausdauernder Gefäßpflanzen, oft in Rosetten-, Kriech-, Sukkulenten- oder Polsterform, dazu Horstgräser, kleine Farne, Zwergsträucher, Sträucher und mitunter verholzte Kletterpflanzen und kleine Bäume, die in Spalten und Klüften wurzeln. Hinzu kommen Moose, Flechten sowie epi- und endolithische Kleinstlebewesen. Zu den Hügel- und Tieflagen hin ist der Lebensraum anfälliger für menschliche Störungen, besonders in seiner Artenzusammensetzung. Hochgebirgsklippen sind meist gut erhalten und weisen einen hohen Natürlichkeitsgrad auf.",situs@0.7.0,situs
habitat_type,eunis@2021:U39,de,description,"[Zu diesem Lebensraum fehlen Daten im European Vegetation Archive.] Ultramafische Binnenlandklippen der borealen Zone. Kennzeichnend sind eine boreale Flora aus Gefäßpflanzen und Farnen, die an das Serpentinsubstrat mit seinem eigentümlichen Mineralgehalt angepasst sind, sowie Moos- und Flechtenbestände, die teilweise für kalkreiche Lebensräume typisch sind, hier aber keine üppige Decke bilden.",situs@0.7.0,situs
habitat_type,eunis@2021:U3A,de,description,"Wärmere, südexponierte Klippen aus ultramafischen Gesteinen von den Tieflagen bis in die alpine Stufe der gemäßigten Zone. Sie tragen eine offene Decke aus einer eigenständigen, in Spalten wurzelnden Flora, überwiegend einjährige Arten, Gräser und bestimmte Farne, die auf den Mineralgehalt der flachgründigen Böden spezialisiert sind; einige Endemiten kommen vor.",situs@0.7.0,situs
habitat_type,eunis@2021:U3B,de,description,"Ultramafische Felsen und Klippen abseits der Küste sind im Mittelmeerraum sehr zerstreut verbreitet und tragen eine spärliche, aber höchst eigenständige Flora aus wenigen Farnen, Gefäßpflanzen und Kryptogamen, die besonders an das Wachstum in den Spalten und Klüften dieses spezialisierten Substrats angepasst sind.",situs@0.7.0,situs
habitat_type,eunis@2021:U3C,de,description,"Klippen in Makaronesien abseits der Salzgischt tragen eine ausdauernde Spalten- und Simsvegetation von sehr verschiedenem Charakter: manche werden von Sukkulenten beherrscht, andere sind reich an Farnen und Moosen schattiger Standorte und beherbergen mehrere Hundert für die Archipele endemische Sippen.",situs@0.7.0,situs
habitat_type,eunis@2021:U3D,de,description,"Dauerhaft nasse Felswände in der gemäßigten und der mediterranen Region, oft an sehr kleinflächigen Standorten, wo Fels- und Erdoberflächen durch rieselndes Wasser, Sprühnebel und sonnenabgewandte Lage feucht gehalten werden. Die kennzeichnende Flora wird von schatten- und feuchtigkeitsverträglichen Gefäßpflanzen, üppigen Farnen und Moosen sowie Grün- und Blaualgen beherrscht.",situs@0.7.0,situs
habitat_type,eunis@2021:U3E,de,description,"[Dieser Lebensraum konnte im Expertensystem nicht förmlich definiert werden, weil er ein kleinräumiges Mosaik verschiedener Lebensräume bildet.] Karrenfelder sind geomorphologische Landschaftsformen, die durch Lösungsprozesse an harten Kalksteinplatten entstehen, welche vermutlich durch frühere Gletschererosion und anschließende Verwitterung freigelegt wurden. Sie treten in und um die Alpen und die Apenninen sowie in den nördlichen atlantischen und baltischen Gebieten auf und bestehen aus ebenen oder geneigten Kalksteinflächen, die von einem Netz senkrechter Klüfte durchzogen sind. Größe, Form und Regelmäßigkeit der Blöcke wechseln mit dem örtlichen Gestein und dem Klima; ein großer Teil der Oberfläche ist kahl, doch bilden sich langsam Böden, und der Schutz der Klüfte schafft vielfältige Besiedlungsmöglichkeiten. An exponierten Stellen können trockenheitsverträgliche Gesellschaften aus Flechten- und Moospolstern sowie Fragmente trockener Horstrasen auftreten, in geschützten Lagen üppigere Vegetation aus Farnen, Kräutern, Sträuchern und Bäumen. Wind und Pflanzenfresser begrenzen die Ausbreitung an der Oberfläche oft. Die Zusammensetzung der Flora unterscheidet sich zwischen den Hauptverbreitungsgebieten deutlich.",situs@0.7.0,situs
habitat_type,eunis@2021:U41,de,description,"[Dieser Lebensraum konnte im Expertensystem nicht förmlich definiert werden, weil er nicht auf Vegetation beruht.] Nicht fließende Schneeansammlungen, vor allem in hohen Breiten oder großen Höhen, oft an sonnenabgewandten Stellen wie schattigen Schluchten oder Lawinenbahnen; innerhalb der Grenzen des Dauerschnees beständig, andernorts in heißen Sommern der Schmelze ausgesetzt, besonders nach schneearmen Wintern. Einige Moose können in diesem Lebensraum überdauern, Einzeller-Algen können den Schnee in großer Zahl färben, und bestimmte Insekten ernähren sich von dem beim Schmelzen freigesetzten Material.",situs@0.7.0,situs
habitat_type,eunis@2021:U42,de,description,"[Dieser Lebensraum konnte im Expertensystem nicht förmlich definiert werden, weil er nicht auf Vegetation beruht.] Gletscher sind dauerhafte oder nahezu dauerhafte Eismassen, die durch die Verdichtung des in kalten Klimaten angesammelten Schnees entstehen. Unter Druck verhalten sich diese Ablagerungen wie eine zähe Flüssigkeit; ein Gletscher ist daher beweglich, weil er unter der Schwerkraft langsam hangabwärts fließen kann. Es gibt verschiedene Gletschertypen: Für die arktischen Gebiete sind Eisschilde und Eiskappen kennzeichnend, kuppelförmige, vom Relief unabhängige Eismassen. Eher für die großen Gebirge typisch, aber auch in der Arktis vorhanden, sind die reliefgebundenen Gletscher — Kargletscher, Talgletscher, Berggletscher und Vorlandgletscher. Die kleinste Form geht aus Schneeverwehung, Lawinen oder Eisablagerung in kalten Karstdolinen hervor; diese kleinen Eiskörper, Gletscherchen genannt, können nur wenige Jahre bestehen.",situs@0.7.0,situs
habitat_type,eunis@2021:U43,de,description,"[Dieser Lebensraum konnte im Expertensystem nicht förmlich definiert werden, weil er nicht auf Vegetation beruht.] Blockgletscher sind Gemische aus gefrorenem Gesteinsschutt und Eis glazialen oder periglazialen Ursprungs, die eine zungenförmige Masse bilden und unter der Schwerkraft sehr langsam fließen können; sie finden sich in extrem kalten Gebieten in hohen Breiten und großen Höhen Europas. Eisreiche Moränen sind Massen unverfestigten mineralischen Schutts in der Umgebung zurückweichender Gletscher. Wegen der niedrigen Temperaturen und der Beweglichkeit des Substrats können nur wenige Organismen diese besonderen Lebensräume besiedeln; die Flora beschränkt sich auf Pionierpflanzen und Flechten, die vor allem an den seitlichen und stirnseitigen Rändern des Schutts wachsen. Mit zunehmender Vegetationsdecke nimmt auch die Zahl der Wirbellosen zu.",situs@0.7.0,situs
habitat_type,eunis@2021:U51,de,description,"[Dieser Lebensraum konnte im Expertensystem nicht förmlich definiert werden, weil er nicht auf Vegetation beruht.] Fjellfelder liegen an sehr exponierten Gipfeln, Graten und Hängen der Gebirge der borealen und arktischen Zone, die im Winter schneefrei geblasen werden und flachgründige, steinige, nährstoffarme und meist saure Böden tragen, welche Frostwechsel und Sortierung unterliegen. Die Vegetation wird von starkem Wind und Kälte bestimmt und von Moosen und Strauchflechten beherrscht. Der Lebensraum liegt im Allgemeinen jenseits der Grenze der Weidewirtschaft, kann aber von wildlebenden Pflanzenfressern beweidet werden.",situs@0.7.0,situs
habitat_type,eunis@2021:U52,de,description,"Die Polarwüste ist durch extrem niedrige Sommertemperaturen, geringe Niederschläge und flachgründige, meist basenreiche Böden über Permafrost sowie durch ebenes oder flachwelliges Relief gekennzeichnet. Der Lebensraum ist oft völlig kahl oder trägt höchstens eine sehr lückige, niedrige Decke aus Rosettenpflanzen zwischen Moosen und Flechten. Eine dünne Schneedecke kann etwas üppigeren Wuchs begünstigen; Gebiete mit höheren Niederschlägen, in denen Rentiere weiden und Kot absetzen, profitieren von mehr Feuchtigkeit und Nährstoffen.",situs@0.7.0,situs
habitat_type,eunis@2021:U53,de,description,"[Dieser Lebensraum konnte im Expertensystem nicht förmlich definiert werden, weil er nicht auf Vegetation beruht.] Gletschermoränen, die ihr Eis verloren haben und noch nicht wieder bewachsen sind. Ausgenommen sind Moränen, in denen Eis noch vorherrscht (U4-3).",situs@0.7.0,situs
habitat_type,eunis@2021:U61,de,description,"Dieser Lebensraum umfasst spärlich bewachsene vulkanische Bildungen wie tätige Vulkane, frisch entstandene Lavaströme sowie ältere Lavafelder und Gesteine, dazu vulkanische Hänge und Ebenen der subarktischen und arktischen Gebiete Europas, überwiegend auf Island und in Teilen von Jan Mayen. Die Gesteinsoberflächen und vulkanischen Böden werden nur langsam besiedelt, sind nährstoffarm und dauerhaft Winderosion und Austrocknung ausgesetzt. Gefäßpflanzen sind wenige, und Kryptogamen treten im Allgemeinen spärlich auf; sich ansammelnder Boden und Senken, die von Schneebedeckung profitieren, können jedoch eine ausgedehntere Vegetation tragen.",situs@0.7.0,situs
habitat_type,eunis@2021:U62,de,description,"Spärlich bewachsene Vulkangebiete des Mittelmeerraums und Makaronesiens, überwiegend jüngere vulkanische Schlacken (Tephra), Lavaströme oder Öffnungen in Vulkangebieten, die heiße Gase und Dämpfe ausstoßen, in Italien und auf den Kanarischen Inseln. Starke Sonneneinstrahlung, bemerkenswerte Tagesschwankungen der Temperatur, lange Schneebedeckung und mechanische Störungen durch starke Winde sind für diesen Lebensraumtyp üblich. Große Flächen sind völlig vegetationsfrei oder tragen nur einzelne Flechten und Moose beziehungsweise — auf bruchstückhaften Böden — eine verstreute, unterbrochene Decke aus wenigen reliktischen Gefäßpflanzen.",situs@0.7.0,situs
habitat_type,eunis@2021:V11,de,description,"Getreide und andere nicht verholzende Kulturen, die auf großen, ungegliederten Flächen in offenen Feldlandschaften angebaut werden.",situs@0.7.0,situs
habitat_type,eunis@2021:V12,de,description,"Intensiver Anbau von Gemüse, Blumen und Beerenobst, meist in wechselnden Streifen verschiedener Kulturen. Eingeschlossen sind Kleingärten und kleinflächiger Gemüseanbau.",situs@0.7.0,situs
habitat_type,eunis@2021:V13,de,description,"Traditionell und extensiv bewirtschaftete Kulturen, insbesondere Getreide, die eine reiche und gefährdete Ackerwildkrautflora beherbergen, darunter Agrostemma githago, Calendula arvensis, Cyanus segetum, Glebionis segetum, Legousia speculum-veneris sowie Arten der Gattungen Adonis, Consolida, Nigella und Papaver.",situs@0.7.0,situs
habitat_type,eunis@2021:V14,de,description,"Überflutete oder überflutbare Felder, die für den Anbau von Reis (Oryza sativa) und seltener anderer Kulturen genutzt werden. Bei nicht zu starker Behandlung können sie Ersatzlebensräume für einige Tiere der Feuchtgebiete bieten, insbesondere für Vögel wie Enten, Rallen und Reiher.",situs@0.7.0,situs
habitat_type,eunis@2021:V15,de,description,"Aufgegebene oder brachliegende Felder sowie andere Zwischenräume auf gestörtem Boden. Stillgelegtes oder aufgegebenes Ackerland mit eingesäten Kräutern zum Bodenschutz, zur Bodenfestigung, Düngung oder Rekultivierung. Aufgegebene Felder werden von zahlreichen Pionier-, eingeführten oder nitrophilen Pflanzen besiedelt. Sie bieten Lebensräume, die von Tieren des Offenlands genutzt werden können.",situs@0.7.0,situs
habitat_type,eunis@2021:V21,de,description,"[Keiner der Lebensräume der Gruppe V2 konnte im Expertensystem förmlich definiert werden, weil sich Kulturflächen in Gärten oder Parks anhand von Vegetationsaufnahmen nicht von verschiedenen anthropogenen Lebensräumen unterscheiden lassen.] Kulturflächen großflächiger Freizeitgärten. Die Vegetation besteht zwar meist überwiegend aus eingeführten Arten oder Sorten, kann aber dennoch viele einheimische Pflanzen einschließen und trägt bei extensiver Pflege eine vielfältige Fauna. Großflächige Gärten werden als Lebensraumkomplexe geführt (X23).",situs@0.7.0,situs
habitat_type,eunis@2021:V22,de,description,"Kulturflächen von Ziergärten und kleinen Parks an Häusern oder auf Stadtplätzen. Nutzgärten in unmittelbarer Nähe von Wohnhäusern. Kleingartenanlagen gehören nicht dazu (V12). Kleine Gärten werden als Lebensraumkomplexe geführt (X22, X24, X25).",situs@0.7.0,situs
habitat_type,eunis@2021:V23,de,description,Aufgegebene Blumen- und Gemüsebeete in Gärten werden rasch von zahlreichen Wildkräutern besiedelt.,situs@0.7.0,situs
habitat_type,eunis@2021:V31,de,description,"[Dieser Lebensraum konnte im Expertensystem nicht förmlich definiert werden, weil sich dieses Grasland anhand von Vegetationsaufnahmen nicht von einigen anderen Graslandlebensräumen unterscheiden lässt.] Flächen mit stark gedüngtem oder neu eingesätem Dauergrünland, mitunter mit selektiven Herbiziden behandelt, mit stark verarmter Flora und Fauna; genutzt zur Beweidung, zum Bodenschutz und zur Bodenfestigung, zur Landschaftsgestaltung oder zur Erholung.",situs@0.7.0,situs
habitat_type,eunis@2021:V32,de,description,"Flächen, beherrscht von einjährigen Gräsern und Kräutern, auf leicht nitratangereicherten Böden der meso- und thermomediterranen Zone. Kennzeichnend sind einjährige Arten von Aegilops, Avena, Bromus und Vulpia sowie Kreuzblütler und Schmetterlingsblütler. Diese Einjährigen treten als Pioniere auf offenen, durch Belüftung oder organischen Eintrag leicht nitrifizierten Böden auf: an Wegen, auf Aufschüttungen und in Zwischenräumen von Kulturflächen. Unter dem Einfluss der Weidewirtschaft ersetzen sie auch die nährstoffarme einjährige Vegetation mediterraner Trockenrasen (R1D, R1F). Subnitrophiles einjähriges Grasland ist als Sukzessionsstadium nach dem Ackerbau weit verbreitet. Die Wiederbesiedlung durch Gehölze kann zu Macchie (S5) oder Garrigue (S6) führen.",situs@0.7.0,situs
habitat_type,eunis@2021:V33,de,description,"Trockenflächen mit mehr als 10 % Strauchdeckung und einem hohen Anteil nicht frühjahrsgrüner, vom Vieh gemiedener Pflanzen, darunter Geophyten der Gattungen Asphodelus und Drimia, Disteln wie Carlina, Carthamus, Centaurea und Onopordum sowie weitere Pflanzen wie Ferula und Phlomis; besonders kennzeichnend für die trockeneren Teile des Mittelmeerraums, bei geeigneten Bedingungen aber auch andernorts, etwa in den trockenen kontinentalen Tälern der Schweiz. Diese Lebensräume gehen meist aus der Überbeweidung von Garrigue hervor, die die Sträucher beseitigt.",situs@0.7.0,situs
habitat_type,eunis@2021:V34,de,description,"Niedriges einjähriges Grasland an trockenen und warmen Trittstellen, zum Beispiel die Gesellschaften des Verbands Polygono-Coronopodion mit Cynodon dactylon, Eragrostis minor, Herniaria glabra, Herniaria hirsuta, Juncus tenuis, Lepidium coronopus, Lepidium ruderale, Lolium perenne, Matricaria discoidea, Plantago lanceolata, Plantago major, Poa annua agg. und Polygonum arenastrum.",situs@0.7.0,situs
habitat_type,eunis@2021:V35,de,description,"Niedrige einjährige Vegetation an frischen Trittstellen, zum Beispiel die Gesellschaften des Verbands Saginion procumbentis mit Juncus bufonius, Poa annua agg., Poa supina, Sagina apetala, Sagina procumbens, Spergularia rubra und Veronica serpyllifolia; in der submontanen und montanen Stufe kann die Vegetation aus dem Poion supinae bestehen.",situs@0.7.0,situs
habitat_type,eunis@2021:V36,de,description,"[Dieser Lebensraum konnte im Expertensystem nicht förmlich definiert werden, weil sich dieses Grasland anhand von Vegetationsaufnahmen nicht von einigen anderen Graslandlebensräumen unterscheiden lässt.] Gedüngte Weiden der subalpinen und unteren alpinen Stufe der Gebirge mit Arten wie Phleum alpinum und Crepis aurea. Gedüngte Mähwiesen sind unter R23 geführt.",situs@0.7.0,situs
habitat_type,eunis@2021:V37,de,description,"Bestände, beherrscht von einjährigen Kräutern, die sich auf jüngst aufgegebenen städtischen oder landwirtschaftlichen Flächen, auf rekultiviertem Land, an Verkehrswegen oder auf Abfallablagerungen entwickeln, typischerweise an häufig gestörten Stellen oder nach einem kürzlich erfolgten schweren Störungsereignis.",situs@0.7.0,situs
habitat_type,eunis@2021:V38,de,description,"Bestände, beherrscht von ausdauernden Kräutern, häufig Ruderalarten, die sich auf trockenen, aufgegebenen städtischen oder landwirtschaftlichen Flächen, auf rekultiviertem Land, an Verkehrswegen oder auf Abfallablagerungen entwickeln. Diese Bestände lösen im Zuge der Sekundärsukzession häufig die einjährige anthropogene Krautvegetation ab.",situs@0.7.0,situs
habitat_type,eunis@2021:V39,de,description,"Bestände, beherrscht von ausdauernden Kräutern, häufig Ruderalarten, die sich auf frischen bis leicht feuchten, aufgegebenen städtischen oder landwirtschaftlichen Flächen, auf rekultiviertem Land, an Verkehrswegen oder auf Abfallablagerungen entwickeln. Diese Bestände lösen im Zuge der Sekundärsukzession häufig die einjährige anthropogene Krautvegetation ab.",situs@0.7.0,situs
habitat_type,eunis@2021:V41,de,description,"[Keiner der Lebensräume der Gruppe V4 konnte im Expertensystem förmlich definiert werden, weil sich Hecken anhand von Vegetationsaufnahmen nicht von Gebüschlebensräumen unterscheiden lassen.] Hecken, die mit in der Umgebung nicht heimischen Arten gepflanzt wurden. Das können gebietsfremde Arten wie Ligustrum ovalifolium oder europäische Arten außerhalb ihres natürlichen Areals sein.",situs@0.7.0,situs
habitat_type,eunis@2021:V42,de,description,"Regelmäßig geschnittene Hecken aus einheimischen Arten, die als Hecke gepflanzt wurden.",situs@0.7.0,situs
habitat_type,eunis@2021:V43,de,description,"Hecken, überwiegend aus einheimischen Arten, mit durchschnittlich mindestens fünf einheimischen Gehölzarten je 25 m Länge, ohne Halbsträucher wie Rubus sect. Rubus und Kletterpflanzen wie Clematis vitalba oder Hedera helix. In Westeuropa gelten viele solcher Hecken als mittelalterlichen Ursprungs.",situs@0.7.0,situs
habitat_type,eunis@2021:V44,de,description,"Hecken, überwiegend aus einheimischen Arten, weder sauber geschnitten noch erkennbar als Hecke gepflanzt, mit durchschnittlich weniger als fünf Gehölzarten je 25 m Länge, ohne Halbsträucher wie Rubus sect. Rubus und Kletterpflanzen wie Clematis vitalba oder Hedera helix.",situs@0.7.0,situs
habitat_type,eunis@2021:V51,de,description,"[Keiner der Lebensräume der Gruppe V5 konnte im Expertensystem förmlich definiert werden, weil sich manche Strauchpflanzungen anhand von Vegetationsaufnahmen nicht von spontan entstandenen Gebüschlebensräumen unterscheiden lassen, während in anderen Strauchpflanzungen meist nur die Krautvegetation zwischen den Pflanzreihen erfasst wird.] Eingeschlossen sind Strauchbaumschulen und Pflanzungen zur Biomassegewinnung. Baumschulen und Weihnachtsbaumkulturen gehören nicht dazu (T42).",situs@0.7.0,situs
habitat_type,eunis@2021:V52,de,description,Eingeschlossen sind Teepflanzungen (Camellia sinensis) und für die Korbflechterei angelegte Korbweidenkulturen (Salix viminalis).,situs@0.7.0,situs
habitat_type,eunis@2021:V53,de,description,"Pflanzungen niedriger Bäume, Sträucher, Spaliere oder ausdauernder verholzter Kletterpflanzen außer Weinreben, die zur Obst- oder Blütenproduktion angebaut werden. Dazu gehören unter anderem beerentragende Sträucher der Gattungen Ribes und Rubus.",situs@0.7.0,situs
habitat_type,eunis@2021:V54,de,description,Pflanzungen der Weinrebe Vitis vinifera.,situs@0.7.0,situs
habitat_type,eunis@2021:V61,de,description,"[Keiner der Lebensräume der Gruppe V6 konnte im Expertensystem förmlich definiert werden, weil sich manche baumbestandenen anthropogenen Lebensräume anhand von Vegetationsaufnahmen nicht von spontan entstandenen baumbestandenen Lebensräumen unterscheiden lassen, während in Obstanlagen meist nur die Krautvegetation zwischen den Bäumen erfasst wird.] Bestände sommergrüner Bäume, die zur Obst- oder Blütenproduktion angebaut werden und nach Erreichen der Reife eine dauerhafte Baumdecke bilden. Extensiv bewirtschaftete und alte Obstbestände sind Lebensräume mit reicher Flora und Fauna.",situs@0.7.0,situs
habitat_type,eunis@2021:V62,de,description,"Bestände immergrüner Laubbäume, die zur Fruchtgewinnung angebaut werden, überwiegend Oliven und Zitrusfrüchte, und nach Erreichen der Reife eine dauerhafte Baumdecke bilden. Extensiv bewirtschaftete und alte Haine sind Lebensräume mit reicher Flora und Fauna.",situs@0.7.0,situs
habitat_type,eunis@2021:V63,de,description,"Mehr oder weniger durchgehende Baumreihen, die Streifen innerhalb einer Matrix aus Gras- oder Kulturland oder entlang von Straßen bilden und typischerweise dem Schutz oder der Beschattung dienen. Baumreihen unterscheiden sich von Hecken (V4) dadurch, dass sie aus Arten bestehen, die mindestens 5 m Höhe erreichen können, und nicht regelmäßig unter 5 m zurückgeschnitten werden.",situs@0.7.0,situs
habitat_type,eunis@2021:V64,de,description,"Kleine Pflanzungen und intensiv bewirtschaftete Wälder unter 0,5 ha Fläche, beherrscht von sommergrünen Laubbäumen. Sind immergrüne Laubbaumarten vorhanden, ist deren Kronendeckung geringer als die der sommergrünen Arten.",situs@0.7.0,situs
habitat_type,eunis@2021:V65,de,description,"Kleine Pflanzungen und intensiv bewirtschaftete Wälder unter 0,5 ha Fläche, beherrscht von immergrünen Laubbäumen. Sind sommergrüne Laubbaumarten vorhanden, ist deren Kronendeckung geringer als die der immergrünen Arten.",situs@0.7.0,situs
habitat_type,eunis@2021:V66,de,description,"Kleine Pflanzungen und intensiv bewirtschaftete Wälder unter 0,5 ha Fläche, beherrscht von Nadelbäumen. Sind Laubbaumarten vorhanden, liegt deren Kronendeckung unter 50 %.",situs@0.7.0,situs
habitat_type,annex1:1210,de,description,"Lückige einjährige Vegetation auf dem Spülsaum von Sand- und Kiesstränden, wo angespültes Seegras und anderer organischer Drift den Stickstoffgehalt des Substrats erhöht. Vorherrschend ist Cakile maritima, begleitet von Salsola kali und Atriplex-Arten sowie, weiter südlich, von Glaucium flavum und Euphorbia peplis; an mediterranen Küsten treten Matthiola sinuata und Eryngium maritimum hinzu, an der Schwarzmeerküste Argusia sibirica. Der Bestand besetzt den obersten, beweglichsten Teil des Strandes, der gelegentlich von Sturmfluten überspült wird und ständiger Sandbewegung ausgesetzt ist, von der Ostsee bis zum Mittelmeer und Schwarzen Meer. Die Zusammensetzung wechselt mit der Region und mit Menge und Art des Spülguts, weniger mit dem Boden im üblichen Sinn. Die Vegetation ist einjährig und pionierhaft, erneuert sich jährlich auf wechselndem Untergrund und wird durch Strandreinigung, Trittbelastung und Küstenbau ebenso leicht zerstört wie durch Sturm. Sie liegt seewärts der mehrjährigen Kiesstrandvegetation (1220) und der Primärdünen (2110).",situs@0.8.0,situs
habitat_type,annex1:1220,de,description,"Mehrjährige Vegetation des oberen Kiesstrandes, beherrscht von Crambe maritima und Honckenya peploides, mit Leymus arenarius auf baltischem Kies, Lathyrus japonicus an Kanalküsten und Crithmum maritimum an weiter südlich gelegenen Atlantikküsten. Die Bestände liegen oberhalb des eigentlichen Spülsaums, auf grobem, gut dränendem Kies, weitgehend frei von Feinsediment, von der Ostsee über den Kanal bis zur Atlantikküste. Benannte Gesellschaften unterscheiden sich regional: Elymo-Crambetum auf baltischem Kies, Lathyro-Crambetum am Kanal, Crithmo-Crambetum an Atlantikküsten. Auf stabilerem, reiferem Kies landeinwärts der oberen Strandzone können sich Rasen, Heide und Gebüsch entwickeln, auf den ältesten Flächen auch ungewöhnliche, von Flechten und Moosen geprägte Bestände. Der Typ ist auf hinreichend große und stabile Kiesstrukturen angewiesen, die dem regelmäßigen Wellenschlag entgehen; Trittbelastung und Kiesabbau zerstören ihn leicht. Von der einjährigen Spülsaumvegetation von 1210 unterscheidet ihn seine mehrjährige, festere Decke auf gröberem, stabilerem Material.",situs@0.8.0,situs
habitat_type,annex1:1230,de,description,"Bewachsene Felsküsten mit Spalten, Simsen und Kliffkanten an den Küsten des Atlantiks und der Ostsee, freiliegendes Gestein, dessen Zonierung den Abstand zur Gischt widerspiegelt. Am nächsten zum Meer besetzen Spalten- und Simsgesellschaften der Crithmo-Armerietalia mit Crithmum maritimum, Armeria maritima und Spergularia rupicola den Fels; weiter oben, bei tieferem Boden, folgt geschlossener Salzrasen des Silenion maritimae mit Silene uniflora, Plantago coronopus und Festuca rubra. Landeinwärts oder an geschützten Kliffs geht dies in maritime Heide, Kalk- oder Silikatrasen, Hochstauden- und Gebüschvegetation mit küstentypischen Arten über; weiche, erodierende Küsten zeigen statt klarer Zonierung ein wechselndes Mosaik. Die Zusammensetzung variiert mit Exposition, Geologie, Region und dem Guanoeintrag brütender Seevögel. Die Nutzung ist gering, meist Beweidung der Kliffkantenrasen; Hauptgefährdungen sind Erholungsdruck, Kliffsicherung und Küstenbau. Weiche, weniger steile Lehm- oder Sandkliffs werden als eigener Typ geführt, obwohl sie viel Flora teilen.",situs@0.8.0,situs
habitat_type,annex1:1240,de,description,"Bewachsene Felsküsten und Felsufer des Mittelmeers, angrenzend an Atlantikküsten Südwestiberiens und stellenweise des Schwarzen Meeres, den Crithmo-Limonietalia zugeordnet. Crithmum maritimum bildet das durchgehende Element, begleitet von zahlreichen, oft sehr lokal endemischen Limonium-Arten zusammen mit Armeria-, Euphorbia-, Daucus- und Asteriscus-Arten. Die Bestände besetzen Spalten, Simse und Kliffkanten mit Gischtexposition; Zonierung und Artenzusammensetzung richten sich nach Exposition, Gestein und Klima. Viele Limonium-Sippen sind auf ein einziges Kliffsystem beschränkt, was dem Typ einen kleinräumigen Endemismus verleiht. Weiche, erodierende Kliffs aus Ton, Schiefer oder Sand tragen eine verwandte, eigenständige, wenig untersuchte Vegetation, getrennt geführt. Die Gefährdung geht vor allem von Erholungsdruck und Küstenbau auf den schmalen Beständen aus, die bei Veränderung des Klifffußes nicht ausweichen können. Der Typ entspricht den Atlantik- und Ostseeklippen von 1230, hebt sich aber durch höhere endemische Limonium-Vielfalt ab.",situs@0.8.0,situs
habitat_type,annex1:1250,de,description,"Bewachsene Basaltklippen der Kanaren, Madeiras und der Azoren, schmale, von Gischt geprägte Felsstreifen mit einer an Inselendemiten reichen Flora. Auf Kanaren und Madeira herrschen die Frankenio-Astydamietalia mit Astydamia latifolia, Limonium pectinatum, Frankenia ericifolia, Schizogyne sericea und Argyranthemum frutescens; auf den Azoren baut sich das Festucion petraeae um die endemische Festuca petraea neben Azorina vidalii und Euphorbia azorica auf. Die Zonierung von Spalten- und Simsvegetation unterscheidet sich zwischen den drei Archipelen entsprechend ihrer eigenständigen vulkanischen Geologie und Biogeografie, und Seevogelkolonien bringen an ihren Brutplätzen ein nährstoffreiches, guanogeprägtes Element hinzu. Der Typ besetzt dieselbe Kliffposition wie 1230 und 1240 weiter nördlich und östlich, hebt sich aber durch seine ausschließlich makaronesische endemische Flora ohne Entsprechung an den Kontinentalküsten ab. Die Isolation auf kleinen Inseln macht einzelne Bestände gegenüber jeder einzelnen Störung, von Küstenbau bis eingeschleppten Pflanzenfressern, verwundbar.",situs@0.8.0,situs
habitat_type,annex1:1310,de,description,"Lückige einjährige Vegetation auf periodisch überflutetem Schlamm und Sand, beherrscht von sukkulenten Chenopodiaceen, vor allem Salicornia-Arten und Suaeda maritima, stellenweise mit Salsola. Sie kommt europaweit in küstennahen Salzwiesen wie in Salzbecken im Binnenland vor, in mehreren regionalen Ausbildungen: Quellerwatt der Thero-Salicornietalia auf Gezeitenschlamm, mediterrane Pionierbestände des Frankenion pulverulentae mit Frankenia pulverulenta und Cressa cretica, atlantische Mierenbestände des Saginion maritimae mit Sagina maritima im Übergang von Düne zu Salzwiese, und, von Pannonien bis in den Fernen Osten, lückige Crypsis-Bestände auf trocknendem Solontschak-Schlamm. Allen gemeinsam ist die strikte Abhängigkeit vom Wechsel aus Überflutung und Austrocknung mit Salzausblühung; verholzende oder ausdauernde Arten zeigen ein Abweichen von diesem Regime an, meist durch geringere Überflutung oder Entwässerung. Kennarten und Syntaxa unterscheiden sich stark nach Region, sodass die Ansprache auf den Chenopodiaceen und der Hydrologie beruht, nicht auf einer Zeigerart.",situs@0.8.0,situs
habitat_type,annex1:1340,de,description,"Salzvegetation im Binnenland, gebunden an Zonen mit salzhaltigem Sickerwasser, Quellen und Bächen sowie stehende Brackgewässer, mit halophilen Rasen und begleitenden Röhrichten an deren Rändern. Kennzeichnende Arten sind Aster tripolium, Puccinellia distans, Juncus gerardii, Plantago maritima, Triglochin maritima, Spergularia salina und Salicornia-Arten, stellenweise Elymus atherica und Halimione pedunculata. Der Typ entsteht, wo Salz durch geologisches Sickerwasser statt durch Gezeiten an die Oberfläche gelangt, und ist deshalb stets klein und verstreut, eingebettet in gewöhnliche Binnenlandvegetation. Künstliche oder halbnatürliche Standorte wie alte Salzgewinnungsstellen zählen nur, wo natürliche Bestände regional fehlen oder eine Art nach Anhang II vorkommt. Jede Störung des Sickerwassers, ob durch Entwässerung, Süßwasserzufuhr oder Verfüllung, lässt die halophile Flora binnen weniger Vegetationsperioden verschwinden und ist durch Pflege allein nicht umkehrbar. Von den pannonischen Salzsteppen (1530) unterscheidet ihn sein verstreutes, sickerwassergebundenes Vorkommen.",situs@0.8.0,situs
habitat_type,annex1:1430,de,description,"Mehrjähriges Küstengestrüpp aus nitrophilen, salzertragenden Sträuchern auf trockenen Böden unter aridem bis semiaridem mediterranem Klima, den Pegano-Salsoletea zugeordnet. Salsola vermiculata, Artemisia herba-alba, Lycium intricatum und Atriplex halimus bilden das strauchige Gerüst, Suaeda- und Camphorosma-Arten ergänzen weitere salzertragende Elemente; die Bestände reichen von niedrig und offen bis stellenweise höher und dichter. Der Typ konzentriert sich auf gestörte, küstennahe Standorte, wo salzhaltige Meeresluft und, nahe Seevogelkolonien, Guano Nährstoff- und Salzgehalt hochhalten; Vorposten reichen bis nach Makaronesien. Zusammensetzung und Struktur variieren stark mit dem Störungsgrad und dem örtlichen Salzeintrag, von lückiger Chamaephytendecke bis zu geschlossenem Gestrüpp. Da er sich auf gestörtem, nährstoff- und salzreichem Boden leicht ansiedelt, kann er sich ausbreiten, wo natürliche Vegetation entfernt wurde, weshalb seine Abgrenzung zu ruderalem oder halophilem Gestrüpp eine Frage der Artenkombination ist, nicht der Physiognomie.",situs@0.8.0,situs
habitat_type,annex1:1510,de,description,"Mehrjährige Salzvegetation der Mittelmeerküsten und iberischen Binnensalzbecken, aufgebaut aus rosettenbildenden Limonium-Arten oder, auf offenerem Grund, aus Horsten von Lygeum spartum, den Limonietalia zugeordnet. Die Böden werden von salzhaltigem Wasser durchtränkt, ohne dauerhaft überflutet zu sein, und trocknen im Sommer vollständig aus, mit oberflächlicher Salzkruste; begleitende Bestände der Arthrocnemetalia, Thero-Salicornietalia und Saginetalia maritimae besetzen die feuchteren, stärker gestörten Kleinstandorte im selben Mosaik. Halopeplis amplexicaulis, Microcnemion coralloides, Senecio auricula und Sphenopus divaricatus ergänzen die kennzeichnende Flora. Regionale Syntaxa sind zahlreich und oft auf ein einzelnes iberisches Becken oder einen kurzen Küstenabschnitt beschränkt, was die strenge lokale Steuerung der Artenzusammensetzung durch Hydrologie und Salzgehalt zeigt. Der Typ besetzt dieselben extremen, saisonal austrocknenden Salzstandorte wie kontinentale Salzsteppen andernorts, unterscheidet sich aber durch seine von Limonium und Lygeum geprägten Syntaxa.",situs@0.8.0,situs
habitat_type,annex1:1520,de,description,"Offene Garrigue der Iberischen Halbinsel auf gipsreichen Böden, physiognomisch ein niedriges Chamaephytengestrüpp mit Flechtenkruste und einem Aufblühen von Frühjahrsannuellen nach Regen. Gipsspezialisten dominieren: Gypsophila hispanica, G. struthium, Helianthemum squamatum, Herniaria fruticosa, Lepidium subulatum und Ononis tridentata, ergänzt durch Thymian-, Gamander-, Ziströschen- und Korbblütlerarten wie Centaurea und Jurinea. Der Typ ist an Gipsaufschlüsse unter trockenem bis semiaridem mediterranem Klima gebunden und weitgehend auf Zentral- und Ostspanien beschränkt, den Syntaxa Lepidion subulati, Gypsophilion hispanicae und Thymo-Teucrion verticillati folgend. Extreme edaphische und klimatische Bedingungen halten die Vegetation offen und über lange Zeit stabil, leichte Beweidung wird ohne Charakterverlust vertragen; Hauptgefährdungen sind Gipsabbau und Umwandlung in Acker- oder Bewässerungsland, die das Substrat selbst zerstören. Das Gipssubstrat und die schmale endemische Flora unterscheiden den Typ auf den ersten Blick von gewöhnlicher Kalkgarrigue.",situs@0.8.0,situs
habitat_type,annex1:1530,de,description,"Halophile Vegetation der pannonischen und pontisch-sarmatischen Tiefländer, geprägt von kontinentalem Klima mit heißen, ariden Sommern, das über Verdunstung aus flachem Grundwasser Salz an die Oberfläche zieht. Der Typ umfasst trockene Salzpfannen und Salzsteppen, feuchte Salzwiesen und die gezonte Vegetation periodisch überfluteter Salzseen, mit Artemisia santonicum, Puccinellia-Arten, Camphorosma annua, Festuca pseudovina und Plantago tenuiflora unter den dominanten Arten sowie Juncus gerardii, Aster tripolium und Carex distans in feuchteren Zonen. Ein Großteil ist natürlichen Ursprungs, wurde aber lange durch Rinderbeweidung geprägt, die den Bestand offen hält und Röhricht- und Gebüschausbreitung verhindert; Aufgabe der Beweidung gefährdet den Typ heute ebenso wie Entwässerung. Die Zonierung von der Steppe über die Salzwiese bis zum überfluteten Seerand ist im Gelände verlässlicher als jede Art. Von den Salzwiesen des Binnenlands (1340) unterscheidet ihn seine steppische Versalzung und sein gezontes Mosaik um flache Salzseen.",situs@0.8.0,situs
habitat_type,annex1:1610,de,description,"Vegetation glazifluvialer Inseln des baltischen Schärenmeeres, aufgebaut aus gut sortiertem Sand, Kies oder Geschiebe mit verstreuten Steinen und Findlingen, geprägt von Brackwasser, anhaltender Landhebung und ständiger Wind- und Sonnenexposition. Die auf die Landhebung folgende Sukzession erzeugt auf kleinem Raum ein Mosaik aus Strand-, Heide- und Rasenstadien, mit Calluna vulgaris, Empetrum nigrum und Juniperus communis auf älteren Flächen und Honckenya peploides, Cakile maritima und Leymus arenarius am jüngsten, exponiertesten Ufer. Nacktes Anstehendes und lückige Pioniervegetation sind verbreitet; Vogelguano erhöht lokal Nährstoffeintrag und Artenvielfalt. Der Typ schließt die angrenzende sublitorale Algenvegetation mit Fucus vesiculosus und Chara aspera ein und bietet Brutplätze für Seevögel und Liegeplätze für Robben. Von den borealen Ostseesandstränden (1640) unterscheidet ihn sein felsiges, aus Moränenmaterial aufgebautes Substrat, von den Kleinstinseln (1620) sein sortiertes glazifluviales Material statt nackten Grundgesteins.",situs@0.8.0,situs
habitat_type,annex1:1620,de,description,"Vegetation von Schären, Kleinstinseln und kleinen Felseninseln des äußeren baltischen Schärenmeeres auf präkambrischem, metamorphem Grundgestein, Geschiebe oder dünnem Sediment, meist baumlos und oft fast vegetationsfrei. Wind, Gischt, starke Sonneneinstrahlung und anhaltende Landhebung bedingen eine lückige, mosaikartige Pioniervegetation mit Sedum acre, Silene viscosa, Juniperus communis und Cochlearia danica, mit auffälligen Xerophyten und Flechten auf den am stärksten exponierten Felsen. Vogelkolonien erhöhen durch Guano lokal Nährstoffeintrag und Artenvielfalt an den Brutplätzen; flache Felstümpel tragen eine eigene, abgegrenzte Wasserflora und -fauna. Die umgebende sublitorale Algenvegetation mit Fucus vesiculosus und Furcellaria lumbricalis gehört zu demselben Typ. Die Landhebung hält die Vegetation in dauerhafter, langsamer Sukzession statt in einem stabilen Endstadium. Von den Esker-Inseln (1610) unterscheidet ihn sein nacktes Grundgestein anstelle sortierten glazifluvialen Materials.",situs@0.8.0,situs
habitat_type,annex1:1640,de,description,"Mehrjährige Vegetation geschützter bis exponierter Sandstrände an der finnischen und schwedischen Ostseeküste, flach geneigt und vom Wellenschlag geprägt, aber weit weniger von Gezeiten als atlantische Strände, was einen höheren Anteil ausdauernder Arten begünstigt. Sandbindende Pflanzen dominieren, vor allem Ammophila arenaria, Leymus arenarius und Elytrigia juncea subsp. boreoatlantica, mit Lathyrus japonicus subsp. maritimus, Honckenya peploides und Cakile maritima als Begleitern und stellenweise Steinen im Sand. Nahe dem Ufer bleiben große Flächen sandoffen, und Spülsäume aus angeschwemmtem organischem Material tragen eine auffällige Insektenfauna. Ostseesandstrände dieser Art sind vergleichsweise selten und meist klein, deutlich seltener als atlantische Sandstrände. Beweidungs- oder Trittdruck ist wegen der Abgeschiedenheit der meisten Standorte gering; die Hauptgefährdung ist unmittelbare Störung des Ufers. Vom Sandstrand-Typ des Atlantiks und der Ostsee unterscheidet ihn die stärkere Deckung ausdauernder Sandbinder gegenüber einjährigen Pionieren.",situs@0.8.0,situs
habitat_type,annex1:2110,de,description,"Frühestes Stadium der Dünenbildung, niedrige Rücken und Hügel aus windverfrachtetem Sand am oberen Strandrand oder als schmaler seewärtiger Saum am Fuß höherer Dünen. An Atlantik- und Ostseeküsten sind Elymus farctus, Leymus arenarius und Honckenya peploides die Pioniere; weiter südlich, an mediterranen und Schwarzmeerküsten, treten Sporobolus pungens, Otanthus maritimus, Medicago marina und Eryngium maritimum an ihre Stelle. Diese Gräser und kriechenden Kräuter fangen vom Strand herangewehten Sand ab und bauen die niedrigen, unzusammenhängenden Rücken auf, die beim nächsten Sturm wieder abgetragen werden oder sich zu den höheren Rücken von 2120 weiterentwickeln. Die Vegetationsdecke ist lückig und artenarm, auf strandnahem, weitgehend humusfreiem Sand. Da die Primärdünen die erste Linie des Küstenschutzes bilden, verhindern Trittbelastung und Strandreinigung hier die Dünenbildung überhaupt, statt nur die Vegetation zu schädigen. Der Typ geht seewärts in die Spülsaumvegetation von 1210 über und landeinwärts in die Weißdünen von 2120.",situs@0.8.0,situs
habitat_type,annex1:2120,de,description,"Bewegliche, noch aktiv aufwachsende Dünen, die den seewärtigen Rücken oder die Rückenreihe eines Dünensystems bilden, beherrscht von Ammophila arenaria, deren tiefes, schnellwüchsiges Wurzelsystem der ständigen Sandüberdeckung standhält. An Atlantik- und Ostseeküsten wächst sie mit Eryngium maritimum, Euphorbia paralias und Calystegia soldanella; an mediterranen Küsten mit Echinophora spinosa und Cutandia maritima; in den Zygophyllion-fontanesii-Teilen des Mittelmeers treten stattdessen eigene Begleiter wie Zygophyllum fontanesii und der seltene Endemit Androcymbium psammophilum auf. Die Dünen bleiben beweglich, solange Sandnachschub anhält, wobei der Strandhafer im aufwachsenden Sand schneller nach oben wächst, als er verschüttet wird. Die Deckung ist offen und artenarm, auf nährstoffarmem, weitgehend humusfreiem Sand. Trittbelastung durchbricht die Strandhaferdecke und löst Ausblasungen aus, die den ganzen Dünenrücken destabilisieren können. Der Typ folgt auf die Primärdünen von 2110 und stabilisiert sich landeinwärts, sobald der Sandnachschub nachlässt, zu den Graudünen von 2130.",situs@0.8.0,situs
habitat_type,annex1:2130,de,description,"Festliegende, nicht mehr wandernde Dünen, stabilisiert durch eine geschlossene, an Flechten und Moosen reiche Rasendecke, an den Küsten des Atlantiks, des Kanals, der Nordsee, der Ostsee und des Schwarzen Meeres. Nördliche Bestände des Galio-Koelerion tragen Corynephorus canescens und Festuca rubra mit Tortula ruraliformis und Cladonia-Flechten; weiter südlich fügen biskayische Graudünen des Euphorbio-Helichrysion Helichrysum stoechas und Artemisia campestris hinzu; thermoatlantische Bestände des Crucianellion maritimae bauen sich um Crucianella maritima auf. Stellenweise geht der Dünenrasen landeinwärts in Mesobromion-Rasen oder in Säume der Trifolio-Geranietea mit Geranium sanguineum über; lückige Bestände des Thero-Airion besetzen den ärmsten Sand. Der Kalkgehalt sinkt mit dem Dünenalter, was zur sauren Dünenheide führt. Beweidung oder Mahd hielt den Bestand offen; bei Nutzungsaufgabe schließen sich Gebüsch und Wald, während Tritt und Stickstoffeintrag grobe Gräser begünstigen. Der Typ folgt auf die Weißdünen von 2120, sobald die Sandbewegung endet.",situs@0.8.0,situs
habitat_type,annex1:2140,de,description,"Niedrige Zwergstrauchheide auf entkalkten, festliegenden Dünensanden der kühleren Atlantik- und Ostseeküsten, beherrscht von Empetrum nigrum, häufig zusammen mit Calluna vulgaris, auf stabilisierten Sanden, die ihren ursprünglichen Kalkgehalt durch Auswaschung verloren haben. Der Typ kommt auf Dünenkämmen und in Dünentälern vor, wo Erica tetralix Empetrum begleitet oder stellenweise ersetzt. Kennzeichnend sind außerdem Carex arenaria, Genista tinctoria, Pyrola rotundifolia, Salix repens sowie Flechten wie Cladonia portentosa; Moose wie Hypnum cupressiforme und Dicranum scoparium bilden eine dichte Bodenschicht. Der Bestand hält sich, solange Windexposition oder leichte Beweidung die Ansiedlung von Gebüsch und Wald verhindern; ohne diesen Druck entwickelt er sich zu Dünengebüsch oder bewaldeten Dünen (2180) weiter. In Deutschland zählen die stark gefährdeten Krähenbeerheiden der Geest zu diesem Typ. Von den atlantischen Calluno-Ulicetea-Dünen (2150) unterscheidet ihn die Dominanz von Empetrum statt Calluna und Ginster, von den binnenländischen Sandheiden (2310, 2320) seine Lage auf echtem Dünensand.",situs@0.8.0,situs
habitat_type,annex1:2150,de,description,"Heide auf festliegendem, entkalktem Dünensand der wärmeren, feuchteren Atlantikküsten Frankreichs, Belgiens, Großbritanniens und der Iberischen Halbinsel, beherrscht von Calluna vulgaris zusammen mit Erica cinerea, E. ciliaris, E. scoparia oder Ulex-Arten, auf der Iberischen Halbinsel weitgehend aufgebaut aus dem Verband Ericion umbellatae. Die Grasnarbe trägt einen kräftigen Anteil an Gräsern und Seggen, darunter Carex arenaria und C. trinervis, und wächst auf stabilen, rasch dränenden Sanden ehemals kalkhaltiger Dünenkämme. Sie wird durch Windexposition und leichte, extensive Beweidung offengehalten; fällt diese fort, geht sie in Dünengebüsch oder bewaldete Dünen über. Von den weiter nördlich gelegenen, Empetrum-dominierten Dünen (2140) unterscheidet sie die Vorherrschaft von Calluna und dornigen Leguminosen statt Empetrum, von den binnenländischen Heiden (2310) ihre Dünenlage und ihr atlantisches Artenspektrum.",situs@0.8.0,situs
habitat_type,annex1:2160,de,description,"Sanddorngebüsch (Hippophae rhamnoides) als Stadium der Waldkolonisation sowohl in trockenen als auch in feuchten Dünensenken. Der stickstoffbindende Strauch bildet dichte, oft dornige Gebüsche, die den Sand festigen und anreichern und so den Weg für nachfolgende Gebüsch- und Waldstadien bereiten. Er tritt zusammen mit Carex arenaria auf dem offenen Sand unter und um die Bestände auf. Als Kolonisationsstadium ist der Typ ein Übergang: an Atlantik- und Ostseeküsten gehört er zu einem breiteren Gebüschmosaik, das auch andere, ginsterdominierte Bestände einschließt, und geht mit der Zeit meist in bewaldete Dünen (2180) oder andere Gebüschtypen über, sobald das Pionierstadium überwunden ist. Im Gelände erkennt man ihn einfach an der Dominanz von Hippophae rhamnoides selbst, kenntlich an silbrigen, schmalen Blättern und orangefarbenen Beeren.",situs@0.8.0,situs
habitat_type,annex1:2170,de,description,"Kriechweidenbestände (Salix repens ssp. argentea, Syn. S. arenaria) des Salicion arenariae, die feuchte Dünentäler besiedeln und dort niedrige, teppichartige Bestände auf feuchtem Sand bilden. Sinkt der Grundwasserspiegel oder häuft sich Flugsand an, entwickeln sich diese Bestände entweder zu mesophilen Gesellschaften mit Pyrola rotundifolia, Viola canina und Monotropa hypopitys, zu trockeneren Salix-Beständen mit Carlina vulgaris und Thalictrum minus, oder zu Salix-repens-Beständen mit Elementen des Mesobromion. Der Typ markiert damit eher einen Wendepunkt in der Sukzession der Dünentäler als einen festen Endzustand. Kennzeichnend neben der Weide selbst sind begleitende Vorkommen von Hippophae rhamnoides und Carex arenaria auf angrenzendem trockenerem Grund. Von den feuchteren Dünentalgesellschaften (2190), in denen Kriechweide ebenfalls vorkommt, aber innerhalb von Moor-, Wiesen- oder Röhrichtgesellschaften statt als strukturbestimmende Art, ist er dadurch abgegrenzt.",situs@0.8.0,situs
habitat_type,annex1:2180,de,description,"Lange etablierter, natürlicher oder naturnaher Wald der Küstendünen der atlantischen, kontinentalen und borealen Region mit gut entwickelter Waldstruktur und vollständiger waldtypischer Artenausstattung statt Pioniergebüsch. Auf saurem Dünensand entspricht er Eichen- und Buchen-Eichen-Hainen mit Birke des Quercion robori-petraeae, andernorts Wäldern der Quercetalia pubescenti-petraeae. Pionierstadien sind lichte Bestände aus Betula-Arten und Crataegus monogyna oder Mischwald mit Fraxinus excelsior, Quercus robur, Ulmus minor und Acer pseudoplatanus; in feuchten Dünentälern entwickelt sich Pionierwald aus Salix alba zu feuchtem Misch- oder Bruchwald weiter. An der südlichen Atlantikküste ist der Typ vor allem Mischwald aus Pinus pinaster und Quercus ilex oder Bestände von Quercus suber, Q. robur oder Q. pubescens; an Ostseeküsten Pionierwald aus Alnus-Arten oder Pinus sylvestris. Die Artenausstattung variiert stark mit den lokalen Standortbedingungen. Von den offenen Dünengebüschen (2160, 2260) trennt ihn der geschlossene Kronenschluss mit Waldunterwuchs, von binnenländischem Wald derselben Verbände seine Lage auf stabilisiertem Küstendünensand.",situs@0.8.0,situs
habitat_type,annex1:2190,de,description,"Komplex feuchter Senken innerhalb von Dünensystemen, zu den artenreichsten und speziellsten Dünenlebensräumen zählend und durch jede Absenkung des Grundwasserspiegels stark gefährdet. Fünf Untertypen werden nach Hydrologie und Vegetation unterschieden: dauerhafte Dünentalgewässer mit Süßwasser-Wasserpflanzen wie Chara, Elodea, Hippuris und Potamogeton; Pioniergesellschaften feuchten Sandes und der Tümpelränder bei geringer Salinität; kalkreiche, gelegentlich saure Niedermoore, häufig von Kriechweide (Salix repens) durchsetzt; feuchte Wiesen und Binsenbestände, ebenfalls oft mit Kriechweide; sowie Röhrichte, Großseggenbestände und Schilfröhrichte. Das Mosaik reicht von Zwergbinsen- und Moospioniervegetation über Feuchtwiesen bis zu Mooren, Sümpfen und offenem Wasser, wobei der Grundwasserspiegel jahreszeitlich schwankt, um die Ostsee weniger ausgeprägt. Von trockeneren, stabilisierten Dünengrasfluren unterscheidet ihn die dauerhafte Nässe, von den kriechweidendominierten Dünen (2170), deren Sukzession eher zu mesophilen oder xerophilen Beständen führt als zu Moor oder offenem Wasser.",situs@0.8.0,situs
habitat_type,annex1:21A0,de,description,"Komplexer, sandiger Küstenflächenlebensraum ozeanischer, kühl-feuchter Klimate, weitgehend auf Irland und Schottland beschränkt und teils durch Beweidung und Wechselwirtschaft geprägt. Der windverfrachtete Sand enthält einen erheblichen Anteil muschelschalenbürtigen Materials und ergibt einen basenreichen Boden mit einem pH-Wert meist über 7. Die Vegetation ist krautige Grasflur mit nur vereinzelten sandbindenden Arten, darunter Festuca rubra, Galium verum, Lotus corniculatus, Plantago lanceolata, Poa pratensis und Trifolium repens, dazu lokale Besonderheiten wie Dactylorhiza fuchsii ssp. hebridensis und Euphrasia marshallii. Der Typ steht innerhalb eines weiteren Mosaiks aus Graudünenrasen und, in feuchteren Senken, Dünentalvegetation, ohne mit einem von beiden gleichzusetzen zu sein. Traditionelle extensive Beweidung und Wechselwirtschaft erhalten die offene Grasnarbe; sowohl Nutzungsaufgabe als auch Intensivierung gefährden sie. Die prioritäre Ausbildung ist auf Irland beschränkt.",situs@0.8.0,situs
habitat_type,annex1:2210,de,description,"Festliegender Dünenrasen des westlichen und zentralen Mittelmeerraums, der Adria, des Ionischen Meeres und Nordafrikas, gekennzeichnet durch Crucianella maritima und Pancratium maritimum auf stabilisiertem Sand landeinwärts der aktiven Vordüne. Die Rasenvegetation liegt innerhalb eines breiteren Gürtels mediterraner und makaronesischer Graudünenrasen, von dem sie sich durch die Dominanz dieser beiden Arten und durch Syntaxa des Verbandes Crucianellion maritimae abhebt, zusammen mit Begleitern wie Medicago marina, Medicago littoralis, Elytrigia juncea, Lagurus ovatus und Frühjahrstherophyten wie Vulpia fasciculata und Malcolmia ramosissima. Sie nimmt eine stabilere, spätere Sukzessionsstufe ein als die bewegliche Vordüne davor und geht landeinwärts in mediterranes Dünengebüsch über. Sie ist an Mittelmeerküsten durch Tourismusinfrastruktur, Trittbelastung und die Ausbreitung nicht heimischer Arten stark gefährdet.",situs@0.8.0,situs
habitat_type,annex1:2220,de,description,"Mediterraner Dünenrasen, gekennzeichnet durch Euphorbia terracina zusammen mit Ephedra distachya, Silene nicaeensis und S. subconica, auf stabilisierten Sanden innerhalb des weiteren Gürtels mediterraner und makaronesischer Graudünenrasen. Der Typ hebt sich von benachbarten Dünenrasen vor allem durch das Vorkommen und die lokale Dominanz von Euphorbia terracina und ihren genannten Begleitern ab, weniger durch eine eigene Struktur; die Grasnarbe entspricht sonst der für festliegende mediterrane Dünen typischen Gräser- und Kräuterdecke, mit Frühjahrstherophyten nach Regen. Er nimmt eine stabile Sukzessionsstufe ein, später als die bewegliche Vordüne, und geht in Gebüsch über, sobald Beweidung oder Störung ihn nicht mehr offenhalten. Das Material zu diesem Typ ist über seine kennzeichnenden Arten hinaus spärlich; die Abgrenzung im Gelände stützt sich auf deren Vorkommen.",situs@0.8.0,situs
habitat_type,annex1:2230,de,description,"Lückige, kurzlebige Grasflur tiefgründigen Sandes trockener Dünensenken an Mittelmeerküsten, beherrscht von kleinen Annuellen mit oft üppiger, ephemerer Frühjahrsblüte. Kennzeichnende Arten sind Malcolmia lacera, M. ramosissima, Evax asterisciflora, E. lusitanica, Anthyllis hamosa und Linaria pedunculata, das dünale Gegenstück zu den binnenländischen Pseudosteppenrasen der Thero-Brachypodietea. Der Bestand ist vollständig auf ungestörten Sand und die jahreszeitlichen Niederschläge angewiesen, die die Keimung auslösen; Tritt oder Sandabbau beseitigen ihn unmittelbar. Er liegt innerhalb des weiteren Gürtels mediterraner und makaronesischer Graudünenrasen und unterscheidet sich von den umgebenden ausdauernden Rasen, etwa mit Crucianella maritima (2210) oder Euphorbia terracina (2220), durch seinen therophytendominierten, ausgeprägt saisonalen Charakter.",situs@0.8.0,situs
habitat_type,annex1:2240,de,description,"Meso- und thermomediterraner Dünenrasen, die dünale Ausbildung der Pseudosteppenrasen mit Gräsern und Annuellen der Thero-Brachypodietea, aufgebaut aus Brachypodium-Arten auf nährstoffarmem, basenreichem, oft kalkhaltigem Dünensand. Die Grasnarbe ist meist offen und niedrigwüchsig, xerophil und reich an Therophyten, und nimmt stabilisierten Grund innerhalb des weiteren Mosaiks mediterraner und makaronesischer Graudünenrasen ein. Das verfügbare Material zu diesem Typ selbst ist begrenzt; die Abgrenzung von den übrigen Brachypodietalia- und Malcolmietalia-Dünenrasen stützt sich auf die Vorherrschaft ausdauernder Brachypodium-Horste gegenüber den annuellendominierten Rasen von 2230.",situs@0.8.0,situs
habitat_type,annex1:2250,de,description,"Wacholderformationen mediterraner und thermoatlantischer Küstendünenhänge und -senken, aufgebaut aus Juniperus turbinata ssp. turbinata, J. macrocarpa, J. navicularis oder J. oxycedrus im Verband Juniperion lyciae, sowie aus Juniperus communis auf Kalkdünen weiter nördlich, einschließlich der Wacholderdünen Jütlands und der Bestände von Juniperus phoenicea ssp. lycia in den Rièges-Wäldern der Camargue. Das Gebüsch bildet ein niedriges, oft dichtes und langlebiges Dach über stabilisiertem Sand, beständiger als der umgebende Graudünenrasen und weniger geschlossen als eigentlicher Dünenwald. Es liegt innerhalb des weiteren mediterranen Dünengebüschgürtels, von dem es sich durch die Dominanz von Juniperus-Arten mit Begleitern wie Phillyrea angustifolia, Smilax aspera und Lonicera implexa abhebt. Der Bestand ist langlebig und regeneriert nach Feuer nur langsam, seiner Hauptgefährdung.",situs@0.8.0,situs
habitat_type,annex1:2260,de,description,"Hartlaubiges, immergrünes Gebüsch der Dünen im Mittelmeerraum und in warm-feuchten gemäßigten Regionen, strukturell der binnenländischen mediterranen Garrigue ähnlich, jedoch auf Dünensand statt auf Fels- oder Lehmboden entwickelt. Die verwandte westliche azidophile Garrigue auf dünnen, sauren Böden trägt Arten wie Cistus ladanifer, Cistus calycinus, Lavandula pedunculata, Erica australis, E. umbellata und Genista hirsuta, neben dem breiteren mediterranen Dünengebüsch mit Juniperus, Phillyrea und Smilax aspera. Die Vegetation ist durch Feuer- und Weidegeschichte geprägt, treibt nach Bränden leicht wieder aus und geht oft aus der Rodung von Dünenwald hervor. Weiteres Material speziell zu diesem Typ liegt kaum vor; im Gelände trennt ihn von dem wacholderdominierten Gebüsch (2250) die Vorherrschaft von Cistus und Lavandula statt Juniperus, von bewaldeten Dünen seine offene, strauchige Struktur.",situs@0.8.0,situs
habitat_type,annex1:2270,de,description,"Küstendünenwald des Mittelmeerraums und der Atlantikküste, beherrscht von wärmeliebenden Kiefern, vor allem Pinus pinea und P. pinaster, lokal auch P. halepensis, mit einer Strauchschicht, die Juniperus macrocarpa und J. turbinata ssp. turbinata einschließen kann. Viele Bestände sind gepflanzten Ursprungs und stellen ein Ersatzstadium für, gelegentlich auch das künstliche Äquivalent zu, immergrünem Eichenwald der Quercetalia ilicis oder Ceratonio-Rhamnetalia dar. Unter dem Kiefernschirm wachsen hartlaubige und mediterrane Straucharten wie Pistacia lentiscus, Rhamnus alaternus, Phillyrea angustifolia, Smilax aspera und Rubia peregrina. Übersteigt der Strauchanteil den Kiefernanteil, geht der Bestand in mediterranes Dünengebüsch statt Wald über. Von den laubwaldgeprägten bewaldeten Dünen (2180) unterscheidet ihn das nadelwaldgeprägte, kiefernbeherrschte Kronendach; hauptgefährdet ist er durch Feuer und durch die Umwandlung gepflanzter Bestände.",situs@0.8.0,situs
habitat_type,annex1:2310,de,description,"Heide auf quarzitischem, umgelagertem glazialem Sand der Dünenebenen an Nordsee- und Ostseeküste, beherrscht von Calluna vulgaris mit Genista anglica und G. pilosa. Das Substrat ist in den Niederlanden, im nördlichen Belgien und im nordwestlichen Deutschland stark siliziumreich und oligotroph, wird nach Nordosten hin, im nordöstlichen Deutschland, in Polen und auf der östlichen Ostseeebene, zunehmend weniger extrem und kontinentaler in der Artenzusammensetzung. Die größeren Dünensysteme tragen ein eigenständiges Gefüge wechselwirkender Gesellschaften und beherbergen zahlreiche spezialisierte, lokal begrenzte Arten, doch der Typ ist stark zurückgegangen, und erhaltene Bestände sind fragil und oft durch Nährstoffeintrag und Aufforstung gefährdet. Von den echten Küstendünenheiden mit Empetrum (2140, 2320) unterscheidet ihn vor allem die geografische Lage am Binnenrand der Dünenebene statt auf dem aktiven Dünenkamm selbst, von binnenländischer Trockenheide seine Lage in dieser glazialen Sandlandschaft.",situs@0.8.0,situs
habitat_type,annex1:2320,de,description,"Küstennahe, nicht dünale Heide auf quarzitischem Sand glazialen Ursprungs, beherrscht von Calluna vulgaris zusammen mit Empetrum nigrum, hinter dem aktiven Dünengürtel an Nordsee- und Ostseeküste. Sie teilt Substrat und Erscheinungsbild mit den Calluna-Genista-Heiden (2310), von denen sie sich durch die Mitdominanz von Empetrum nigrum statt Genista-Arten abhebt, und steht den echten dünengebundenen Empetrum-Heiden (2140) durch ihre nicht dünale, weiter landeinwärts gelegene Position auf der umgelagerten glazialen Sandebene gegenüber. Wie bei verwandten Heiden hängt die Vegetation von fortgesetzter extensiver Nutzung oder natürlicher Nährstoffarmut ab, um Gebüsch- und Waldaufkommen zu widerstehen, und ist anfällig für Stickstoffeintrag und für die Umwandlung des sandigen Untergrunds.",situs@0.8.0,situs
habitat_type,annex1:2330,de,description,"Lückige, oft artenarme Grasflur trockenen, silikatischen Binnendünensandes atlantischer, subatlantischer und mediterran-montaner Verbreitung mit starkem Annuellenanteil. Zwei eng verwandte Ausbildungen kommen vor: Pioniergesellschaften instabilen germano-baltischen fluvioglazialen Sandes mit Corynephorus canescens, Carex arenaria, Spergula morisonii und Teesdalia nudicaulis, überzogen von Strauchflechten der Gattungen Cladonia und Cetraria, sowie Grasfluren stabilerer binnenländischer Dünensysteme mit Agrostis-Arten und Corynephorus canescens oder anderen azidophilen Gräsern. Die Vegetation ist auf fortbestehende Sandinstabilität oder nährstoffarmen, gestörten Grund angewiesen; Stabilisierung, Nährstoffeintrag oder Aufforstung beseitigen sie gleichermaßen. Von küstennahen Dünenrasentypen unterscheidet ihn seine binnenländische Lage auf reliktischen glazialen Sandablagerungen, von umgebender geschlossener Grasflur oder Heide seine offene, oft flechtenreiche Grasnarbe und die Dominanz von Corynephorus canescens.",situs@0.8.0,situs
habitat_type,annex1:2340,de,description,"Lückig bewachsene Binnendünen der pannonischen Tiefebene und angrenzender Becken, die ein Mosaik aus offenem Wandersand, Dünenflechtenteppichen, artenreichen Pionierfluren mit vielen Therophyten und geschlossenen Trockenrasen bilden. Die Böden sind lockere, kalkhaltige bis schwach saure Sande ohne nennenswerte Wasserspeicherung und mit starker sommerlicher Erwärmung. Kennzeichnend sind die Flechten Cladonia convoluta und C. furcata zusammen mit Corynephorus canescens, Thymus serpyllum, Viola tricolor subsp. tricolor, Cerastium semidecandrum und Alyssum montanum subsp. gmelinii; in Österreich markiert die Gesellschaft Thymo angustifolii-Corynephoretum canescentis fragmentarische Bestände an gestörten Standorten. Seine historische Verbreitung verdankt der Typ der Heunutzung und Beweidung, die den Sand offen hielten; ohne diese Nutzung stabilisiert er sich und geht binnen weniger Jahrzehnte in Rasen oder Gebüsch über. Nur das vollständige Mosaik aus offenem Sand, Flechtenkruste sowie Pionier- und geschlossenen Rasen zählt hierher; Steppen und Wiesensteppen auf stabilisiertem Sand ohne Dünenrelief gehören zu 6260.",situs@0.8.0,situs
habitat_type,annex1:3130,de,description,"Nährstoffarme Stillgewässer, an deren Ufern zwei verwandte Vegetationstypen auf nährstoffarmen Sedimenten stehen: ausdauernde amphibische Rasen der Littorelletalia uniflorae an stabilen Wasser-Land-Grenzen und kurzlebige Pioniervegetation der Isoëto-Nanojuncetea auf periodisch trockenfallenden Ufern; beide treten oft gemeinsam auf, können aber auch getrennt vorkommen. Beide bestehen aus kleinen, niedrigwüchsigen Ephemerophyten, die Wasserstandsschwankungen tolerieren. Kennzeichnende Arten der Littorelletea sind Littorella uniflora, Potamogeton polygonifolius, Pilularia globulifera, Juncus bulbosus subsp. bulbosus und Eleocharis acicularis; die Isoëto-Nanojuncetea-Komponente zeigt Elatine-Arten, Eleocharis ovata, Juncus tenageia, Cyperus fuscus und Limosella aquatica. Die deutsche Klassifikation verzeichnet diese Vegetation an mesotrophen natürlichen Seen sowie an sich selbst überlassenen Kies- und Tongruben; der entsprechende EUNIS-Typ erfasst nur das Stadium der trockenfallenden Ufer und ist enger gefasst als dieser Anhang-Typ. Eutrophierung, Uferverbauung und konstante Wasserstände lassen den Typ verschwinden, indem sie die amphibische Zone schließen.",situs@0.8.0,situs
habitat_type,annex1:3170,de,description,"Sehr flache mediterrane Tümpel, nur wenige Zentimeter tief, die im Winter und Frühjahr Wasser führen und den Rest des Jahres trocken liegen und eine Flora aus mediterranen Therophyten und Geophyten statt der amphibischen Stauden vergleichbarer nordischer Lebensräume tragen. Die Vegetation gehört den Verbänden Isoetion, Nanocyperion flavescentis, Preslion cervinae, Agrostion salmanticae, Heleochloion und Lythrion tribracteati an und ordnet sich in konzentrischen Zonen entlang der Austrocknungsfolge an. Kennzeichnend, oft endemisch, sind Isoetes-Arten wie I. histrix und I. duriei, Damasonium alisma, Eryngium corniculatum, Ranunculus lateriflorus, Crypsis-Arten und Orchideen der Gattung Serapias. Auf den Azoren wird der Typ durch die Gesellschaft Anthemido-Menthetum pulegii vertreten. Der Lebensraum hängt vollständig an der natürlichen Wasserstandsdynamik; Entwässerung, Planierung, Umbruch und Eutrophierung durch angrenzende Nutzung zerstören ihn, meist unumkehrbar angesichts der engen Endemik weiter Teile seiner Flora.",situs@0.8.0,situs
habitat_type,annex1:3220,de,description,"Offene Pioniervegetation aus krautigen und halbstrauchigen Pflanzen, die instabile Kiesbette von Flüssen mit alpinem Abflussregime besiedelt, das im Sommer durch Schneeschmelze hoch und den Rest des Jahres niedrig ist, in der alpinen und subalpinen Stufe der Hochgebirge sowie in borealen und tiefarktischen Hügellagen weiter nördlich. Unterschieden werden eine höhere Ausbildung mit Epilobium fleischeri, Saxifraga-Arten, Dryas octopetala und Gypsophila repens sowie eine tiefere, montane mit Chondrilla chondrilloides, Calamagrostis pseudophragmites und Keimlingen von Ufergehölzen wie Salix elaeagnos und Myricaria germanica. Die Vegetation wird durch Hochwasser und Geschiebeumlagerung immer wieder zurückgesetzt, was sie dauerhaft im Pionierstadium hält; Regulierung des Abflussregimes und Sohlfixierung nehmen dem Typ die Störung, von der er abhängt, und lassen ihn in Gebüsch übergehen. Flussabwärts geht er mit fortschreitender Sedimentstabilisierung in das Weiden- und Myricaria-Gebüsch von 3230 über.",situs@0.8.0,situs
habitat_type,annex1:3230,de,description,"Niedrige Pioniergebüschvegetation aus Myricaria germanica und Weiden, die die krautigen Kiesbank-Gesellschaften der Gebirgs- und Borealflüsse mit alpinem Abflussregime besiedelt, sobald sich in den Ablagerungen feiner Schlick anreichert. Kennzeichnend ist die Gesellschaft Salici-Myricarietum aus Myricaria germanica zusammen mit Salix elaeagnos, S. purpurea subsp. gracilis, S. daphnoides und S. nigricans auf periodisch überfluteten Schotterbänken. Als Pionierstadium braucht sie wiederkehrende Überflutung und frisches Sediment, um zu bestehen; ohne Störung entwickelt sie sich zu höherem Weiden- und Salix-elaeagnos-Gebüsch von 3240 und schließlich zu Auwald, während eine Abflussregulierung den Hochwasserimpulsen entzieht, von denen die Sträucher abhängen, und die Kiesbänke stattdessen mit terrestrischer Vegetation zuwachsen lässt. Von 3220 unterscheidet ihn das Vorhandensein einer etablierten Gehölzschicht, von 3240 die fortbestehende Dominanz von Myricaria gegenüber höheren Salix-Beständen.",situs@0.8.0,situs
habitat_type,annex1:3240,de,description,"Höhere Gebüsche und lichte Gehölze auf höheren, seltener überfluteten Kiesbänken alpiner und peri-alpiner Gebirgsflüsse, gebildet aus Salix elaeagnos, S. purpurea subsp. gracilis, S. daphnoides, S. nigricans und Hippophae rhamnoides, mitunter begleitet von Alnus oder Betula. Er folgt in der Sukzession vom nackten Kies zum Auwald auf das niedrigere Myricaria-Gebüsch von 3230, sobald die Sedimentbänke höher liegen und weiter oberhalb der normalen Wasserführung stabilisiert sind. Hippophae rhamnoides ist dort, wo sie auftritt, ein brauchbares Feldmerkmal, da sie weitgehend auf dieses spätere, trockenere Stadium beschränkt ist und nicht auf die aktiv umgelagerten Bänke von 3220 und 3230. Kanalisierung und Aufstau, die die periodische Umlagerung des Kieses beenden, lassen den Bestand entweder als von seiner Dynamik abgeschnittenen Relikt bestehen oder direkt in geschlossenen Auwald übergehen, was den Typ in beiden Fällen aufhebt.",situs@0.8.0,situs
habitat_type,annex1:3250,de,description,"Pioniervegetation des Glaucion flavi auf Kiesablagerungen mediterraner Flüsse, die ganzjährig Wasser führen, deren Abfluss im Sommer aber deutlich zurückgeht. Glaucium flavum ist die namengebende und auffälligste Art, die zusammen mit Erucastrum nasturtiifolium, Oenothera biennis und, wo die Bedingungen es erlauben, Myricaria germanica auf den gröberen Bänken wächst. Da der Typ auf ständig wasserführende mediterrane Fließgewässer beschränkt ist, trennt ihn die Kontinuität der Wasserführung von den zeitweilig fließenden Flüssen von 3290 und das gröbere Kiessubstrat von der feineren, schlammigen Chenopodion- und Bidention-Vegetation von 3270. Uferregulierung, Kiesabbau und Aufstau, der das sommerliche Niedrigwasser-Störregime beseitigt, entziehen dem Typ den offenen, immer wieder umgelagerten Untergrund, den er braucht.",situs@0.8.0,situs
habitat_type,annex1:3270,de,description,"Einjährige, nitrophile Pioniervegetation schlammiger Flussufer der Tief- und submontanen Lagen, den Verbänden Chenopodion rubri und Bidention zugehörig. Die Ufer erscheinen im Frühjahr und Frühsommer noch vegetationsfrei und entwickeln erst später im Jahr, mit sinkendem Wasserstand, ihre Decke aus Chenopodium rubrum, Bidens frondosa, Xanthium-Arten und Polygonum lapathifolium; unter ungünstigen Bedingungen bleibt die Vegetation spärlich oder bleibt ganz aus. Die deutsche Klassifikation führt den Typ als zeitweilig trockenfallende, krautreiche Schlammfläche an fließenden Gewässern. Er besetzt das feine Ende eines Substratgradienten, der von den groben Kiesbänken von 3220 und 3250 bis zu diesen Schlammbänken reicht, und verschwindet, wo eine Uferregulierung die saisonale Freilegung weichen Sediments beseitigt.",situs@0.8.0,situs
habitat_type,annex1:3280,de,description,"Nitrophile Gras- und Riedvegetation an den Schwemmlandufern großer, ganzjährig wasserführender mediterraner Flüsse, beherrscht von Paspalum paspaloides, P. vaginatum, Polypogon viridis und Cyperus fuscus, begleitet von hängenden Gehölzsäumen aus Salix-Arten und Populus alba am höheren Ufer. Der krautige Saum steht am feuchten, häufig überschwemmten Ende des Uferprofils, während der Gehölzsaum den Übergang zum Galeriewald weiter vom Wasser entfernt markiert. Da die beteiligten Gesellschaften mit anderen mediterranen Flusstypen geteilt werden, stützt sich die Beschreibung hier vor allem auf den Paspalo-Agrostidion-Rasen selbst. Der Typ trennt sich von den zeitweilig fließenden Flüssen von 3290 durch die ganzjährige Wasserführung und von der feineren, schlammigen Pioniervegetation flussabwärts durch seine ausdauernde, grasdominierte Decke.",situs@0.8.0,situs
habitat_type,annex1:3290,de,description,"Das intermittierende Gegenstück zu 3280, das Flussbetten desselben Paspalo-Agrostidion-Typs besetzt, jedoch mit unterbrochener Wasserführung, die das Bett zeitweise vollständig trockenfallen oder auf isolierte Tümpel reduziert lässt. Wo stehende Tümpel bestehen bleiben, können sich neben der Uferbegleitvegetation Wasserpflanzen wie Polygonum amphibium, Ranunculus fluitans und Potamogeton-Arten wie P. natans, P. nodosus und P. pectinatus ansiedeln. Das entscheidende Merkmal gegenüber 3280 ist gerade diese saisonale Unterbrechung der Wasserführung und nicht ein Unterschied in der Uferbegleitgesellschaft selbst; gegenüber den temporären mediterranen Flachgewässern von 3170 grenzt ihn seine lineare, an ein Bett gebundene Form gegen ein stehendes Gewässer ab. Wasserentnahme, die ein natürlich intermittierendes Regime dauerhaft macht, oder ein permanenter Fluss, der vollständig trockenfällt, verschiebt Bestände in beide Richtungen aus diesem Typ heraus.",situs@0.8.0,situs
habitat_type,annex1:4010,de,description,"Feuchte, torfige bis anmoorige Heiden der atlantischen und subatlantischen Tief- und Vorgebirgslagen, von Hochmooren zu unterscheiden, beherrscht von Erica tetralix auf flachgründigem, saurem, nährstoffarmem Torf und anmoorigem Mineralboden, der über weite Teile des Jahres feucht bleibt und oft saisonal vernässt ist. Typische Ausbildungsorte sind feuchte Senken und Sickerstellen innerhalb trockenerer Heiden oder Randzonen um Moore, wo die Entwässerung tieferer Torfschichten den Typ örtlich auf Kosten des Moores erweitern kann. Neben Erica tetralix sind Juncus squarrosus, Trichophorum cespitosum, Molinia caerulea, Calluna vulgaris, Sphagnum compactum und Gentiana pneumonanthe kennzeichnend. Traditionelle Beweidung und Plaggenhieb haben die offene Struktur lange erhalten; Entwässerung oder Nutzungsaufgabe kippt den Typ entweder zu trockenerer Heide oder, bei steigendem Nährstoffangebot, zu Molinia-Grasland. Die ozeanische Ausbildung mit Erica vagans und Schoenus nigricans auf basenreicherem Grund zählt hier als regionale Form dazu.",situs@0.8.0,situs
habitat_type,annex1:4020,de,description,"Hygrophile Heiden des gemäßigt ozeanischen Klimas auf anmoorigen oder ausgetrockneten Torfböden mit mineralischer Oberschicht, von 4010 durch das ständige Vorkommen von Erica ciliaris oder, an ihrer Stelle, der eng verwandten endemischen Erica mackaiana unterschieden. Der Typ gehört den Verbänden Genistion micrantho-anglicae und Ulicion minoris an, mit benannten Gesellschaften wie Ulici minoris-Ericetum ciliaris, Ulici gallii-Ericetum mackaianae und Cirsio filipenduli-Ericetum ciliaris. Neben den kennzeichnenden Erica-Arten begleiten Genista anglica, G. micrantha und Sphagnum-Arten den Bestand. Die Verbreitung ist eng und auf die Westküste Europas mit ihren außergewöhnlich ozeanischen Wintern beschränkt, was Entwässerung und Aufforstung dieser Heiden zu einem Verlust ohne Aussicht auf Wiederbesiedlung anderswo macht. Fehlen Erica ciliaris und E. mackaiana, gehört der Bestand zum weiter gefassten 4010 und nicht hierher.",situs@0.8.0,situs
habitat_type,annex1:4030,de,description,"Zwergstrauchheiden auf sauren, nährstoffarmen, gut dränenden Böden und Podsolen der atlantischen und subatlantischen Tief- und Mittelgebirgslagen, beherrscht von Calluna vulgaris mit Vaccinium myrtillus, V. vitis-idaea, Genista pilosa oder je nach Region Erica cinerea. Die meisten Bestände sind sekundär und wurden über Jahrhunderte durch Beweidung, Feuer, Plaggenhieb und Streunutzung auf ackerbaulich zu armem Boden offen gehalten; bleibt diese Nutzung aus, gehen sie binnen Jahrzehnten in Birken- und Kiefernwald über. Die regionalen Ausbildungen reichen von den submontanen Vaccinium-Calluna-Heiden der herzynischen Gebirge und der unteren Alpenlagen über die niedrigen Calluna-Genista-Heiden des germano-baltischen Tieflands bis zu den ozeanischen Erica-Heiden der Westküsten. Feuchtheiden mit Erica tetralix auf anmoorigem Boden gehören zu 4010, alpine Zwergstrauchbestände oberhalb der Waldgrenze zu 4060; die Grenze zieht die Bodenfeuchte und die Höhenlage, nicht die beherrschende Zwergstrauchart.",situs@0.8.0,situs
habitat_type,annex1:4040,de,description,"Trockene Küstenheiden der gemäßigt atlantischen Westküste auf gut dränierten Böden, beherrscht von Erica vagans, häufig, aber nicht zwingend mit Ulex europaeus; ausgeschlossen sind die niederliegenden maritimen Zwergformationen näher am Meer. Der Typ besetzt gut dränierten, nährstoffarmen, sauren Sandboden und wird meist durch Beweidung und Brand als sekundäre Vegetation nach Rodung säureliebenden Waldes erhalten. Das Vorkommen von Ulex europaeus ist nicht Voraussetzung für die Zuordnung, da Erica vagans allein die kennzeichnende Aussagekraft trägt. Der Typ gehört zur weiteren Familie atlantischer Trockenheiden und trennt sich von den Feuchtheiden 4010 und 4020 durch seinen trockenen, gut durchlüfteten Untergrund statt durch eine einzelne Art, sowie von den alpinen und borealen Heiden 4060 durch seine tiefland-küstennahe Lage.",situs@0.8.0,situs
habitat_type,annex1:4050,de,description,"Ericaceen-Gebüsch niedriger bis mittlerer Höhe, endemisch für Makaronesien und auf den beiden Archipelen aus unterschiedlichen Verbänden aufgebaut: Fayo-Ericion arboreae und Telino-Adenocarpion foliolosae auf den Kanaren, Daboecion azoricae und verwandte Gesellschaften auf den Azoren. Erica arborea und E. platycodon herrschen weithin vor, auf den Kanaren begleitet von Chamaecytisus proliferus subsp. proliferus und Ilex canariensis, auf den Azoren von Daboecia azorica, Juniperus brevifolia, Laurus azorica und Myrica faya. Kennzeichnende azorische Arten sind Lysimachia azorica, Thymus caespititius und Vaccinium cylindraceum. Die Vegetation besiedelt flachgründige Böden auf pyroklastischem Schutt, Lava und Felsaufschlüssen, oft zyklisch durch vulkanische oder erosive Störung erneuert, und kann sich unter günstigen Bedingungen zu Lorbeerwald weiterentwickeln. Die floristische Zusammensetzung unterscheidet sich deutlich zwischen und sogar innerhalb der Archipele, weshalb der Typ eher inselweise als eine einheitliche Gesellschaft zu lesen ist.",situs@0.8.0,situs
habitat_type,annex1:4060,de,description,"Eine breite Familie niedriger, zwerg- oder niederliegender Strauchformationen der alpinen und subalpinen Stufe der eurasischen Gebirgssysteme sowie borealer und arktischer Hügellagen weiter nördlich, je nach Exposition, Schneelage, Substrat und Region von Ericaceen, Dryas octopetala, Zwergwacholder oder Ginstergewächsen beherrscht. Windexponierte, weitgehend schneefreie Grate tragen einschichtige Loiseleuria-procumbens-Matten mit niederliegenden Vaccinium-Arten; geschütztere saure Podsole in Alpen, Karpaten und Balkangebirgen tragen Rhododendron-dominierte Heide, oft zweischichtig mit Vaccinium myrtillus und V. vitis-idaea darunter; basenreicher Untergrund in Alpen und Dinariden trägt stattdessen Heide aus Rhododendron hirsutum und Erica herbacea. Zwergwacholdergebüsch der Hochlagen und, in hohen südlichen Gebirgen, niedrige Genista- oder Chamaecytisus-Heiden runden die Familie ab. Die Geländeansprache stützt sich eher auf den Abgleich der beherrschenden Straucharten und ihrer Begleiter mit der regionalen Unterform als auf eine einzelne Kombination; von der Zwergstrauchheide EUNIS S22 trennt ihn vor allem, dass er die breitere alpine und boreale Spannweite abdeckt statt einer einzelnen regionalen Ausprägung.",situs@0.8.0,situs
habitat_type,annex1:4070,de,description,"Krummholzgebüsch aus Pinus mugo, meist mit einer Unterschicht oder Beimischung von Rhododendron-Arten, an trockenen Standorten der östlichen Innenalpen, der nördlichen und südöstlichen Außenalpen, der Karpaten, der Apenninen, der Dinariden und des Balkangebirges, am Übergang zwischen subalpinem Wald und alpinem Rasen. Die deutsche Klassifikation nennt ihn je nach vorherrschendem Element Alpenrosengebüsch oder Latschengebüsch. Rhododendron hirsutum, R. ferrugineum und im östlichen Teil des Areals R. myrtifolium begleiten Pinus mugo, zusammen mit Rhodothamnus chamaecistus, Calamagrostis villosa und Homogyne alpina. Die Gesellschaft besetzt kalkreiche bis intermediäre Substrate, die trockener sind als die der reinen Rhododendron-Heide, und bildet eine stabile, von Natur aus waldfreie Ausbildung an der oberen Waldgrenze statt eines Sukzessionsstadiums; Beweidungsdruck und Rodung am Rand ihres Areals sind die Hauptgefährdung dort, wo der Typ auf bewirtschaftete Almweiden trifft.",situs@0.8.0,situs
habitat_type,annex1:4080,de,description,"Subarktisches und boreoalpines Weidengebüsch der schottischen Highlands, der isländischen und skandinavischen Gebirge sowie entsprechender Bestände in Alpen, Pyrenäen, Kantabrischem Gebirge und Karpaten, häufig Wasserläufen folgend. Regionale Unterformen sind das alpigene Kleinweidengebüsch der Alpen, Apenninen, des Jura und der westlichen herzynischen Gebirge, das pyrenäo-kantabrische Weidengebüsch, das herzynisch-karpatische Weidengebüsch mit Gesellschaften wie dem Salicetum lapponum, sowie das eigentliche boreoalpine Weidengebüsch in Schottland, Island und Skandinavien. Das Gebüsch besteht aus kleinen strauchigen Salix-Arten, darunter S. lapponum, S. lanata, S. arbuscula, S. myrsinites und S. glauca, mit Wuchshöhen von 0,5 bis 2 Metern. Es unterscheidet sich vom höheren subalpinen Laubgebüsch EUNIS S25 durch seinen offeneren, niedrigeren Wuchs und vom Ufer-Weidengebüsch der Tieflandauen durch seine montane bis subarktische, schneegeprägte Lage statt eine alluviale.",situs@0.8.0,situs
habitat_type,annex1:4090,de,description,"Kissenförmige, oft dornige Zwergstrauchheiden der höchsten, trockensten Gebirge des Mediterrans und der irano-turanischen Region, an oder oberhalb der Waldgrenze, auf flachgründigen, meist basenreichen, wind- und frostexponierten Böden. Primäre Bestände besiedeln Schutthalden und Gratlagen, sekundäre, durch Beweidung entstandene Bestände derselben Arten reichen hangabwärts, wo Viehtritt den Boden geöffnet hat. Die Zusammensetzung ist stark regional geprägt: Echinospartum horridum in den Pyrenäen, Erinacea anthyllis und Vella spinosa in der Sierra Nevada, Astragalus sirinicus und Genista corsica oder G. salzmannii auf Korsika und Sardinien, Astragalus angustifolius in den griechischen Gebirgen und auf Kreta sowie ginsterartige Spartocytision-nubigeni-Bestände oberhalb von 1900 Metern auf den Kanarischen Inseln. Gemeinsames Geländemerkmal sind die dichten, halbkugeligen, oft dornigen Polster von Astragalus, Genista, Erinacea und verwandten Gattungen. Verwandte, tiefer gelegene Igel-Heiden der ost-mediterranen supra- und oromediterranen Stufe zählen nur teilweise hierher; Garrigues und Phryganen der thermo- und mesomediterranen Tieflagen gehören zu anderen Typen.",situs@0.8.0,situs
habitat_type,annex1:40A0,de,description,"Niedrige sommergrüne Gebüsche mit kontinentaler und submediterraner Prägung, beschränkt auf das Pannonische Becken und seine Ränder: die östliche Alpenperipherie, die südkarpatischen Vorberge, das siebenbürgische Plateau und die nordbalkanischen Hügelländer. Sie wachsen auf kalkigem wie kieseligem Untergrund, meist mosaikartig mit Steppenrasen und felsigen pannonischen Rasen verzahnt, häufig am Waldrand. Kennzeichnend sind Cerasus fruticosa und C. mahaleb, Amygdalus nana, Spiraea media und S. crenata, Rosa spinosissima und R. gallica, Amelanchier ovalis und Cotoneaster-Arten, dazu Steppenkräuter wie Nepeta pannonica, Aster linosyris und Vincetoxicum hirundinaria. Wo das Gebüsch niedrig und klonal wächst, von Prunus fruticosa oder Caragana frutex beherrscht innerhalb von Trockenrasen, gehört es demselben Typ an; hochwüchsigeres Dorngebüsch mit Prunus spinosa, Crataegus monogyna und Cornus sanguinea ist das verbreitete Gegenstück der gemäßigten Zone und unterscheidet sich vor allem durch sein weiteres, nicht pannonisch gebundenes Areal.",situs@0.8.0,situs
habitat_type,annex1:40B0,de,description,"Geschlossene Gebüsche, beherrscht von Potentilla fruticosa, in rund 1550 Metern Höhe im Westrhodopengebirge Bulgariens, eingebettet in den Gürtel der Fichten und Kiefernwälder aus Picea abies und Pinus sylvestris. Der Typ ist eng lokalisiert und artenarm: neben dem dominanten Strauch treten Bellardiochloa violacea, Galium boreale und G. verum, Geum rhodopeum, Nardus stricta sowie die Rhodopen-Endemiten Veronica rhodopaea und Viola rhodopeia auf, in der Bodenschicht das Moos Abietinella abietina. Kennzeichnend ist die geschlossene Deckung von Potentilla fruticosa, einem Strauch, der in der europäischen Vegetation dieser Höhenlage sonst kaum bestandsbildend auftritt. Äußerlich ähnliche Weidengebüsche nasser, grundwassergeprägter Standorte gehören einem anderen, weit verbreiteten Typ an und unterscheiden sich durch dauernd staunasse Böden, die dieses montane Gebüsch nicht voraussetzen.",situs@0.8.0,situs
habitat_type,annex1:40C0,de,description,"Sommergrüne Gebüsche der Waldsteppenzone der pontischen und sarmatischen Region, innerhalb und im Umfeld der östlichsten Steppen-Eichenwälder, mit denen sie einen Landschaftskomplex bilden. Mehrere Assoziationen sind endemisch für die Dobrudscha, darunter Asphodelino luteae-Paliuretum und Rhamno catharticae-Jasminietum fruticantis. Bestandsbildend sind Prunus spinosa, Crataegus monogyna, Caragana frutex, Spiraea crenata und Amygdalus nana sowie Paliurus spina-christi, Jasminum fruticans und Rhamnus cathartica; in der Krautschicht treten Steppenarten wie Asphodeline lutea, Paeonia tenuifolia, Dianthus nardiformis und Salvia ringens auf. Kennzeichnend ist diese Kombination dorniger pontischer Sträucher mit Steppenkräutern an den trockenen, gehölzfreien Rändern des Steppenwald-Mosaiks. Hochwüchsigeres Dorngebüsch der gemäßigten Tieflagen mit denselben Straucharten, aber ohne die Steppenkrautschicht, gehört zum verbreiteten submediterranen Typ und nicht hierher.",situs@0.8.0,situs
habitat_type,annex1:5110,de,description,"Stabile, kalkholde Gebüsche der Hügel und unteren Berglagen, beherrscht von Buxus sempervirens, wärmeliebend und trockenheitsertragend, auf kalkigem, seltener kieseligem Untergrund. Sie bilden den natürlichen Waldsaum trockenwarmer, buchsreicher Kalkwälder und werden von Saumgesellschaften des Geranion sanguinei mit Arten wie Geranium sanguineum und Dictamnus albus begleitet. Als Begleitsträucher treten Prunus mahaleb, Cornus mas, Berberis vulgaris, Ligustrum vulgare, Viburnum lantana und Amelanchier ovalis auf. Im eurosibirischen Teil des Areals tragen die offeneren Bestände eine deutlich submediterrane Flora. Anders als die meisten Dorngebüsche ist der Typ stabil und kein bloßes Sukzessionsstadium: geschlossene Buxus-Bestände bleiben über lange Zeit an denselben Felshängen bestehen, ohne in Wald überzugehen. Die Abgrenzung gegen gewöhnliches Dorngebüsch und gegen mediterrane Pseudomacchie ergibt sich aus der Dominanz von Buxus selbst, da die Begleitarten sich mit beiden überschneiden.",situs@0.8.0,situs
habitat_type,annex1:5120,de,description,"Gebüsche der höheren Lagen, von der oberen Montanstufe über die Subalpinstufe bis in die oromediterrane Stufe der südwesteuropäischen Gebirge, beherrscht von Cytisus purgans auf flachgründigen Böden. Die Bestände stehen häufig neben Zwergwacholdergebüschen oder Igel-Heiden und ähneln diesen physiognomisch stark: niedrige, dichte, drahtige Strauchdecke mit spärlicher Krautschicht darunter. Als einzige für den Typ genannte kennzeichnende Art gilt Cytisus purgans selbst, dessen ginsterartige, blattarme grüne Zweige ihn im Gelände sowohl von Wacholdergebüsch als auch von echten Igel-Heiden unterscheiden, die aus dornigen Polstersträuchern und nicht aus Ginstern aufgebaut sind. Angesichts dieser schmalen floristischen Grundlage wird der Typ am ehesten über Physiognomie und Höhenlage zusammen mit der dominanten Art erkannt, nicht über eine kennzeichnende Artenkombination.",situs@0.8.0,situs
habitat_type,annex1:5130,de,description,"Bestände von Juniperus communis vom Tiefland bis in die Bergstufe, die als Sukzessionsstadium und nicht als eigenständige Pflanzengesellschaft entstehen. Am häufigsten entwickeln sie sich auf mesophilen bis xerophilen, nährstoffarmen Kalkrasen der Festuco-Brometea, beweidet oder brachgefallen, seltener auf Calluna-Heiden; die Wacholderdeckung reicht von vereinzelten, alten Büschen bis zu dichten Beständen, die den darunterliegenden Rasen beschatten. Die Begleitflora entspricht jeweils dem Ursprungsbestand: auf Kalkboden die typische Festuco-Brometea-Flora, auf Heiden Calluna vulgaris, Vaccinium myrtillus, Empetrum nigrum und Nardus stricta. Die Erkennung im Gelände beruht darauf, dass Juniperus communis über einem dieser beiden Vegetationstypen aufwächst und ihn erkennbar ablöst, nicht auf einer eigenständigen Artenkombination. Bei zunehmender oder ganz ausbleibender Beweidung etabliert sich der Wacholder entweder nicht oder schließt sich zu Gebüsch, das schließlich in Wald übergeht.",situs@0.8.0,situs
habitat_type,annex1:5140,de,description,"Niedriges Gebüsch und Garrigue dolomitischer Hochflächen, Karstgebiete, Sande und Terra-rossa-Böden im äußersten Südwesten Portugals, außerordentlich reich an eng begrenzten Endemiten. Zwei benannte Assoziationen kennzeichnen den Typ, Ulicetum erinacei und Genisto triacanthi-Cistetum palhinhae, letztere aufgebaut um den endemischen Cistus palhinhae. Begleitend treten Genista hirsuta subsp. algarbiensis, G. triacanthos, Juniperus turbinata, Ulex erinaceus, Sideritis arborescens subsp. lusitanica sowie die streng lokalen Endemiten Biscutella vicentina und Serratula monardii var. algarbiensis auf. Die Erkennung stützt sich auf diese Kombination lokaler Endemiten, vor allem Cistus palhinhae und Ulex erinaceus, die auf die Algarve und die angrenzende Alentejoküste beschränkt sind; trotz des traditionellen Namens ist der Typ nicht durch Feuchtcharakter definiert, und die Abgrenzung gegen gewöhnliche mediterrane Garrigue auf vergleichbarem Untergrund beruht allein auf dem Vorkommen dieser Endemiten.",situs@0.8.0,situs
habitat_type,annex1:5210,de,description,"Mediterrane und submediterrane immergrüne Hartlaubgebüsche, aufgebaut um baumförmig wachsende Wacholderarten statt der niedrigen Sträucher der übrigen Macchia. Die Dominanz verschiebt sich regional: Juniperus oxycedrus und J. phoenicea im West- und Zentralmediterran, J. excelsa und J. foetidissima in Griechenland, Anatolien und im Nahen Osten, J. communis in verstreuten mediterranen Beständen, J. drupacea beschränkt auf den Peloponnes und Kleinasien sowie J. thurifera in kontinentalen Gebirgslagen; auch Mischbestände mehrerer Arten kommen vor. Die Erkennung im Gelände ist unkompliziert, sobald der baumartige Wuchs der Wacholder von den niedrigen, halbkugeligen Sträuchern der Igel-Heiden und Phryganen unterschieden wird. Als Sukzessionsstadium kann der Typ einerseits in offenen Wacholderwald, andererseits in niedrigere, dichtere Macchia übergehen, von der er sich vor allem durch die überragende Wuchshöhe der Wacholder abgrenzt.",situs@0.8.0,situs
habitat_type,annex1:5220,de,description,"Vorwüstenartiges, sommergrünes Gebüsch des ariden Südwestens der Iberischen Halbinsel, beschränkt auf das thermo-mediterrane, xerophytische Klima der Provinz Almeria. Es stellt die reife Klimaxphase der örtlichen Vegetationsserie dar und ist um hochwüchsige Bestände von Ziziphus lotus aufgebaut, begleitet von Periploca laevigata, Lycium intricatum, Asparagus stipularis und A. albus sowie Withania frutescens. Benannte Assoziationen sind Ziziphetum loti, Zizipho-Maytenetum europaei und Mayteno-Periplocetum. Kennzeichnend ist der überragende, hügelig wachsende Ziziphus lotus selbst, der dem Gebüsch eine unverwechselbare, gerundete, dornige Struktur verleiht, wie sie sonst in der europäischen Vegetation nicht vorkommt. Auf eine schmale aride Ecke Europas beschränkt, ist der Typ überall dort gefährdet, wo die extensive Landnutzung seines Herkunftsgebiets Bewässerung oder Bebauung weicht.",situs@0.8.0,situs
habitat_type,annex1:5230,de,description,"Feuchtes, baumförmiges Matorral, aufgebaut um hochwüchsigen Laurus nobilis, in ozeanisch geprägten, geschützten Lagen der Iberischen Halbinsel. In Spanien tritt es als lorbeerreiche Fazies des Viburno tini-Fraxinetum orni in den Südgebirgen Valencias auf sowie als lorbeerreiche Fazies des Lauro-Quercetum ilicis von Asturien bis ins Baskenland. Begleitarten sind Arbutus unedo, Ceratonia siliqua, Fraxinus ornus, Phillyrea latifolia, Quercus ilex, Olea europaea var. sylvestris und Viburnum tinus, dazu Lianen wie Smilax aspera und Rubia peregrina. Kennzeichnend ist, dass Laurus nobilis Baumhöhe erreicht und ein geschlossenes oder nahezu geschlossenes Kronendach bildet, statt nur einzeln beigemischt zu sein; kleine reliktäre Lorbeerwälder der Atlantikküste mit ähnlichem Kronendach, aber anderer, stärker ozeanischer Begleitflora werden gesondert geführt. Bildet dieselbe Artenkombination niedrigeres, dichteres Gebüsch statt hochwüchsigen Matorrals, wird sie dem verwandten Typ der Lorbeer-Gebüsche zugeordnet.",situs@0.8.0,situs
habitat_type,annex1:5310,de,description,"Niedrigere, gebüschartigere Fazies des baumförmigen Lorbeer-Matorrals, im Allgemeinen auf feuchte oder kühle Standorte beschränkt. Das vorliegende Material nennt nur die eine bestandsbildende Art, Laurus nobilis; eine eigene Begleitflora oder eigene Syntaxa sind für diese Fazies über das hinaus, was für das hochwüchsigere Matorral gilt, nicht überliefert. Die Erkennung im Gelände beruht daher darauf, dass Laurus nobilis einen Bestand in Gebüschhöhe und nicht in Baumhöhe beherrscht, an feuchteren oder kühleren Standorten als das übliche mediterrane Gebüsch. Die Abgrenzung zum baumförmigen Matorral mit Laurus nobilis ist reine Wuchshöhensache: erreicht der Lorbeer geschlossenes Baumkronendach, gilt der hochwüchsige Typ, bleibt er auf demselben feuchten Standort in Strauchhöhe, gilt diese niedrigere Fazies.",situs@0.8.0,situs
habitat_type,annex1:5320,de,description,"Niedrige, polsterartige Bestände, beherrscht von Helichrysum italicum, in unmittelbarem Kontakt zu Meeresklippen, die den Übergang zwischen der eigentlichen Klippenvegetation beziehungsweise Klippen-Phrygana und dem weiter landeinwärts liegenden thermo-mediterranen Gebüsch bilden. Durch den Helichrysum-Bestand wachsen Wolfsmilcharten, vor allem Euphorbia pithyusa, zusammen mit Pistacia lentiscus, Camphorosma monspeliaca, Artemisia densiflora und Thymelaea-Arten wie T. hirsuta und T. tartonraira. Kennzeichnend sind diese schmale Küstenlage unmittelbar hinter der eigentlichen Klippenvegetation sowie die Kombination von Helichrysum italicum mit Wolfsmilch- und Thymelaea-Arten statt eines einzelnen Dominanten. Da der Typ zwischen zwei anderen, klarer umrissenen Vegetationsgürteln liegt, wird er im Gelände ebenso über seine Zwischenstellung wie über seine Artenliste erkannt.",situs@0.8.0,situs
habitat_type,annex1:5330,de,description,"Eine breite Gruppe thermo-mediterraner Gebüschformationen, weitgehend unabhängig davon, ob der Untergrund kalkig oder kieselig ist, ergänzt um eine Reihe stark eigenständiger, wärmeliebender Formationen, die im Süden der Iberischen Halbinsel endemisch sind. Zu den benannten Teilformationen zählen das Genista-fasselata-Gebüsch des östlichen Mittelmeers, das Crataegus-azarolus-Gebüsch Zyperns, Wolfsmilchbestände aus Euphorbia dendroides auf mediterranen Inseln, Diss-Garrigue aus hochwüchsigen Horsten von Ampelodesmos mauritanicus an der tyrrhenischen Küste und auf Sizilien, Palmetto-Gebüsch um Chamaerops humilis im Südwesten und Süden Iberiens, mediterranes Vorwüstengebüsch der ariden südostspanischen Provinzen, thermo-mediterrane Ginsterfelder aus Lygos-, Cytisus- und Genista-Arten sowie dorniges Wolfsmilch-Garrigue aus Euphorbia melitensis auf Malta. Angesichts dieser Vielfalt erfolgt die Erkennung teilformationsweise über die jeweils namensgebende Art und nicht über eine einheitliche Artenkombination; mehrere der südostspanischen Bestände überdauern nur an wenigen ungestörten Stellen und sind stark gefährdet.",situs@0.8.0,situs
habitat_type,annex1:5410,de,description,"Seltene, äußerst lokale, kissenbildende Gesellschaften thermo-mediterraner Klippen und ihrer unmittelbaren Umgebung, verstreut entlang der westmediterranen Küste. Träger des Typs ist Astragalus massiliensis oder, in anderen Beständen, Anthyllis hermanniae, jeweils unterschiedlich begleitet von Thymelaea hirsuta, Helichrysum italicum, Plantago subulatum und Armeria ruscinonensis. Kennzeichnend ist diese kleine Gruppe kissenbildender Arten an isolierter Klippenlage, wobei keine einzelne Assoziation mehr als wenige Fundorte umfasst. Da die Bestände so wenige und so lokal sind, kommt jedem Vorkommen ein überproportionales Gewicht für den Erhalt zu; oberflächlich ähnliche Polstervegetation anderer mediterraner Küsten, aus anderen Dominanten aufgebaut, gehört zu eigenen Typen.",situs@0.8.0,situs
habitat_type,annex1:5420,de,description,"Niedrige, dornige Formationen halbkugeliger Sträucher der küstennahen thermo-mediterranen Zone des östlichen Mittelmeers: der Ägäisinseln, des griechischen Festlands, der Ionischen Inseln und der anatolischen Küste, wo sie deutlich weiter verbreitet und floristisch reicher sind als vergleichbare westmediterrane Phryganen. Träger des Typs ist Sarcopoterium spinosum, begleitet von Centaurea spinosa, Satureja thymbra, Thymus capitatus, Genista acanthoclada, Anthyllis hermanniae, Cistus creticus und Pistacia lentiscus sowie einer langen Reihe weiterer Chamaephyten. Kennzeichnend im Gelände ist der dichte, niedrige, dornige, halbkugelige Wuchs von Sarcopoterium spinosum selbst, deutlich verschieden vom hochwüchsigeren, weicheren Dorngebüsch der gemäßigten Zone. Einige seltene, reliktäre Gesellschaften ähnlichen Erscheinungsbilds finden sich an westmediterranen Meeresküsten und Klippen, wo sie einen schmalen Saum zwischen Klippengesellschaften und thermo-mediterranem Gebüsch bilden.",situs@0.8.0,situs
habitat_type,annex1:5430,de,description,"Eine Gruppe kissenbildender, oft dorniger, sommergrüner Hartlaubformationen, jeweils endemisch auf ein kleines mediterranes Inselareal beschränkt und wegen ihrer gemeinsamen Physiognomie, nicht wegen einer gemeinsamen Flora, zusammengefasst. Zu den Untertypen zählen die Phryganen mittlerer Höhenlagen Kretas mit Euphorbia acanthothamnos, Verbascum spinosum und Sideritis syriaca am Kontakt zwischen Phrygana und Igel-Heide, isolierte Hypericum-aegyptiacum-Bestände auf Küstenfelsen der Ionischen Inseln, Westkretas, Sardiniens und Lampedusas, verarmte Sarcopoterium-spinosum-Bestände Südsardiniens und des Golfs von Tarent, Genista-acanthoclada-Phrygana Nordwestsardiniens, balearische Klippen-Phrygana mit den Endemiten Launaea cervicornis, Astragalus balearicus und Centaurea balearica, korsisch-sardische Phrygana aus Genista corsica oder G. morisii auf Landzungen Korsikas und Sardiniens sowie die Pantelleria-Phrygana mit den lokalen Endemiten Helichrysum saxatile subsp. errerae und Matthiola pulchella. Angesichts dieser inselweisen Endemik wird jeder Untertyp über seine eigene lokale Dominante erkannt, nicht über eine gemeinsame kennzeichnende Artenkombination.",situs@0.8.0,situs
habitat_type,annex1:6110,de,description,"Offene, lückige Pioniervegetation auf sehr flachgründigen, oberflächlichen kalkreichen oder sonst basenreichen Böden, stellenweise auch auf basischem Vulkangestein, beherrscht von Annuellen und Sukkulenten des Alysso alyssoidis-Sedion albi. Ein prioritärer Lebensraumtyp. Die Deckung ist lückig, gebildet aus kleinen Rosettenpflanzen und Sukkulenten mit reichem Kryptogamenanteil, auf Felsbändern, dünnen Rendzinen und ähnlich skelettreichem Untergrund vom Tiefland bis ins Gebirge, überall dort, wo der Boden zu flachgründig und zu trocken für eine geschlossene Grasnarbe bleibt. Kennzeichnend sind Sedum album, S. acre, Alyssum alyssoides, Saxifraga tridactylites, Hornungia petraea und Teucrium botrys, dazu Jovibarba- und Sempervivum-Arten auf den felsigsten Standorten sowie Moose wie Abietinella abietina und Homalothecium sericeum in den Lücken. Der Typ hält sich nur, solange der flachgründige Boden den Standort offen hält; wird der Boden tiefer, übernimmt dichteres Kalkgrasland. Bestände auf künstlichem Untergrund wie Mauern oder Steinbruchhalden sind ausgeschlossen.",situs@0.8.0,situs
habitat_type,annex1:6120,de,description,"Trockenes, meist offenes Grasland auf mehr oder weniger kalkhaltigem Sand mit subkontinentalem Verbreitungsschwerpunkt auf Binnendünen, Flussterrassen und sandigen Ebenen des Tieflands. Die Bestände sind niedrig und lückig, beherrscht von schmalblättrigen Gräsern wie Koeleria glauca und Festuca psammophila über einer flachwüchsigen, trockenheitsertragenden Krautschicht. Kennzeichnend sind Alyssum montanum ssp. gmelinii, Astragalus arenarius, Carex ligerica, Dianthus deltoides, Euphorbia seguieriana, Gypsophila fastigiata, Helichrysum arenarium, Herniaria glabra und Silene chlorantha, dazu Sedum reflexum und Allium schoenoprasum auf den trockensten Kuppen. Der nährstoffarme, basenreiche Sand und die sommerliche Trockenheit halten die Narbe dauerhaft offen, sodass eine Verbuschung nur langsam voranschreitet. Der verwandte EUNIS-Sandrasen derselben Region unterscheidet sich durch seinen sauren bis neutralen, nicht kalkhaltigen Sandboden mit weitgehend anderer, säureliebender Flora.",situs@0.8.0,situs
habitat_type,annex1:6130,de,description,"Im Allgemeinen offenes Grasland spezialisierter, schwermetalltoleranter Pflanzen auf drei Standorttypen: natürlichen, an Zink oder Blei reichen Felsaufschlüssen, davon geprägten Flussschottern und Kiesen sowie alten Halden und Terrils historischer Bergbaugebiete. Die Flora besteht aus Schwermetallrassen, die auf gewöhnlichem Boden selten oder nicht vertreten sind: Viola calaminaria, Schwermetallrassen von Noccaea (Thlaspi) caerulescens, Armeria maritima, Minuartia verna und Silene vulgaris, regional dazu Festuca ophioliticola, außerdem Campanula rotundifolia und eine ausgeprägte Flechten- und Moosschicht mit Cladonia- und Weissia-Arten. Der Typ ist an die Metallbelastung selbst gebunden, ob geologischen oder bergbaulichen Ursprungs, und an die lückige, offene Bestandsstruktur, die allein sie erträgt. Jüngere, noch besiedelnde Haldenvegetation trägt die bedrohten endemischen Sippen der älteren Bestände nicht und gilt nicht als prioritär, was im Gelände die praktische Trennlinie zwischen beiden markiert.",situs@0.8.0,situs
habitat_type,annex1:6140,de,description,"Geschlossenes, mesophiles subalpines und tiefalpines Grasland, beherrscht vom Horstgras Festuca eskia, beschränkt auf die Pyrenäen, wo es Nordhänge und schattige Mulden besiedelt. Begleitend treten Arnica montana, Ranunculus pyrenaeus, Selinum pyrenaeum, Trifolium alpinum, Campanula barbata, Gentiana punctata und Leucorchis albida auf. Die dichte, horstige Narbe und die strikte Bindung an schattige Lagen unterscheiden den Typ im Gelände vom allgemeineren, sauren Alpingrasland der übrigen europäischen Gebirge, von dem er nur die pyrenäische, von Festuca eskia beherrschte Ausbildung darstellt.",situs@0.8.0,situs
habitat_type,annex1:6150,de,description,"Boreoalpines Grasland und Zwergseggenvegetation der höchsten Gipfellagen mit Verbreitungsschwerpunkt in den Alpen und den skandinavischen Gebirgen sowie Vorposten in den Karpaten, beherrscht von Juncus trifidus und Carex bigelowii über einer kräftigen Moos- und Flechtendecke; zugehörige Schneetälchengesellschaften, im Norden mit Cassiope tetragona, gehören zum selben Typ. Die Bestände stehen auf dünnem, windexponiertem Untergrund oberhalb der geschlossenen Alpinrasen, wo die Schneedecke nur kurz liegt oder fehlt und Frostwirkung vorherrscht. Der Typ vereint sowohl die windexponierte Grasnarbe der Grate als auch die spätschneebedingten Mulden in einer Einheit, was ihn von den geografisch enger gefassten borealen Rasen Fennoskandiens und Schottlands sowie den temperaten Alpinrasen der mittel- und südeuropäischen Gebirge abgrenzt, die vergleichbare Lagen weiter südlich oder westlich einnehmen.",situs@0.8.0,situs
habitat_type,annex1:6160,de,description,"Thermophiles, offenes Grasland der silikatischen Oberhänge und Gipfellagen der iberischen Hochgebirge, beherrscht von Festuca indigesta, mit örtlichen Ausläufern in die eurosibirische Zone der subalpinen Stufe. Die Böden sind basenarm und flachgründig über Silikatgestein, die Vegetationsperiode kurz, die Winter streng, wobei starke Winde die Grate schneefrei halten und den Boden wiederholtem Frostwechsel aussetzen. Die Deckung ist mäßig offen bis geschlossen, gebildet aus niederliegenden oder zwergwüchsigen Gräsern und Kräutern mit ausgeprägtem endemischem Anteil: Luzula caespitosa, Jasione crispa aggr., Pilosella vahlii, Sedum brevifolium, Teesdalia conferta, Dianthus langeanus, Scorzoneroides cantabrica und Silene ciliata neben dem namengebenden Schwingel. In etwas tieferer Lage Westiberiens folgt ein verwandtes, beweidetes Grasland auf ähnlich flachgründigen Silikat- und Ultramafitböden, das sich von diesem Typ vor allem durch die geringere Höhenlage und seinen weidewirtschaftlichen statt rein klimatischen Charakter unterscheidet.",situs@0.8.0,situs
habitat_type,annex1:6170,de,description,"Alpines und subalpines Grasland basenreicher Böden über die Hochgebirge Europas hinweg, von den Alpen, Pyrenäen und Karpaten bis zu den Balkangebirgen, mit ausgelagerten, wärmeliebenderen Ausbildungen auf Korsika sowie im mittleren und südlichen Apennin. Bestandsbildend und kennzeichnend sind Dryas octopetala, Carex sempervirens und Sesleria caerulea, dazu Gentiana nivalis, G. clusii, Anthyllis vulneraria, Astragalus alpinus, Draba aizoides und Phyteuma orbiculare. Auf den tiefergründigen Böden der unteren alpinen und der subalpinen Stufe herrschen geschlossene, oft beweidete oder gemähte Rasen vor, während an windexponierten Graten eine skulptierte, windgeschorene Narbe entsteht und auf den flachgründigsten, xerothermsten Standorten offenes, treppenartiges Grasland. Zugehörige Schneetälchen und Zwerg-Weiden-Gebüsche gehören zum Mosaik. Schwermetallrasen auf belastetem Untergrund sind trotz floristischer Verwandtschaft eigenständig gefasst; der Typ geht sonst weiter nördlich in arktisch-alpines Kalkgrasland und weiter südöstlich in balkanische und apenninische Ausbildungen über.",situs@0.8.0,situs
habitat_type,annex1:6180,de,description,"Sekundäres, unbeweidetes Grasland der höchsten Lagen auf den Azoren, eine Mischung aus Gräsern, Kräutern und Polsterpflanzen mit starkem endemischem Anteil, typisch für exponierte oder instabile Felshänge, Simse und Rutschungen auf nährstoffarmem saurem Boden. Die Artenzusammensetzung wechselt mit Höhenlage, Klima, Gesteinsart und Standfestigkeit des Geländes. Kennzeichnend sind Holcus rigidus, Festuca jubata, Deschampsia foliosa, Agrostis congestiflora, Luzula elegans und Festuca petraea, dazu Farne wie Diplazium caudatum und Woodwardia radicans sowie endemische Kräuter wie Ranunculus cortusifolius, Rumex azorica, Sanicula azorica und Bellis azorica. Als Sekundärgrasland verdankt es seine anhaltende Offenheit der Instabilität seiner felsigen Standorte, ohne die regelmäßige Beweidung, die vergleichbares Grasland andernorts offen hält.",situs@0.8.0,situs
habitat_type,annex1:6190,de,description,"Offener, lückiger Felsrasen an steilen, trockenen, besonnten Hängen mittelhoher Gebirge im Pannonischen Becken und angrenzenden Regionen, etwa zwischen 150 und 900 m, über Kalk, Dolomit oder kalkreichem Vulkangestein wie Basalt oder Andesit, auf flachgründigen Rendzinen. Drei regionale Ausbildungen werden unterschieden: eine montan-submontane, kühlere Form der kalk-orophilen Diantho-Seslerion-Rasen, eine artenreiche, südexponierte Form auf Rendzinen am westlichen und südlichen Rand des Karpatenbogens, sowie weiter westlich, auf silikatischen Felsbändern, eine azidokline Ausbildung. Kennzeichnend sind Festuca pallens, Bromus pannonicus, Stipa eriocaulis, S. joannis, Carex humilis, Chrysopogon gryllus, Iris pumila, Pulsatilla grandis und Anacamptis pyramidalis, in den kalkreichsten Beständen dazu seltenere Endemiten wie Linum dolomiticum, Vincetoxicum pannonicum und Dianthus regis-stephani. Der weiter gefasste EUNIS-Felsrasen Mittel- und Südosteuropas teilt die allgemeine Physiognomie, reicht aber weit über das pannonische Verbreitungsgebiet hinaus.",situs@0.8.0,situs
habitat_type,annex1:6210,de,description,"Trocken- bis Halbtrockenrasen der Festuco-Brometea auf flachgründigen, basenreichen Böden über Kalk, Dolomit oder Mergel, meist an besonnten Hängen und Kuppen der Tief- bis submontanen Lagen. Zwei Flügel werden unterschieden: die steppischen, subkontinentalen Rasen der Festucetalia valesiacae und die ozeanisch bis submediterran geprägten der Brometalia erecti. Innerhalb der letzteren stehen die primären, von Natur aus offenen Xerobromion-Rasen der flachgründigsten Standorte neben den sekundären Mesobromion-Rasen mit Bromus erectus, die aus jahrhundertelanger Hutebeweidung hervorgegangen sind und den Orchideenreichtum tragen, der die prioritäre Ausbildung begründet. Kennzeichnend sind lückige bis geschlossene Bestände aus Horstgräsern und Rosettenstauden mit Sanguisorba minor, Helianthemum nummularium, Scabiosa columbaria und Hippocrepis comosa. Ohne Beweidung oder Mahd folgt zunächst ein Saumstadium der Trifolio-Geranietea, dann wärmeliebendes Gebüsch; Düngung und Einsaat lassen den Typ ebenso verschwinden wie Aufforstung.",situs@0.8.0,situs
habitat_type,annex1:6220,de,description,"Prioritäre Pseudosteppe der meso- und thermomediterranen Zone, ein Mosaik aus kurzwüchsigem, xerophilem, an Annuellen reichem Grasland auf oligotrophen, oft kalkreichen, basenreichen Böden. Eine ausdauernde Komponente der Thero-Brachypodietea, beherrscht von Brachypodium retusum und verwandten Horstgräsern, steht neben einer rein annuellen Komponente frühjahrsblühender Therophyten der Tuberarietea guttatae, in der Brachypodium distachyum zu den häufigsten Arten zählt; auf Gips oder Dolomit gehen die annuellen Rasen in spezialisierte gipsliebende oder silikat-basenliebende Varianten über. In Frankreich wird zusätzlich zwischen offenen, stickstoffarmen Pionierrasen und geschlosseneren, stickstofftoleranteren Beständen tiefgründigerer Böden unterschieden. Beweidung und Tritt erhalten den Typ, indem sie die ausdauernden Horste offen genug halten, damit sich die annuelle Flora hält; ohne Störung verdichtet sich die ausdauernde Komponente und verdrängt die Therophyten, während aufgegebene Beweidung in der Regel Gebüschvorrücken zur Folge hat.",situs@0.8.0,situs
habitat_type,annex1:6230,de,description,"Prioritärer, artenreicher Borstgrasrasen auf Silikatböden, geschlossen und trocken bis mesophil, verbreitet vom atlantischen über den subatlantischen bis zum borealen Tief-, Hügel- und Berggebiet Europas; als dieser Typ zählen nur Bestände mit tatsächlich hoher Artenzahl, durch Überweidung irreversibel verarmte Flächen sind ausgeschlossen. Nardus stricta selbst tritt oft hinter der Vielfalt zurück, die es beherbergt: Antennaria dioica, Arnica montana, Campanula barbata, Gentiana pneumonanthe, Hypochoeris maculata, Leucorchis albida, Meum athamanticum, Platanthera bifolia und Potentilla aurea, dazu Galium saxatile und Potentilla erecta als stete Begleiter; die Gebirgsschrecke Miramella alpina ist ein typisches Faunenelement. Traditionelle Mahd oder Beweidung, in der planar-submontanen wie in der montan-hochmontanen Stufe, erhält die Vielfalt; bleibt sie aus, vergröbert sich der Bestand und Arten gehen verloren, lange bevor Gebüsch aufkommt. Von umgebendem Alpingrasland unterscheidet ihn vor allem die Dominanz von Nardus und seine tiefere, nicht gipfelnahe Lage.",situs@0.8.0,situs
habitat_type,annex1:6240,de,description,"Prioritärer subpannonischer Steppen-Trockenrasen, beherrscht von Horstgräsern, Chamaephyten und Ausdauernden des Festucion vallesiacae und verwandter Verbände, xerotherme Gesellschaften südexponierter Hänge auf felsigen AC-Böden oder auf tonig-sandigen, mit Schotter angereicherten Sedimentschichten, teils natürlichen, teils anthropogenen Ursprungs. Kennzeichnend sind Festuca vallesiaca, Stipa capillata, S. joannis, Bothriochloa ischaemum, Chrysopogon gryllus, Carex humilis und Festuca rupicola in der Grasschicht, dazu Iris pumila, Ranunculus illyricus, Teucrium chamaedrys, Globularia cordifolia, Astragalus onobrychis, A. excapus und Daphne cneorum unter den kennzeichnenden Kräutern. Bestände überwiegend natürlichen Ursprungs besetzen die flachgründigsten, felsigsten Standorte, während die anthropogenen Bestände auf tiefergründigem, schottrigem Sediment auf lange Beweidungsgeschichte zurückgehen; beide gehen ohne scharfe physiognomische Grenze in verwandtes kontinentales Steppen- und Wiesensteppengrasland der weiteren Region über.",situs@0.8.0,situs
habitat_type,annex1:6250,de,description,"Prioritärer, an ausdauernden Gräsern und Kräutern reicher Steppen-Trockenrasen auf Löss der pannonischen Region, einst großflächig verbreitet, heute auf einzelne Landformen wie durch fluviatile Erosion und Ablagerung entstandene Lössrücken beschränkt. Kennzeichnend sind Astragalus vesicarius, A. austriacus, A. onobrychis, Crambe tataria, Nonea pulla, Salvia nemorosa, Ornithogalum pannonicum, Phlomis tuberosa, Festuca rupicola, Falcaria vulgaris, Peucedanum alsaticum und Achillea pannonica, dazu Elymus hispidus und Bromus inermis in der Grasschicht. Der starke Rückgang von einer einst ausgedehnten Lösssteppe auf wenige erhaltene Rückenreste spiegelt die langanhaltende Umwandlung von Lössboden in Ackerland; die verbliebenen Bestände sind entsprechend klein und zersplittert, und ihr Lössuntergrund, mehr als eine einzelne Kennart, unterscheidet sie von den verwandten Steppen- und Sandsteppenrasen des umgebenden Pannonischen Beckens.",situs@0.8.0,situs
habitat_type,annex1:6260,de,description,"Pannonische Sandsteppe, gebildet aus mittelhohen bis hohen, horstbildenden ausdauernden Gräsern und Halbsträuchern mit deutlich lückiger Bodendeckung, zusammen mit begleitenden Gesellschaften frühjahrsblühender Annueller, auf beweglichem oder festgelegtem Sand wie alluvialen Ablagerungen und subfossilen Dünensystemen des Pannonischen Beckens, mit vergleichbaren Beständen im westpontischen Becken. Kennzeichnend sind Festuca vaginata, F. beckeri, Koeleria glauca, Helichrysum arenarium, Gypsophila paniculata, Bassia laniflora und Jurinea cyanoides unter den Pflanzen sowie eine eigenständige Insektenfauna mit der Steppen-Sattelschrecke Gampsocleis glabra, dem Nachtfalter Callimorpha quadripunctaria und mehreren Zygaena-Arten. Das Klima ist stark kontinental, mit kalten Wintern und heißen, trockenen Sommern, die den Sand beweglich und die Decke offen halten; traditionelle extensive Schafbeweidung erhielt den Typ einst über eine deutlich größere Fläche, als er heute noch einnimmt, wobei diese Beweidung inzwischen vielerorts aufgegeben wurde.",situs@0.8.0,situs
habitat_type,annex1:6270,de,description,"Prioritäres, artenreiches, trockenes bis mesophiles Grasland der fennoskandischen Tieflagen, überwiegend auf silikatischem Untergrund, geprägt durch langjährige, kontinuierliche Beweidung oder Mahd ohne Düngung; sowohl traditionell genutzte als auch erst kürzlich aufgegebene Bestände gehören zum Typ. Die Artenzusammensetzung variiert mit Region, Boden, Feuchte und Nutzung, doch die Narbe ist typischerweise reich an Agrostis capillaris, Anthoxanthum odoratum, Festuca ovina, F. rubra, Galium verum, Antennaria dioica, Dianthus deltoides, Gentianella campestris, Gymnadenia conopsea, Lychnis viscaria und Primula veris; auch mehrere gefährdete Wiesenpilze, darunter Hygrocybe-, Geoglossum- und Entoloma-Arten, sind kennzeichnend. Das Fehlen von Düngung und die lange, ununterbrochene Nutzungsgeschichte unterscheiden den Typ von gewöhnlicher verbesserter Weide oder Mähwiese; bleiben Beweidung oder Mahd aus, verschwinden meist zuerst die Pilzflora und die selteneren Kräuter.",situs@0.8.0,situs
habitat_type,annex1:6280,de,description,"Prioritäre nordische Alvar- und flache Kalkfelsvegetation, ein außergewöhnlich artenreiches System, geprägt von winterlicher Kälte: Die dünne Bodenschicht gefriert und liegt einen Großteil des Jahres unter Schnee, und wiederholte Frostwechselwirkung schafft kleine Rohbodenflächen, die von teils seltenen einjährigen Pionieren besiedelt werden. Auf flachem, verwittertem Fels mit geringer Bodenauflage bildet Frostwechsel zudem Bodenpolygone mit gemusterter Vegetation, und flache, auf Öland und Gotland vätar genannte Mulden füllen sich im Winter mit Wasser und trocknen im Sommer ganz oder teilweise aus. Auf Öland wird eine eigene Ausbildung von Helianthemum oelandicum über einer 5 bis 30 cm mächtigen, krümeligen Bodenschicht auf nahezu ebenem, extrem langsam entwässerndem Gelände beherrscht. Kennzeichnend sind Sedum acre, S. album, Saxifraga tridactylites, Hornungia petraea und Linum catharticum, dazu regionale Endemiten wie Artemisia oelandica auf Öland und Arenaria gothica auf Gotland sowie eine reiche Flechten- und Moosschicht mit Cetraria nivalis und Tortella tortuosa.",situs@0.8.0,situs
habitat_type,annex1:62A0,de,description,"Xerothermer Trockenrasen der östlichen submediterranen Zone um Triest, Istrien und die Balkanhalbinsel, der mit dem Steppen-Trockenrasen der Festucetalia valesiacae (6210) koexistiert, sich jedoch unter geringerer Kontinentalität entwickelt und einen stärkeren mediterranen Einschlag trägt. Benannte Gesellschaften sind unter anderem Carici humilis-Centaureetum rupestris und Danthonio-Scorzoneretum villosae. Kennzeichnend sind Carex humilis, Bromus erectus, Centaurea rupestris, Sesleria juncifolia, Trinia glauca und Festuca rupicola, dazu regionale Besonderheiten wie Genista holopetala, Iris cengialti, Gentiana lutea und Arctostaphylos uva-ursi. Die Bestände besetzen scharf dränierende, basenreiche Böden an Talflanken, Dolinen und Erdfällen der Adriaküste und sind auf extensive Beweidung angewiesen; ist diese zurückgegangen, überdauert der Typ heute meist nur als Fleck in einem Mosaik aus Gebüsch und Wald. Die geringere Kontinentalität und der stärkere mediterrane Einschlag trennen ihn vom eng verwandten, kontinentaleren Trockenrasen der Festucetalia valesiacae.",situs@0.8.0,situs
habitat_type,annex1:62B0,de,description,"Lückige, niedrigwüchsige Staudenvegetation, beschränkt auf die ultramafischen Ausbisse Zyperns, vor allem das Troodos-Gebirge und die Akamas-Halbinsel, wo Serpentinit, Dunit, Wehrlit und Harzburgit zu flachgründigen, metallreichen, basenreichen Böden verwittern. Die Bestände bilden kleine Flecken offener Vegetation auf felsigem und steinigem Grund, keine geschlossenen Rasen. Zwei Höhenstufen werden unterschieden: eine Hochlagenform oberhalb etwa 1700 m mit Acinos troodi, Alyssum troodi und Anthemis plutonia sowie eine Tieflagenform um 350 bis 450 m auf Akamas mit Alyssum akamasicum, Centaurea cyprensis und Hyacinthella millingeni. Beide tragen eine spezialisierte Flora mit zahlreichen zyprischen Endemiten, die an den hohen Magnesium- und Schwermetallgehalt sowie den geringen Kalziumanteil ultramafischer Substrate angepasst sind. Der Typ ist auf Zypern beschränkt; die Abgrenzung gegen gewöhnliche basenreiche mediterrane Schutt- und Felsvegetation stützt sich auf das ultramafische Substrat und die endemitenreiche Zusammensetzung, nicht allein auf die Physiognomie.",situs@0.8.0,situs
habitat_type,annex1:62C0,de,description,"Grassteppen der Ebenen, Plateaus und Hügelländer am westlichen Schwarzen Meer, vom unteren Donaubecken und Siebenbürgen über die podolische und mittelrussische Platte bis in die Wolgaregion, nach Orenburg und Baschkirien. Die Vegetation wird von Federgräsern wie Stipa capillata, S. lessingiana und S. pulcherrima zusammen mit Festuca valesiaca, Koeleria macrantha und Dichanthium ischaemum beherrscht und bildet dichte Horstrasen auf tschernosemartigen Böden unter stark kontinentalem Klima. Kennzeichnende Begleiter sind Vinca herbacea, Salvia nutans, Iris pumila und, an trockensten und steinigsten Stellen, Kochia prostrata sowie Artemisia-Arten. Der Typ umfasst mehrere Verbände, von Festucion valesiacae und Stipion lessingianae der eigentlichen Steppe bis zum Agropyro-Kochion salziger und steiniger Ausbildungen und dem Pimpinello-Thymion zygoidi der Felssteppen am Balkanrand. Fast alle Bestände sind Relikte eines einst weiten Steppengürtels, der durch Umbruch stark geschrumpft ist; mäßige Beweidung erhält den Bestand, Nutzungsaufgabe begünstigt Hochgräser und Gebüsch.",situs@0.8.0,situs
habitat_type,annex1:62D0,de,description,"Alpine und subalpine Rasen der zentralen Balkan-Hochgebirge, darunter der Balkan, Rila, Pirin, die Rhodopen und der Osogovo, ausgebildet zwischen 1600 und 2900 m über kristallinem Gestein und anderen kalkarmen oder entkalkten Substraten. Die Grasnarbe wird von Schwingelarten und verwandten Gräsern beherrscht, vor allem Festuca paniculata, F. airoides und F. nigrescens, Bellardiochloa violacea und Calamagrostis arundinacea, mit einem deutlichen Anteil an Balkanendemiten wie Festuca balcanica, F. riloensis, F. valida, Sesleria comosa und Carex bulgarica. Regional unterschiedene Untertypen reichen von Festuca-paniculata-Rasen bis zu Sesleria-comosa- und Agrostis-rupestris-Grasländern und spiegeln das Mosaik aus Exposition, Schneedauer und Bodentiefe der Gipfellandschaften wider. Begleiter sind Gentiana lutea, G. punctata und Primula deorum. Als bodensaures alpines Grasland silikatischer Hochgebirge gehört der Typ zum weiteren Kreis der temperaten alpinen Nardus- und Festuca-Gesellschaften, abgehoben durch seine Balkanendemiten und sein submediterran geprägtes Klima.",situs@0.8.0,situs
habitat_type,annex1:6310,de,description,"Offene, parkartige Landschaft der Iberischen Halbinsel, in der Ackerland, Weide oder mesomediterranes hochwüchsiges Buschland räumlich nebeneinander oder in Rotation unter einem ziemlich geschlossenen bis sehr lichten Kronendach einheimischer immergrüner Eichen liegen, vor allem Quercus suber, Q. ilex, Q. rotundifolia und Q. coccifera. Die Bäume werden traditionell durch Kopfbaumschnitt und Korkgewinnung genutzt, Weidevieh hält die Bodenschicht offen; ohne diese kombinierte Nutzung geht der Typ in dichteren Hartlaubwald oder Gebüsch über. Er ist ein wichtiger Lebensraum für Großgreifvögel, darunter den Iberischen Kaiseradler, für durchziehende Kraniche und für den Pardelluchs. Von geschlossenem immergrünem Eichenwald trennt ihn die offene Hutewaldstruktur und die fortdauernde landwirtschaftliche oder weidliche Nutzung, von reinem Buschland das Vorhandensein des Baumkronendachs.",situs@0.8.0,situs
habitat_type,annex1:6410,de,description,"Von Pfeifengras beherrschte Wiesen der Tief- bis Berglagen auf nassen, an Stickstoff und Phosphor armen Böden, die im Sommer austrocknen, während sie den größten Teil der Vegetationszeit vernässt bleiben. Nach der Basenversorgung werden zwei Ausbildungen unterschieden: auf neutralen bis kalkreichen Böden mit schwankendem Grundwasserstand trägt das Eu-Molinion Molinia caerulea mit Dianthus superbus, Selinum carvifolia und Serratula tinctoria; auf saureren, oft torfigen Standorten kommen im Junco-Molinion des Verbands Molinion caeruleae Viola persiciflora, Cirsium dissectum und Potentilla erecta hinzu. Kennarten beider Ausbildungen sind Succisa pratensis, Carex panicea und Sanguisorba officinalis. Der Typ ist auf extensive Nutzung mit einer einzigen späten Mahd angewiesen; bleibt sie aus, setzen sich Hochstauden und Gebüsch durch, daneben entsteht der Typ als Stadium entwässerter Hochmoore. Von nassen, nährstoffreichen Mähwiesen trennt ihn die geringe Nährstoffversorgung, von Niedermooren das sommerliche Austrocknen des Oberbodens.",situs@0.8.0,situs
habitat_type,annex1:6420,de,description,"Hochwüchsiges Feuchtgrünland des Mittelmeerraums, das sich bis an die Küsten des Schwarzen Meeres erstreckt, beherrscht von kräftigen Gräsern und Binsen, vor allem Scirpus holoschoenus, Molinia caerulea und Schoenus nigricans, häufig auf feuchtem Grund innerhalb von Dünensystemen oder entlang periodisch wasserführender Gewässer. Begleitend treten auf salzigerem Grund Juncus maritimus und J. acutus, auf frischeren Böden Cyperus longus, Eupatorium cannabinum und Inula viscosa sowie Orchideen wie Orchis laxiflora und Dactylorhiza elata auf, wo der Grundwasserstand bis in den Sommer hoch bleibt. Die Vegetation gehört zum Molinio-Holoschoenion und besetzt Senken, die einen trockenen mediterranen Sommer feucht überdauern, im Gegensatz zum umgebenden Trockenrasen und Gebüsch. Sie geht an Sandküsten in Dünentalvegetation über, landeinwärts in kontinentales Feuchtgrünland; die Abgrenzung stützt sich auf die küstennahe, oft kalkreiche und stellenweise salzige Lage des eigentlichen Molinio-Holoschoenion.",situs@0.8.0,situs
habitat_type,annex1:6430,de,description,"Hochwüchsige, stickstoffliebende Staudenfluren, die als schmale Säume entlang von Gewässern und an Waldrändern auftreten, in zwei Höhenstufen. In der Ebene und im Hügelland bilden die Ordnungen Glechometalia hederaceae und Convolvuletalia sepium üppige Bestände aus Filipendula ulmaria, Urtica dioica, Epilobium hirsutum, Angelica archangelica, Petasites hybridus und Aegopodium podagraria auf feuchten, nährstoffreichen Böden entlang von Flüssen und Waldsäumen. In der montanen bis alpinen Stufe entstehen aus der Klasse Betulo-Adenostyletea Hochstaudenfluren mit Aconitum-Arten, Geranium sylvaticum, Trollius europaeus, Adenostyles alliariae und Cicerbita alpina, meist geschützt an Bächen, unter Gebüsch oder auf Felsbändern. Beide Ausbildungen sind von Natur aus dynamische Saumvegetation und keine geschlossenen Gesellschaften; sie breiten sich häufig aus, wo die Beweidung oder Mahd des angrenzenden Grünlands aufgegeben wurde. Von Auenwald trennt sie das Fehlen eines geschlossenen Kronendachs, von gewöhnlicher ruderaler Hochstaudenflur die gewässergebundene, naturnahe Ausbildung.",situs@0.8.0,situs
habitat_type,annex1:6440,de,description,"Auenwiesen kontinental bis subkontinental geprägter Flusstäler, die unter natürlichem Überflutungsregime stehen und dem Verband Cnidion dubii angehören. Kennzeichnende Arten sind Cnidium dubium, Viola persicifolia, Scutellaria hastifolia, Allium angulosum und Juncus atratus auf periodisch überfluteten Böden großer Flussauen. Der Typ ist auf die natürliche Überflutungsdynamik des Flusses und auf fortgesetzte extensive Nutzung als Mähwiese oder Weide angewiesen; Flussregulierung, Entwässerung und der Übergang zu intensiver Grünlandnutzung lassen ihn verschwinden. Von anderen feuchten Auenwiesen unterscheidet ihn die Artenkombination des Cnidion dubii und die Bindung an kontinentale Klimabedingungen, was ihn von den ozeanischer geprägten Feuchtwiesentypen atlantischer Flusstäler abhebt.",situs@0.8.0,situs
habitat_type,annex1:6450,de,description,"Auenwiesen an großen borealen Flüssen mit ruhig fließenden Abschnitten, die jeden Winter zufrieren und im Frühjahr mit der Schneeschmelze überflutet werden. Kennzeichnende Arten sind Carex acuta, C. aquatilis und C. canescens, Deschampsia cespitosa, Elymus fibrosus und Phalaris arundinacea sowie auf etwas trockenerem Grund Trollius europaeus und Galium boreale. Der Typ umfasst nur Bestände, die noch nicht mit Bäumen und Sträuchern verwachsen sind; die traditionelle Nutzung als Mähwiese ist weitgehend aufgegeben, und ohne Beweidung oder Mahd rücken Salix triandra und andere Gehölze zunehmend vor. Von anderen Feuchtwiesen und Großseggenbeständen trennt ihn weniger eine eigene Artenausstattung als die boreale Flusslage mit jährlichem Frost-Tau-Wechsel und Frühjahrshochwasser.",situs@0.8.0,situs
habitat_type,annex1:6460,de,description,"Etwa einen Meter hohe, von Calamagrostis epigejos beherrschte Wiesen, ausgebildet auf rund 1650 m Höhe in saisonal überfluteten Senken auf serpentinisiertem, basenreichem Untergrund im Troodos-Gebirge Zyperns. Der Standort steht von Oktober oder November bis Juni oder Juli unter Wasser und bleibt auch im Sommer feucht und schlammig, mit einer dichten, geschlossenen Matte aus Calamagrostis epigejos und Juncus littoralis. Poa pratensis, Polypogon semiverticillatus und Ornithogalum chionopilum begleiten die Dominanten, dazu Inselendemiten, die auf diese hochgelegenen Feuchtstellen beschränkt sind, etwa Alyssum cypricum und der gefährdete Crocus cyprius. Der Typ ist auf Zypern beschränkt und hat anderswo kein Gegenstück; die Kombination aus Serpentinuntergrund und langer saisonaler Überflutung hebt ihn vom gewöhnlichen mediterranen Feuchtgrünland ab, das meist auf nicht ultramafischem Grund in tieferer Lage vorkommt.",situs@0.8.0,situs
habitat_type,annex1:6510,de,description,"Artenreiche Mähwiesen der Tief- und Hügellagen auf tiefgründigen, mäßig nährstoffreichen Böden, ein- bis zweimal jährlich und nie vor der Gräserblüte gemäht. Die Grasnarbe ist hochwüchsig und geschichtet, mit Arrhenatherum elatius oder Alopecurus pratensis über einer reichen Krautschicht aus Sanguisorba officinalis, Leucanthemum ircutianum, Knautia arvensis, Galium mollugo und Tragopogon pratensis. Die Bestände gehören zum Arrhenatherion, auf saureren Böden im Westen zum Brachypodio-Centaureion nemoralis. Starke Düngung, früher oder häufiger Schnitt sowie die Umstellung auf Silage lassen die Krautschicht und damit den Typ verschwinden; bleibt die Mahd aus, setzen sich binnen weniger Jahre Hochstauden und Gebüsch durch. Von den Feuchtwiesen der Auen trennt ihn das Fehlen von Überflutungszeigern, von den Bergmähwiesen das Fehlen von Geranium sylvaticum und Trollius europaeus.",situs@0.8.0,situs
habitat_type,annex1:6520,de,description,"Artenreiche, mesophile Bergmähwiesen der montanen bis subalpinen Stufe, meist oberhalb 600 m, beherrscht von Trisetum flavescens auf tiefgründigen, gut dränenden Böden unter kurzer, kühler Vegetationszeit. Die Grasnarbe trägt eine dichte Mischung von Hochstauden, darunter Heracleum sphondylium, Astrantia major, Crepis mollis, Geranium sylvaticum, Trollius europaeus, Silene dioica, Campanula glomerata und Primula elatior, regional ergänzt durch Narcissus poeticus oder Phyteuma orbiculare. Die traditionelle Nutzung verbindet einen einzigen späten Schnitt mit mäßiger Düngung und vielerorts mit Nachweide; der Typ ist auf dieses Regime und auf das Ausbleiben eines frühen oder häufigen Schnitts angewiesen. Nutzungsaufgabe führt zu Hochstauden- und Gebüschaufkommen, während starke Düngung oder die Umstellung auf Silage die kennzeichnende Krautschicht verschwinden lässt. Von Tiefland-Mähwiesen trennt ihn die montane Artenausstattung mit Geranium sylvaticum und Trollius europaeus, die dem Arrhenatherion tieferer Lagen fehlt.",situs@0.8.0,situs
habitat_type,annex1:6530,de,description,"Vegetationskomplex Fennoskandiens aus kleinen Gehölzinseln von Laubbäumen und Sträuchern und Flecken offener Wiese, traditionell durch eine Kombination aus Rechen, Heumahd, Beweidung und Kopfbaum- oder Schneitelwirtschaft offen gehalten. Häufige Baumarten sind Esche, Birke, Stieleiche, Winterlinde, Bergulme und Grauerle, oft alt und als Kopfbäume geschnitten, mit einer reichen epiphytischen Moos- und Flechtenflora auf der Rinde. Die Krautschicht ist artenreich, mit Briza media, Primula veris, Listera ovata, Orchis mascula und Cypripedium calceolus, und beherbergt viele gefährdete Arten, die an alte Kopfbäume in halboffenen Verhältnissen gebunden sind. Der Typ umfasst sowohl aktiv genutzte als auch verwachsene Bestände mit alten Kopf- oder Schneitelbäumen, nicht jedoch aufgelassene Wiesen, die von jungem Baumaufwuchs überwachsen werden und mit schließendem Kronendach aus dem Typ herausfallen. Nur noch wenige Bestände stehen heute unter traditioneller Bewirtschaftung, die meisten überdauern als kleine Reliktflächen.",situs@0.8.0,situs
habitat_type,annex1:6540,de,description,"Feuchtwiesen des Verbands Molinio-Hordeion secalini entlang von Karstflüssen und in Karstpoljen der Dinariden, im Winter und Frühjahr überflutet oder sehr nass und im Sommerverlauf zunehmend austrocknend. Der starke jahreszeitliche Wechsel der Bodenfeuchte bringt feuchteliebende und trockenheitsverträgliche Arten im selben Bestand zusammen, mit Deschampsia media, Hordeum secalinum, Ranunculus sardous und Trifolium fragiferum neben Chrysopogon gryllus und Bromus erectus. Der Typ trägt mehrere dinarische Endemiten, darunter Edraianthus dalmaticus, Succisella petteri und Chouardia litardierei. Traditionell als extensive Mähwiese und Weide genutzt, besetzt er in einer von Natur aus trockenen mediterranen Landschaft eine örtlich feuchte Ausnahme, gebunden an die karstische Hydrologie der Poljen. Von gewöhnlichem mediterranem Trockenrasen trennt ihn diese jahreszeitliche Nässe, von anderen Feuchtwiesentypen die dinarisch-karstische Lage und die spezifische Artenkombination.",situs@0.8.0,situs
habitat_type,annex1:7110,de,description,"Saure, ombrotrophe Hochmoore, allein von Regenwasser gespeist, mit einem Wasserspiegel meist über dem der Umgebung und einem gewölbten Torfkörper, der durch fortlaufende Torfbildung erhalten wird. Die Oberfläche ist ein Mosaik aus farbigen Sphagnum-Bulten, Schlenken und Kolken, mit Sphagnum magellanicum, S. fuscum und im Boreal auch S. angustifolium, dazu Andromeda polifolia, Eriophorum vaginatum und Vaccinium oxycoccos auf den Bulten sowie Carex limosa, Rhynchospora alba und Scheuchzeria palustris in den nasseren Schlenken. Aktiv bedeutet, dass ein erheblicher Teil der Fläche noch torfbildend ist; ein vorübergehender Stillstand nach Brand oder Trockenheit schließt ein Moor nicht aus dem Typ aus. Zur Moorfauna zählen spezialisierte Libellen wie Leucorrhinia dubia und Somatochlora arctica sowie Falter wie Colias palaeno. Entwässerung, Torfabbau und Aufforstung beenden die Torfbildung und führen in das degradierte Stadium 7120; von Nieder- und Übergangsmoorvegetation trennt es die ausschließlich regenwassergespeiste Wasserversorgung.",situs@0.8.0,situs
habitat_type,annex1:7120,de,description,"Hochmoore, deren natürliche Hydrologie gestört ist, meist durch Entwässerung, entwässerungsbedingte Nutzung oder Torfabbau, mit der Folge von Oberflächenaustrocknung und einer Verschiebung der Artenzusammensetzung. Die Vegetation trägt noch die meisten für aktive Hochmoore 7110 typischen Arten, etwa Sphagnum-Arten und Eriophorum vaginatum, doch hat sich deren Häufigkeit verändert, und auf der trockeneren Oberfläche siedelt sich häufig Birke, Betula pubescens, an. Entscheidend ist die Fähigkeit zur natürlichen Regeneration: geeignet sind Flächen, deren Hydrologie wiederhergestellt werden kann und bei denen Renaturierung binnen etwa dreißig Jahren wieder torfbildende Vegetation erwarten lässt. Nicht geeignet sind Flächen aus überwiegend nacktem Torf, von landwirtschaftlichen Gräsern beherrschte Flächen oder solche, auf denen die Moorvegetation unter geschlossenem Birken- oder Kiefernkronendach erloschen ist. Die Abgrenzung zum aktiven Hochmoor stützt sich auf die veränderte Artenbalance und die sichtbare Austrocknung, nicht auf einzelne Arten.",situs@0.8.0,situs
habitat_type,annex1:7130,de,description,"Ausgedehnte Moorlandschaften auf flachem bis sanft geneigtem Gelände mit schlechter Oberflächenentwässerung, beschränkt auf ozeanische Klimate mit sehr hohen Niederschlägen, vor allem West- und Nordbritannien sowie Irland, mit kleinen Vorposten an der Westküste Skandinaviens sowie in Frankreich, Portugal und Spanien. Trotz eines gewissen seitlichen Wasserflusses sind die Moore überwiegend ombrotroph, mit Sphagnum-Arten wie S. papillosum, S. compactum, S. rubellum und S. tenellum neben Calluna vulgaris, Eriophorum vaginatum, Molinia caerulea, Narthecium ossifragum und Trichophorum cespitosum. Zwei regionale Ausbildungen werden unterschieden: hyperozeanische Flächenmoore der Westküsten, stellenweise mit schleimigen Algenablagerungen, und Flächenmoore höherer Lagen weiter im Landesinneren. Die ausgedehnte, wellige Fläche schließt Kolke, Rieselstellen und Bulten im selben Komplex ein und bietet Brutplätze für Watvögel wie Pluvialis apricaria. Von Hochmooren unterscheidet sie die geneigte, flächenhafte Topographie statt des gewölbten Profils eines eigentlichen Hochmoors.",situs@0.8.0,situs
habitat_type,annex1:7140,de,description,"Torfbildende Vegetation oligotropher bis mesotropher Gewässer, im Charakter zwischen bodenwasserbeeinflussten Nieder- und regenwassergespeisten Hochmooren stehend, mit Gesellschaften von schwingenden Rasen und schwimmenden Decken bis zu eigentlichen Schwingrasenmooren. Dominant sind mittelgroße bis kleine Seggen wie Carex lasiocarpa, C. diandra, C. rostrata und C. limosa, dazu Sphagnum- und Braunmoosdecken, Menyanthes trifoliata, Scheuchzeria palustris und stellenweise die seltenen Orchideen Hammarbya paludosa und Liparis loeselii. Im Boreal umfasst der Typ auch minerotrophe Niedermoore außerhalb größerer Moorkomplexe sowie kleine Moore im Übergang zwischen offenem Wasser und mineralischem Boden. Die Vegetation gehört zu den Ordnungen Scheuchzerietalia palustris und Caricetalia fuscae. Der Typ reagiert empfindlich auf Entwässerung und auf Wasserstandsänderungen des angrenzenden Sees, die ihn zu trockenerer Niedermoorvegetation verschieben; von Hochmooren trennt ihn die minerotrophe Wasserversorgung, von offenem Wasser die torfbildende Schwimm- oder Schwingdecke.",situs@0.8.0,situs
habitat_type,annex1:7150,de,description,"Niedrigwüchsige, oft lückige Pioniervegetation offener, nasser Torfflächen und gelegentlich sandiger Standorte, beherrscht von Rhynchospora alba und R. fusca zusammen mit Drosera intermedia, D. rotundifolia und Lycopodiella inundata. Sie besiedelt kahle, wassergesättigte Torfoberflächen, die durch Erosion, Torfstich oder Vernässung auf Hochmooren freigelegt wurden, und tritt auch in frost- oder sickerwassererodierten Stellen von Feuchtheiden und Mooren sowie im Schwankungsbereich oligotropher Kleingewässer mit sandig-torfigem Grund auf. Die weißen Blütenköpfe von Rhynchospora alba und die beiden Sonnentauarten sind die sichersten Kennzeichen, denn die Vegetation bleibt stets offen und schließt sich nie zu einer geschlossenen Narbe. Da der Typ auf anhaltende Oberflächenstörung angewiesen ist, verschwindet er, sobald sich die Fläche stabilisiert und trockenere Moorvegetation aufkommt. Er steht den flachen Moorschlenken und den Übergangsmooren nahe; unterschieden wird er durch seinen offenen Pioniercharakter auf nacktem Torf statt einer geschlossenen Narbe.",situs@0.8.0,situs
habitat_type,annex1:7160,de,description,"Kalte, sauerstoff- und mineralreiche Grundwasseraustritte Fennoskandiens, entweder als eigentliche Quellen mit Quelltopf und Abfluss oder als Quellniedermoore, in denen das Wasser durch aufgewachsenen Torf nach oben tritt. Sie werden von tiefem Grundwasser gespeist, das auch im Winter weiterfließt, wenn die Umgebung gefroren und schneebedeckt ist, und kommen im Tief- und Hügelland Skandinaviens vor. Kennzeichnend sind eine eigene Flora und ein dichter Braunmoosteppich: Cardamine amara, Chrysosplenium-Arten, Carex paniculata und C. capillaris unter den Gefäßpflanzen sowie Bryum pseudotriquetrum, Bryum weigelii, Philonotis-Arten und Calliergon giganteum unter den Moosen; die Wirbellosenfauna ist diesem kalten Wasserregime oft eng angepasst. Der Typ hängt vollständig von der ununterbrochenen, frostfreien Grundwasserzufuhr ab und reagiert empfindlich auf Entwässerung oder eine Absenkung des Wasserspiegels. Er steht dem weiter gefassten kalkarmen Quellmoor nahe, unterscheidet sich davon durch seine fennoskandische Verbreitung und die ganzjährige Wasserführung.",situs@0.8.0,situs
habitat_type,annex1:7210,de,description,"Röhrichtartige Bestände des Schneidrieds Cladium mariscus, das Bulten in der Verlandungszone von Seen, auf Brachflächen oder als Sukzessionsstadium extensiv genutzter Feuchtwiesen bildet. Der Typ besetzt kalkreiche, dauerhaft oder saisonal wassergesättigte Standorte im Kontakt mit Niedermoorvegetation des Caricion davallianae oder mit Röhrichten des Phragmition. Im Gelände dominieren die hohen, scharfrandigen Blätter und der dichte, gleichförmige Wuchs von Cladium mariscus den Bestand unverkennbar; begleitend treten Niedermoorseggen und an manchen Küstenstandorten die salztolerante Kosteletzkya pentacarpos auf. Als prioritärer Lebensraumtyp entsteht er meist, wenn Stillgewässer verlanden oder die Pflege von Feuchtwiesen aufgegeben wird, und geht durch Entwässerung, Eutrophierung oder das Ende der leichten Mahd verloren, die manche Bestände früher produktiv hielt. Von den kalkreichen Niedermooren des Caricion davallianae unterscheidet ihn die Dominanz des hohen Cladium mariscus gegenüber dem niedrigen Seggen-Braunmoos-Teppich jener Niedermoore.",situs@0.8.0,situs
habitat_type,annex1:7230,de,description,"Torf- oder kalktuffbildende Kleinseggen- und Braunmoosmoore, gespeist von basenreichem, kalkhaltigem Grundwasser, mit einem Wasserstand an oder nahe der Oberfläche das ganze Jahr über. Der Typ reicht von soligenen oder topogenen Mooren des europäischen Tieflands bis zu alpinen Rieseln. Ein Braunmoosteppich aus Campylium stellatum, Palustriella commutata und Scorpidium revolvens begleitet Kleinseggen wie Carex davalliana, C. lepidocarpa, C. hostiana und C. panicea, Eleocharis quinqueflora sowie Schoenus nigricans und S. ferrugineus, dazu Epipactis palustris, Primula farinosa und mehrere Knabenkräuter der Gattung Dactylorhiza. Der Typ gehört zu den am stärksten zurückgegangenen Lebensräumen Europas, vor allem durch Entwässerung, Eutrophierung und den Wegfall der leichten Beweidung oder Mahd; regional geht er in Pfeifengraswiesen des Molinion über, kleine Bestände kommen in Dünentälern oder Übergangsmooren vor. Von den Schneidriedmooren (7210) trennt ihn die niedrige Physiognomie statt hochwüchsigen Röhrichts, von sauren Armmooren die kalkhaltige Wasserversorgung.",situs@0.8.0,situs
habitat_type,annex1:7240,de,description,"Niedrige, offene Pioniervegetation kleiner Carex- und Juncus-Arten auf kiesigem, sandigem oder steinigem Untergrund, der durch Schmelzwasser dauerhaft kalt und nass gehalten wird, in Moränen, an Quellrändern und entlang von Gletscherbächen der alpinen und subalpinen Stufe. Sie besetzt neutrale bis leicht saure Substrate der Alpen und angrenzender Gebirge sowie lokal Nordbritanniens und ist auf einen dauerhaften oder lang anhaltenden Bodenfrost angewiesen. Kennzeichnende Arten sind Carex atrofusca, C. bicolor, C. maritima, C. microglochin, Juncus triglumis, J. alpinoarticulatus und Kobresia simpliciuscula, die als verstreute, instabile Flecken auf offenem Boden statt als geschlossene Narbe wachsen. Als prioritärer Typ wird er durch die ständige Störung durch bewegtes Eiswasser und wiederholten Frost-Tau-Wechsel erhalten, die eine Torfbildung verhindern und die Vegetation dauerhaft im Pionierstadium halten. Er entspricht der weiter gefassten arktisch-alpinen kalkreichen Quellflurvegetation, ist aber enger begrenzt auf die alpinen Gebirge und deren Bodenfrostregime.",situs@0.8.0,situs
habitat_type,annex1:7320,de,description,"Moorkomplexe der nördlichen borealen und orohemiarktischen Zone, in denen Torfhügel, sogenannte Palsen, mit einem dauerhaft oder saisonal gefrorenen Kern zwei bis vier Meter, in Finnland und Schweden ausnahmsweise bis zu sieben Meter, über das umgebende minerotrophe Moor aufragen. Der Typ kommt vor, wo das Klima leicht kontinental geprägt ist und die mittlere Jahrestemperatur unter minus einem Grad liegt, vor allem im nördlichen Fennoskandien. Die kuppelförmigen Palsen mit ihrem sporadischen Permafrost heben sich deutlich vom umgebenden nassen Moor ab, das Arten wie Eriophorum russeolum, Carex saxatilis, Betula nana und Empetrum nigrum ssp. hermaphroditum sowie Flechten der Gattungen Cladonia und Cladina trägt. Als prioritärer Typ hängt er vollständig vom Fortbestand des Permafrosts ab; die anhaltende Klimaerwärmung lässt Palsen einstürzen und auftauen, weshalb dieser Typ eines der unmittelbarsten Klimasignale unter den Anhang-I-Typen liefert. Das umgebende permafrostfreie Moor selbst gehört nicht zum Typ; zu ihm zählen nur die gefrorenen Torfhügel und ihre unmittelbare Vegetation.",situs@0.8.0,situs
habitat_type,annex1:8110,de,description,"Lückig bewachsene Schutthalden aus beweglichem, grobem Silikatschutt, die von der oberen montanen Stufe bis zur Schneegrenze reichen. Zwei verwandte Ausbildungen gehören hierher: hochalpine kryoklastische Schuttfelder wechselnder Korngröße der Alpen und angrenzender Gebirge sowie, weiter nördlich und westlich, montane Schutthalden West- und Mitteleuropas, teils künstlichen Ursprungs aus Steinbrüchen. Alpine Bestände tragen Androsace alpina, Oxyria digyna, Geum reptans, Ranunculus glacialis und Linaria alpina, während die tieferen, oft farnreichen Bestände Cryptogramma crispa und Athyrium distentifolium neben Moosen und Flechten aufweisen. Die Vegetation bleibt offen, solange sich das Schuttmaterial ständig hangabwärts bewegt; verlangsamt sich die Bewegung, weicht die lückige Pioniervegetation geschlossener Vegetation. Von kalkhaltigen Schutthalden derselben Höhenstufe (8120) unterscheidet ihn das silikatische, basenarme Substrat und die entsprechend säureliebendere Flora.",situs@0.8.0,situs
habitat_type,annex1:8120,de,description,"Schutthalden aus Kalk, Kalkschiefer oder Mergel, die sich von der montanen bis zur alpinen Stufe unter kaltem Klima erstrecken und von drei verwandten Pioniergesellschaften besiedelt werden. Der Typ besetzt kalte, instabile Schutthänge der Alpen und angrenzender Hochgebirge. Das Drabion hoppeanae der Kalkschieferschutthalden trägt Draba hoppeana und Saxifraga biflora, das Thlaspion rotundifolii der Kalkschutthalden Thlaspi rotundifolium, Hutchinsia alpina und Papaver rhaeticum, und das Petasition paradoxi der Mergelschutthalden Petasites paradoxus und Gypsophila repens. Die Vegetationsdeckung bleibt lückig und offen, solange der Schutt in Bewegung ist, und schließt sich erst, wenn der Hang zur Ruhe kommt und sich feineres Substrat ansammelt. Von der tiefer gelegenen mitteleuropäischen Kalkschutthalde (8160) unterscheidet ihn seine höhere, alpine bis subalpine Lage, von der Silikatschutthalde (8110) sein kalkhaltiges Substrat und die entsprechend basenliebende Flora.",situs@0.8.0,situs
habitat_type,annex1:8130,de,description,"Schutthalden warmer, besonnter Hänge mit mehreren verwandten Ausbildungen in den Alpen, den Pyrenäen, den Mittelmeergebirgen und lokal warmen Lagen Mitteleuropas. Der Typ besetzt kalk- oder silikathaltigen Grobschutt an unstabilisierten, sonnigen Hängen vom mediterranen Tiefland bis in alpine Höhen. Peri-alpine Bestände tragen Achnatherum calamagrostis und Gymnocarpium robertianum, provenzalische Schutthalden Centranthus ruber und Crucianella latifolia, pyrenäische Bestände Iberis spathulata und Saxifraga praetermissa, und die Schutthalden der Sierra Nevada sind reich an lokalen Endemiten. Wie bei anderen Schutthaldentypen hängt die Vegetation von anhaltender Substratbeweglichkeit durch Steinschlag und Frostsprengung ab; stabilisiert sich der Hang, dringen Gebüsch und Wald vor. Das Interpretationshandbuch trennt diesen Typ ausdrücklich vom prioritären mitteleuropäischen Kalkschutt (8160), da beide verwandte, aber unterschiedliche geografische und klimatische Räume besetzen und im Gelände leicht verwechselt werden.",situs@0.8.0,situs
habitat_type,annex1:8140,de,description,"Kalk- und Serpentinschutthalden der Balkanhalbinsel und der größeren Inseln des östlichen Mittelmeers mit Vegetation der Drypidetalia spinosae. Die Kalkausbildung besetzt höhere griechische Gebirge wie Pindos, Olymp, Parnass und Taygetos, eine seltenere Serpentinform beschränkt sich auf Aufschlüsse des Pindos, und die illyrischen Schutthalden besetzen die alpine bis montane Stufe der dinarischen, pelagonischen und mösischen Gebirge sowie das Küstengebiet Kroatiens und Montenegros. Drypis spinosa und Aethionema saxatile kennzeichnen die griechischen Kalkschutthalden, Campanula hawkinsoniana und Silene haussknechtii die Serpentinform, und Peltaria alliacea die illyrischen Schutthalden. Wie bei anderen Schutthaldentypen hängt die Offenheit der Vegetation von anhaltender Substratbewegung durch Steinschlag und Frostsprengung ab. Die Serpentinausbildung ist floristisch eigenständig und deutlich seltener als die umgebende Kalkschutthalde, und der gesamte Typ wird von den alpinen Kalkschutthaldentypen durch seine Verbreitung auf dem Balkan und im östlichen Mittelmeerraum getrennt.",situs@0.8.0,situs
habitat_type,annex1:8150,de,description,"Silikatschutthalden der Hügellagen West- und Mitteleuropas, oft verarmte Abwandlungen alpiner Schuttvegetation und häufig aus Steinbruchtätigkeit hervorgegangen. Der Typ besetzt Silikathänge des Berglands unterhalb der eigentlichen montanen Stufe. Epilobium collinum, Galeopsis segetum, Senecio viscosus und Anarrhinum bellidifolium begleiten eine moos- und flechtenreiche Decke, zu der sich Cryptogramma crispa gesellt, wo Farnwuchs möglich ist. Viele Bestände sind sekundären, aus Steinbrüchen stammenden Ursprungs, und die Vegetation bleibt dünn und offen, solange die Oberfläche beweglich bleibt. Von der höher gelegenen Silikatschutthalde der montanen bis nivalen Stufe (8110) unterscheidet ihn die tiefere Lage im Bergland und die floristisch ärmere, oft künstlichere Ausprägung.",situs@0.8.0,situs
habitat_type,annex1:8160,de,description,"Kalk- oder Mergelschutthalden der Hügel- bis montanen Stufe, lokal bis in die subalpine und alpine Stufe reichend, oft an trockenwarmen Standorten, mit Vegetation der Stipetalia calamagrostis. Der Typ besetzt das Hügel- und Berggebiet Mitteleuropas. Achnatherum calamagrostis, Gymnocarpium robertianum, Galeopsis angustifolia, Petasites paradoxus und Rumex scutatus kennzeichnen die offene Schuttdecke. Als prioritärer Typ bleibt er durch anhaltenden Steinschlag und Hangkriechen offen; stabilisiert sich der Schutt, siedeln sich Gebüsch und schließlich Wald an. Das Interpretationshandbuch trennt diesen prioritären Typ ausdrücklich von der nicht prioritären thermophilen Schutthalde des westlichen Mittelmeerraums (8130), da beide verwandte, aber geografisch und klimatisch unterschiedliche Räume besetzen.",situs@0.8.0,situs
habitat_type,annex1:8210,de,description,"Vegetation in den Felsspalten von Kalkfelsen, die vom Mittelmeerraum über das eurosibirische Gebiet bis in alpine Höhen reicht und vor allem den Potentilletalia caulescentis und den Asplenietalia glandulosi zugehört. Sie besetzt senkrechte oder steil geneigte Kalkfelswände aller Höhenstufen; unterschieden werden zwei Stufen, eine thermo- und mesomediterrane Ausbildung mit Campanula versicolor und C. rupestris sowie eine montane bis oromediterrane Ausbildung, zu der die auf den Balkan beschränkte Gattung Ramonda gehört. Farne und Hemikryptophyten in den Spalten, etwa Asplenium-Arten, Cystopteris fragilis und Draba aizoides in beschatteten beziehungsweise xerophilen Ausbildungen, verleihen dem Typ durch lokale Endemiten eine große regionale Vielfalt. Der Lebensraum ist stabil und wandelt sich nur langsam, gesteuert von Gesteinschemie und Exposition statt von Nutzung, und ist kaum gefährdet außer durch Steinbrüche oder Kletterdruck. Von der silikatischen Felsspaltenvegetation (8220) trennt ihn allein die kalkhaltige Gesteinschemie und die kalkliebende Flora.",situs@0.8.0,situs
habitat_type,annex1:8220,de,description,"Vegetation der Felsspalten silikatischer Inlandfelsen, die sich über Europa in zahlreiche regionale Ausbildungen aufgliedert. Der Typ besetzt Silikatfelswände von den Pyrenäen und Alpen über die herzynischen Gebirge bis zu den iberischen Gebirgen. Hochalpine Bestände tragen Androsace vandellii, Saxifraga retusa und Eritrichium nanum, herzynische Serpentinfelsen eigene Spezialisten wie Asplenium cuneifolium und A. adulterinum, und ozeanisch geprägte Tieflandbestände Asplenium septentrionale und A. billotii. Der Lebensraum ist ebenso stabil wie sein kalkhaltiges Gegenstück und wird von Gesteinschemie, Exposition und langsamer Verwitterung statt von Nutzung bestimmt. Von der kalkhaltigen Felsspaltenvegetation (8210) unterscheidet ihn das silikatische, oft serpentinitische Substrat und seine eigene, säureliebendere oder serpentintolerante Flora; Serpentinbestände tragen insbesondere eine sehr spezifische Gruppe von Asplenium-Arten, die auf gewöhnlichem Silikatgestein fehlt.",situs@0.8.0,situs
habitat_type,annex1:8230,de,description,"Offene Pioniervegetation flachgründiger Böden auf Silikatfelsflächen, beherrscht von sukkulenten Crassulaceae, Moosen und Flechten unter Trockenstress. Der Typ besetzt Felsaufschlüsse und dünne, skelettreiche Böden auf silikatischem Ausgangsgestein, meist in geringer bis mittlerer Höhenlage. Das Sedo-Scleranthion trägt Sempervivum-Arten, Sedum annuum und Silene rupestris, das Sedo albi-Veronicion dillenii Veronica dillenii, V. verna und Gagea-Arten, und beide Verbände teilen Sedum acre, S. album und Scleranthus perennis sowie die Moose Polytrichum piliferum und Ceratodon purpureus. Es handelt sich um eine von Natur aus offene, trockenheitsbedingte Pioniergesellschaft, die bestehen bleibt, solange der Boden zu dünn und trocken für eine geschlossene Grasnarbe ist. Sie geht in die weiter gefasste EUNIS-Kategorie kryptogamen- und annuellendominierter Vegetation auf Silikatfelsaufschlüssen über, von der sie nur den Anteil des Sedo-Scleranthion und des Sedo albi-Veronicion dillenii bildet.",situs@0.8.0,situs
habitat_type,annex1:8240,de,description,"Karstlandschaften aus regelmäßigen Kalksteinblöcken, den Clints, getrennt durch ein Netz senkrechter Spalten, der Grykes, deren Felsoberfläche größtenteils ohne auflagernden Boden bleibt. Der Typ besetzt eiszeitlich erodierte, verwitterte Kalksteinterrassen, vor allem in Großbritannien und Irland, sowie kontinentaler mit größeren Blöcken und kleineren Spalten in Schweden. Die Spalten bieten ein kühles, feuchtes Mikroklima mit Arten wie Geranium robertianum und Ceterach officinarum, dünne Bodentaschen tragen Halbtrockenrasen des Mesobromion, und Dryas octopetala überlebt unter Beweidung und Wind als niederliegender Wuchs; irische Bestände tragen zusätzlich Gentiana verna und im Burren die Orchidee Neotinea maculata. Als prioritärer Typ wird das feinkörnige Mosaik durch Beweidung erhalten, die Gehölzaufwuchs unterdrückt; bei Nutzungsaufgabe breiten sich Gebüsche wie das Corylo-Fraxinetum aus. Sein Mosaikcharakter führt dazu, dass das Felspflaster lokal in Kalkmagerrasen, Gebüsch und Wald übergeht, von denen es sich durch die nackte Felsstruktur mit Spalten abgrenzt.",situs@0.8.0,situs
habitat_type,annex1:8310,de,description,"Unterirdische Hohlräume ohne öffentlichen Zugang, einschließlich ihrer Gewässer und Bäche, die spezialisierte oder stark endemische Arten beherbergen oder für die Erhaltung von Anhang-II-Arten wie Fledermäusen und Amphibien bedeutsam sind. Der Typ kommt vor, wo sich in Karstgebieten Europas Höhlensysteme entwickelt haben. Die Vegetation beschränkt sich auf Moose wie Schistostega pennata und Algenrasen am Eingang; der diagnostische Wert liegt vor allem in der Fauna, einer stark endemischen Gemeinschaft höhlenbewohnender Wirbelloser, namentlich Käfern der Unterfamilien Bathysciinae und Trechinae, sowie im Höhlenwasser Krebstieren wie Isopoda, Amphipoda und Copepoda, dazu seltenen Amphibien wie Proteus anguinus und Arten der Gattung Speleomantes; Höhlen dienen zudem vielen europäischen Fledermausarten als Überwinterungsquartier. Der Typ wird durch die Konstanz des unterirdischen Milieus definiert, nicht durch Sukzession, und Störung durch Besucher gefährdet die spezialisierte Fauna. Er ist auf nicht touristisch erschlossene Höhlen beschränkt.",situs@0.8.0,situs
habitat_type,annex1:8320,de,description,"Spärlich bewachsene bis vegetationsfreie Flächen auf den Produkten jüngerer vulkanischer Tätigkeit: Lavaströme, Asche und Lapillifelder, Fumarolen sowie die hohlen Basaltröhren, die beim Erkalten von Lavaströmen entstehen. Bekannt von den aktiven Vulkanen Teneriffas, La Palmas und des Ätna. Die Deckung reicht von fehlend bis äußerst locker; Flechten wie Stereocaulon vesubianum und einzelne Gefäßpflanzen besiedeln als Erste den nackten Fels. Oberhalb von etwa 3000 Metern am Teide besetzt eine eigenständige Gipfelgesellschaft aus Viola cheiranthifolia mit Silene nocteolens und Argyranthemum teneriffae die jüngste Asche; am Ätna-Gipfel findet sich eine eigene Ausbildung. Die Lavaröhre La Corona auf Lanzarote beherbergt eine lichtlose Fauna mit dem endemischen Zehnfußkrebs Munidopsis polymorpha und mehreren Speleonectes-Arten. Fumarolen tragen eigene, hitzeangepasste Artengemeinschaften. Der Typ wird über das Substratalter definiert, nicht über eine charakteristische Pflanzendecke; sobald sich Boden gebildet hat, gehören geschlossene Vegetation und die Igelheiden der Kanaren zu eigenen, späteren Sukzessionstypen.",situs@0.8.0,situs
habitat_type,annex1:8340,de,description,"Dauerhafte Eiskörper der Hochgebirge und des hohen Nordens: echte Gletscher, die aus verdichtetem Schnee entstehen und unter dem Einfluss der Schwerkraft langsam talwärts fließen, sowie Blockgletscher, in denen Eis mit grobem Schutt vermischt ist. Die Formen reichen von topographisch ungebundenen Eiskappen und Eisschilden arktischer Gebiete über kar-, tal- und fußflächengebundene Gletscher der großen Gebirgsketten bis zu kleinen, kurzlebigen Firnflecken aus Lawinenschnee oder Eisbildung in kalten Karstdolinen. Vegetation fehlt definitionsgemäß; der Typ wird über die Dauerhaftigkeit des Eises abgegrenzt, nicht über einen Bewuchs. Fließunfähige, liegen bleibende Schneeflecken gehören zum eigenständigen Typ der Schneedecke, und die eisfrei gewordene Moräne nach dem Rückzug eines Gletschers bildet bis zur Wiederbesiedlung einen eigenen Typ. Die Unterscheidung von echtem Gletscher und Blockgletscher im Gelände richtet sich nach dem Anteil sichtbaren Eises an der Schuttbedeckung.",situs@0.8.0,situs
habitat_type,annex1:9010,de,description,"Natürliche Altwälder der borealen Zone, je nach Standort von Pinus sylvestris, Picea abies oder einer Mischung beider mit Birke beherrscht, sowie die nach Waldbrand natürlich aufkommenden Jungbestände. Altbestände weisen einen hohen Totholzanteil, eine große Spanne an Baumaltern und ein stabiles Bestandsklima auf, Merkmale, die intensive Forstwirtschaft in Fennoskandien fast überall beseitigt hat; heute finden sie sich vor allem im Osten und Norden Finnlands sowie in Nordschweden. Feld- und Bodenschicht werden von Vaccinium myrtillus, V. vitis-idaea und Empetrum nigrum über den Moosen Pleurozium schreberi und Hylocomium splendens sowie Cladonia-Flechten beherrscht. Totholzspezialisten weisen den Typ aus: die Flechte Lobaria pulmonaria, Porlingspilze wie Fomitopsis populicola, der Käfer Tragosoma depsarium sowie Vögel wie der Dreizehenspecht Picoides tridactylus und der Unglückshäher Perisoreus infaustus. Brandbekämpfung und Forstwirtschaft haben Altbestände und ihre Brandfolgestadien sehr selten gemacht, sodass heutige Reste eher Rückzugsräume für Rote-Liste-Arten sind als ein Ausschnitt des früheren Borealwalds.",situs@0.8.0,situs
habitat_type,annex1:9020,de,description,"Alte, natürliche hemiboreale Laubwälder, die in Fennoskandien den Übergang von der westlichen Taiga zu den nemoralen Wäldern bilden, beherrscht von Quercus robur, Ulmus glabra, Fraxinus excelsior, Tilia cordata oder Acer platanoides. Die Bestände weisen eine lange Waldkontinuität und einen hohen Totholzanteil auf, Bedingungen, die eine außergewöhnlich reiche Flora epiphytischer Flechten und Moose tragen: Lobaria pulmonaria, das Moos Antitrichia curtipendula sowie Homalia trichomanoides und Arten der Gattungen Orthotrichum und Porella an Stämmen und Ästen. Viele Bestände wurden früher beweidet oder gemäht, was das Kronendach offen hielt, ohne den Laubwaldcharakter zu beseitigen. Im Gelände unterscheidet ihn diese Epiphytenfracht sowie das lange Fehlen von Kahlschlägen von gewöhnlichem hemiborealem Mischwald, da die Epiphyten Jahrzehnte bis Jahrhunderte zum Aufbau brauchen. Der weiter gefasste EUNIS-Typ der mesophilen Hainbuchen-Eichenwälder deckt ein viel größeres Gebiet ab als dieser eng gefasste, epiphytenreiche fennoskandische Typ.",situs@0.8.0,situs
habitat_type,annex1:9030,de,description,"Natürlicher Waldaufwuchs auf den Landhebungsküsten der Ostsee, wo die zurückweichende Uferlinie fortlaufend neuen Grund für eine Primärsukzession freigibt. Die Bodenhorizonte sind schwach entwickelt, anders als die sonst für Borealwald typischen Podsole, und die Vegetation durchläuft eine vollständige Sukzessionsreihe von Strandrasen über Pioniergebüsch bis zum Klimaxwald oder, auf feuchterem Grund, über Weidenbruch und Waldbruch bis zum Moor. Die jüngsten, meerseitig gelegenen Bestände sind krautreiche Laubgebüsche und Brüche aus Erle und Birke mit reichlich Weiden in der Strauchschicht und einer grasreichen Feldschicht; weiter landeinwärts, mit nachlassendem Meereseinfluss und ärmer werdenden Böden, übernehmen Kiefer und oft Fichte das Kronendach, darunter Zwergsträucher und am Boden Moose oder Flechten. Da jeder Bestand eine Momentaufnahme einer laufenden Sukzession und kein stabiler Endpunkt ist, richtet sich die Abgrenzung im Gelände nach der Lage zur zurückweichenden Uferlinie und nach dem Sukzessionsstadium, nicht nach einer einzelnen kennzeichnenden Baumschicht.",situs@0.8.0,situs
habitat_type,annex1:9040,de,description,"Gebirgsbirkenwälder des subalpinen Gürtels der skandinavischen Fjällkette sowie isolierter nordfennoskandischer Fjelle und subarktischer Hochländer, beherrscht von Betula pubescens ssp. czerepanovii, häufig als einzige Baumart am Übergang zur waldfreien Tundra. Zwei ökologische Pole werden unterschieden: arme Ausbildungen auf nährstoffschwachem Grund mit einer Feldschicht aus Empetrum hermaphroditum, Vaccinium myrtillus und Flechten der Gattung Cladonia über Moosen wie Pleurozium schreberi und Hylocomium splendens, sowie reiche Ausbildungen auf fruchtbareren, oft basenbeeinflussten Böden mit Hochstauden wie Geranium sylvaticum, Trollius europaeus, Cicerbita alpina und Aconitum lycoctonum. Der Typ besetzt den Gürtel unmittelbar unterhalb der waldfreien Fjellgipfel und unmittelbar oberhalb des borealen Nadelwalds, sodass seine obere und untere Grenze, nicht eine einzelne Zeigerart, ihn von alpiner Zwergstrauchheide oberhalb und von Birken- oder Kiefernwald der Taiga unterhalb trennen.",situs@0.8.0,situs
habitat_type,annex1:9050,de,description,"Krautreiche Fichtenwälder Fennoskandiens, entwickelt auf Braunerden mit Mullhumus in tiefer gelegenem Gelände, Schluchten und Hängen mit feinem Sediment und günstigem Wasserhaushalt. Die Sukzession führt zur Dominanz von Picea abies, wobei Laubbäume häufig einen bedeutenden Anteil behalten. Der Typ ist deutlich geschichtet, mit einer ungleichmäßigen Moosdecke, einer von Hochstauden und Farnen beherrschten Feldschicht sowie gut entwickelten Strauch- und Baumschichten; trockene, frische und feuchte Gras-Kraut-Wälder sind die Hauptausbildungen, wobei sich die Artenzusammensetzung zwischen dem Norden, Süden und Westen Fennoskandiens stark unterscheidet. Kennzeichnende Kräuter sind Actaea spicata, Paris quadrifolia, Matteuccia struthiopteris sowie die Orchideen Cypripedium calceolus und Calypso bulbosa; tritt Grundwasser nahe der Oberfläche zutage, kann eine feuchte Waldflora mit Epipogium aphyllum hinzukommen. Die krautreiche, farnbetonte Feldschicht unterscheidet den Typ im Gelände von der zwergstrauch- und flechtenbeherrschten dunklen Taiga.",situs@0.8.0,situs
habitat_type,annex1:9060,de,description,"Nadelwald auf oder unmittelbar neben fluvioglazialen Esker-Rücken, den sortierten Kies- und Sandwällen, die Schmelzwasser unter zurückweichenden Eisschilden hinterlassen hat und die mehr als zwanzig Meter über das umgebende Gelände aufragen können. Pinus sylvestris besetzt typischerweise den besonnten Kamm, Picea abies die Hänge, mit einer gewissen Beimischung von Laubbäumen. Exposition und Hangneigung bestimmen ein Mikroklima, das deutlich stärker variiert als im umgebenden ebenen Wald, sodass besonnte Hänge eine vergleichsweise artenreiche Flora mit zahlreichen Leguminosen und sogar einigen östlichen Steppenelementen tragen, darunter Astragalus alpinus, Oxytropis campestris, Anthyllis vulneraria subsp. fennica sowie die Kuhschellen Pulsatilla patens und P. vernalis neben Dianthus arenarius. Im Gelände ist die Esker-Landform selbst, nicht das Baumkronendach, das erkennende Merkmal, da dieselben Pinus-sylvestris-Bestände auf ebenem Gelände zum gewöhnlichen temperaten oder lichten Taigakiefernwald gehören.",situs@0.8.0,situs
habitat_type,annex1:9070,de,description,"Offenes Landschaftsmosaik aus verstreuten Bäumen oder kleinen Baumgruppen über Grasland, durch lange Beweidungskontinuität und nicht durch eine bestimmte Bodenbedingung in diesem Zustand gehalten. Die Baumschicht ist laubholzgeprägt, meist Quercus robur, Fraxinus excelsior, Tilia cordata, Betula-Arten oder Alnus incana, oder nadelholzgeprägt mit Picea abies oder Pinus sylvestris; in Schweden sind alte, mächtige Hutebäume aus Eiche ein besonderes Merkmal, deren Rinde und Mulmholz eine reiche Gemeinschaft gefährdeter Flechten, Pilze und wirbelloser Tiere trägt. In Finnland gehören auch Laubwälder dazu, die nach historischer Brandrodungswirtschaft entstanden sind. Die regionale Variation ist beträchtlich, von birken-, kiefern- oder erlengeprägten Weiden im borealen Norden bis zu eichen-, eschen- und haselgeprägten Ausbildungen im hemiborealen Süden. Krautschichtzeiger wie Antennaria dioica, Campanula persicifolia und Succisa pratensis verweisen auf die anhaltende Beweidung, von der der Typ abhängt; bleibt sie aus, ersetzt Wald das Weidemosaik binnen weniger Jahrzehnte.",situs@0.8.0,situs
habitat_type,annex1:9080,de,description,"Laubholzbruchwald unter dauerhaftem Einfluss von Oberflächenwasser, in der Regel jährlich überflutet, feucht bis nass, mit ansetzender Torfbildung, wobei die Torfschicht dünn bleibt. Fraxinus excelsior in der hemiborealen Zone und die bis in die mittelboreale Zone reichende Alnus glutinosa sind die kennzeichnenden Bäume, hinzu kommen Alnus incana, Betula pubescens und Weiden. Kennzeichnend für die Struktur ist ein Mosaik aus kleinen Bülten um die Stammfüße vor überwiegend überfluteten Flächen. Der Typ ist im südwestlichen finnischen Schärenmeer und anderen finnischen Küstengebieten am häufigsten, im finnischen Binnenland selten, in Schweden dagegen landesweit verbreitet. Kennzeichnende Kräuter des überfluteten Grundes sind Carex elongata, C. diandra, Calla palustris, Thelypteris palustris und Lysimachia thyrsiflora über Moosen wie Calliergon cordifolium. Im Gelände trennen der dauernasse, bültige Grund und das Erlen- oder Eschenkronendach den Typ von trockenerem Laubwald und von baumfreiem Niedermoor.",situs@0.8.0,situs
habitat_type,annex1:9110,de,description,"Bodensaurer Buchenwald der mitteleuropäischen Tief- und Hügellagen, in tieferen Lagen allein von Fagus sylvatica beherrscht, in den höheren Gebirgen unter Beteiligung von Abies alba oder von Abies alba und Picea abies zugleich. Die Böden sind sauer, und die Feldschicht spiegelt dies wider: Luzula luzuloides, Deschampsia flexuosa, Calamagrostis villosa, Vaccinium myrtillus und Pteridium aquilinum über dem Moos Polytrichum formosum, eine im Vergleich zu Buchenwäldern reicherer Böden lückige und artenarme Schicht. Zwei Höhenstufen werden unterschieden, eine kolline Ausbildung der kleineren herzynischen Gebirge und des Alpenrands, oft mit Quercus petraea gemischt, sowie eine montane bis hochmontane Ausbildung der großen herzynischen Gebirge, der Alpen und der Karpaten. Die Abgrenzung von den neutrophilen Buchenwäldern der Typen 9130 und 9140 stützt sich auf diese saure, artenarme Feldschicht; wo in höheren Lagen Tanne oder Fichte mitherrschend werden, verläuft die Grenze zum montanen Nadelwald über die Bestockung, nicht über die kaum veränderte Krautschicht.",situs@0.8.0,situs
habitat_type,annex1:9120,de,description,"Bodensaurer Buchenwald der atlantischen Tief- bis Berglagen, von anderem saurem Buchenwald durch Ilex aquifolium und, in den ozeanischsten Gebieten, zusätzlich Taxus baccata in der Strauchschicht unterschieden. Die Böden sind saure Braunerden, verlehmt oder zu Podsol tendierend, mit Moder- bis Rohhumus, unter humidem atlantischem Klima. Drei Ausbildungen werden unterschieden: subatlantischer Buchen-Eichenwald der Tief- und Hügellagen mit Ilex aquifolium; hyperatlantischer Buchen-Eichenwald derselben Stufe mit Ilex und Taxus zugleich und epiphytenreichem Kronendach; sowie montaner reiner Buchenwald oder bodensaurer Buchen-Tannenwald mit Ilex, der auf die Feldschicht beschränkt bleibt. Begleitarten sind Ruscus aculeatus, Deschampsia flexuosa, Vaccinium myrtillus, Teucrium scorodonia und Holcus mollis. Im Gelände trennt das Vorkommen von Ilex, stellenweise auch Taxus, im Unterwuchs diesen Typ vom sonst ähnlichen Hainsimsen-Buchenwald des Typs 9110, dem beide fehlen.",situs@0.8.0,situs
habitat_type,annex1:9130,de,description,"Buchenwald neutraler bis annähernd neutraler Böden mit mildem Mullhumus, verbreitet im mitteleuropäischen und atlantischen Bereich Westeuropas und Mitteleuropas, allein von Fagus sylvatica beherrscht oder, in den höheren Gebirgen, zusammen mit Abies alba oder Picea abies. Die Krautschicht ist deutlich reicher und dichter als in den sauren Buchenwäldern der Typen 9110 und 9120, mit starkem Auftreten von Anemone nemorosa, Lamium galeobdolon, Galium odoratum, Melica uniflora und, in den Gebirgen, Dentaria-Arten. Regionale Ausbildungen sind eine kolline Form des herzynischen Bogens und seines Umfelds, eine atlantische Form mit Hyacinthoides non-scripta in Südengland und dem angrenzenden Frankreich, eine montane Form des Juras, der Alpen und der Westkarpaten, eine kalkreiche böhmische Form sowie eine pannonische Form am Westrand der pannonischen Ebene. Im Gelände trennen die reichlichen Frühjahrsgeophyten und der Mullhumus statt Moder diesen Typ von den sauren Buchenwäldern, während eine montane Nadelholzbeimischung den Übergang zu den Typen 9140 und 9150 anzeigt.",situs@0.8.0,situs
habitat_type,annex1:9140,de,description,"Buchenwald nahe der oberen Baumgrenze in Mittelgebirgen mit ozeanischem Klima Westeuropas sowie des mittleren und nördlichen Mitteleuropas, gebildet aus niedrigwüchsiger, tiefästiger Fagus sylvatica mit starker Beimischung von Acer pseudoplatanus. Die Krautschicht ähnelt der der neutrophilen Buchenwälder des Typs 9130 oder örtlich der bodensauren Wälder des Typs 9110, ist aber mit Elementen der angrenzenden offenen subalpinen Rasen angereichert, darunter Rumex arifolius. Die Bestände sind aufgrund der Exposition und der kurzen Vegetationszeit von Natur aus niedrigwüchsig und lückig bestockt, nicht infolge einer Nutzung. Im Gelände unterscheiden die Lage an der Baumgrenze, der niedrige, krummschäftige Wuchs und der reichliche Bergahorn diesen Typ vom geschlossenen, hochwüchsigen Buchenwald der darunterliegenden montanen Stufe und von der baumfreien subalpinen Rasenvegetation darüber.",situs@0.8.0,situs
habitat_type,annex1:9150,de,description,"Xerothermer Buchenwald auf flachgründigen Kalkböden steiler Hangzonen im mitteleuropäischen und atlantischen Bereich Westeuropas und Mitteleuropas. Ligustrum vulgare und Berberis vulgaris bereichern typischerweise die Strauchschicht, stellenweise kann Buxus sempervirens sie beherrschen, während die Krautschicht Seggen (Carex digitata, C. flacca, C. montana, C. alba), die Gräser Sesleria albicans und Brachypodium pinnatum sowie Orchideen der Gattung Cephalanthera zusammen mit Neottia nidus-avis, Epipactis leptochila und E. microphylla trägt, Elemente, die aus dem angrenzenden wärmeliebenden Eichenwald übergreifen. Eine Trockenhangform auf reduzierter Wasserverfügbarkeit ist die mitteleuropäische Hauptausbildung; eine verwandte xerophile Buchenform findet sich auf oberflächlich trockenem Kalkgestein der Cordillera Cantabrica im Nordwesten Iberiens. Im Gelände trennt dieser orchideen- und seggenreiche Unterwuchs auf flachgründigem, rendzinaartigem Boden den Typ vom krautarmen Buchenwald tiefgründiger neutraler Böden.",situs@0.8.0,situs
habitat_type,annex1:9160,de,description,"Eichen- oder Eichen-Hainbuchenwald hydromorpher Böden oder Standorte mit dauerhaft hohem Grundwasserstand, in Talböden, Senken und am Rand von Auenwäldern auf schluffig-tonigen Kolluvien oder basenreichem Verwitterungsmaterial. Quercus robur herrscht allein oder mit Quercus petraea, gemischte Bestände treten mit Carpinus betulus und Tilia cordata hinzu, über einer Feldschicht aus Stellaria holostea, Carex brizoides, Poa chaixii und Potentilla sterilis. Hyacinthoides non-scripta, kennzeichnend für die weiter westlich gelegenen atlantischen Eichen-Hainbuchenwälder, fehlt hier oder tritt nur selten auf. Die Verbreitung erstreckt sich über den subatlantischen und mitteleuropäischen Teil des Verbreitungsgebiets des Carpinion betuli. Im Gelände trennen der feuchte bis zeitweise staunasse Standort und das nahezu fehlende Hasenglöckchen diesen Typ vom trockeneren, besser dränierten Eichen-Hainbuchenwald des Typs 9170 sowie vom eigentlichen Auenwald näher am offenen Wasser.",situs@0.8.0,situs
habitat_type,annex1:9170,de,description,"Eichen-Hainbuchenwald des subkontinentalen Klimabereichs innerhalb des Verbreitungsgebiets von Fagus sylvatica, beherrscht von Quercus petraea mit Carpinus betulus, zusammen mit dem verwandten, weiter östlich gelegenen Linden-Eichenwald jenseits des Buchenareals unter vollkontinentalem Klima. Begleitarten der westlichen Ausbildung sind Sorbus torminalis, S. domestica, Acer campestre, Ligustrum vulgare und Convallaria majalis über Seggen wie Carex montana und C. umbrosa; die östliche Ausbildung führt zusätzlich Tilia cordata und Acer platanoides im Eichen-Hainbuchen-Kronendach. Beide Ausbildungen besetzen besser dränierte, trockenere Standorte als der hydromorphe Eichen-Hainbuchenwald des Typs 9160 und ihnen fehlt die mullreiche, von Frühjahrsgeophyten geprägte Krautschicht der neutrophilen Buchenwälder des Typs 9130. Im Gelände trennt die Kombination aus Quercus petraea und Carpinus betulus auf gut dränierten, subkontinentalen bis kontinentalen Standorten diesen Typ von beiden.",situs@0.8.0,situs
habitat_type,annex1:9180,de,description,"Gemischte Wälder aus Sekundärbaumarten, Acer pseudoplatanus, Fraxinus excelsior, Ulmus glabra und Tilia cordata, auf grobem Schutt, steilen Felshängen und Hangschuttböden, überwiegend auf kalkreichem, auch silikatischem Untergrund. Zwei Unterverbände werden unterschieden: das kühl-feuchte Lunario-Acerenion, von Acer pseudoplatanus beherrscht, und das trockenere, wärmeliebende Tilio-Acerenion der Schutthalden mit Tilia cordata und T. platyphyllos. Die Standorte sind steil und instabil, mit ständiger Substratbewegung, die den Konkurrenzdruck durch Buche und andere zonale Baumarten gering hält. In der Krautschicht stehen Lunaria rediviva, Mercurialis perennis, Actaea spicata und Asplenium scolopendrium, auf stabilerem Grund auch Lamium galeobdolon und Galium odoratum. Der Typ besetzt kleine, fest umrissene Flächen und verändert sich kaum; Gefährdungen gehen von Steinbruchbetrieb und Hangsicherung aus, nicht von Sukzession. Von den Eichen-Hainbuchenwäldern des Carpinion trennt ihn die Bindung an Schutt und Fels statt an ebenes Gelände.",situs@0.8.0,situs
habitat_type,annex1:9190,de,description,"Alte, strukturell einfache Eichenwälder mit Quercus robur als Hauptbaumart, häufig mit Betula pendula und B. pubescens sowie vereinzelt Sorbus aucuparia und Populus tremula, auf sehr nährstoffarmen, sandigen oder moränischen, podsolierten oder stellenweise vernässten Böden der nordeuropäischen und baltischen Tieflandsebenen. Die Strauchschicht ist schwach ausgeprägt, mit Frangula alnus als wichtigstem Bestandteil; die Bodenschicht bilden Deschampsia flexuosa und andere Säurezeiger, stellenweise Molinia caerulea, oft von Adlerfarn überwuchert. Die Bestände entsprechen Querco-Betuletum, Molino-Quercetum und Trientalo-Quercetum roboris im Norden sowie weiter südlich, auf Podsolen mit Quercus pyrenaica oder Hybrideichen, dem Peucedano-Quercetum roboris. Nicht Nutzung, sondern extreme Nährstoffarmut hält diese Wälder licht und wuchsschwach; Entwässerung und Nadelholzforste sind die Hauptgefährdungen. Vom nährstoffreicheren Eichen-Hainbuchen- und Buchen-Eichenwald trennt ihn der saure, sandige Untergrund und die artenarme Bodenvegetation.",situs@0.8.0,situs
habitat_type,annex1:91A0,de,description,"Bodensaure Eichenwälder mit Quercus petraea, niedrigwüchsig, oft mehrstämmig, mit reicher Deckung aus Farnen, Moosen, Flechten und immergrünen Sträuchern, beschränkt auf die Britischen Inseln. Zwei regionale Ausbildungen werden unterschieden: die irischen Traubeneichenwälder, besonders reich an immergrünen Sträuchern einschließlich Arbutus unedo, und die britischen Traubeneichenwälder Westbritanniens, vor allem Schottland, Wales sowie Nord- und Südwestengland. Die Bestände wachsen auf sauren, basenarmen Böden im ozeanischen Klima der Atlantikküste, dessen hohe, beständige Luftfeuchtigkeit eine außergewöhnlich dichte Moos- und Farnschicht begünstigt. Ilex aquifolium und Blechnum spicant geben dem Typ seinen Namen, dazu Polytrichastrum formosum und Lonicera periclymenum. Beweidung und Niederwaldnutzung haben die Bestände geprägt; zu hoher Weidedruck verhindert die Verjüngung und lichtet die Baumschicht. Von kontinentalen bodensauren Eichenwäldern trennt ihn der Farnreichtum, von Birkenwäldern die Vorherrschaft von Quercus petraea.",situs@0.8.0,situs
habitat_type,annex1:91AA,de,description,"Wärmeliebende Wälder aus Flaumeichen, Quercus pubescens und Q. virgiliana, als azonale, submediterrane Enklaven innerhalb der subkontinentalen Zone der Quercion-frainetto- und Carpinion-illyricum-Wälder Südosteuropas. Zwei regionale Ausbildungen werden unterschieden: die thrakischen Flaumeichen-Orient-Hainbuchenwälder der Schwarzmeerebenen, der nördlichen thrakischen Ebene Bulgariens und der Maritsa- und Tundscha-Hügelländer, sowie die moesischen Flaumeichenwälder der südlichen Dinariden, des Balkangebirges und des angrenzenden südöstlichen Rumäniens. Die Bestände besetzen warme, geschützte Lagen als thermische Rückzugsräume innerhalb kühleren regionalen Klimas. Den Eichen gesellen sich Carpinus orientalis, Fraxinus ornus, Acer campestre oder Tilia tomentosa bei, dazu Galium dasypodium und Paeonia peregrina. Der Typ markiert die nördlichste Ausdehnung submediterraner Flaumeichenvegetation; Rodung für Weide oder Ackerbau beseitigt ihn vollständig, und von den umgebenden, feuchteren zonalen Wäldern trennt ihn sein wärmeliebendes Artenspektrum.",situs@0.8.0,situs
habitat_type,annex1:91B0,de,description,"Wärmeliebende Wälder mit Fraxinus angustifolia als Hauptbaumart, stellenweise gemischt mit Quercus pubescens oder Q. pyrenaica, auf trockenen, nicht alluvialen und nicht schluchtgebundenen Standorten, anders als die Auwälder, mit denen die Art gewöhnlich verbunden wird. Zwei regionale Ausbildungen sind bekannt: die sizilianischen Schmalblättrigen-Eschenwälder Westsiziliens und die iberischen Schmalblättrigen-Eschenwälder der Iberischen Halbinsel. Die Bestände wachsen auf warmen, oft flachgründigen Böden abseits von Fließgewässern, unter submediterranem bis mediterranem Klima, sodass die Eschen ihr Wasser aus dem Grundwasser statt aus Überflutung beziehen. Der Typ teilt seinen wärmeliebenden Charakter mit den submediterranen Eichenwäldern der Region, hebt sich aber durch die Vorherrschaft von Fraxinus angustifolia ab. Von den alluvialen Wäldern des Typs 91F0 und den Erlen-Eschen-Auwäldern des Typs 91E0 trennt ihn die nicht überflutete Lage; Beweidung und Rodung bedrohen die verbliebenen kleinflächigen Bestände.",situs@0.8.0,situs
habitat_type,annex1:91BA,de,description,"Wälder aus Abies alba, häufig gemischt mit Fagus sylvatica, Picea abies, Pinus sylvestris oder Pinus nigra, die einen schmalen Gürtel an den Nordhängen der Rhodopen, des Balkangebirges und der mösisch-mazedonischen Gebirge zwischen Buchen- und Nadelwaldstufe bilden. Die Bestände wachsen auf sauren, gut dränierten, aber feuchtigkeitsreichen Böden. Die Feldschicht ist heidekrautartig bis krautreich, mit Prenanthes purpurea, Oxalis acetosella, Athyrium filix-femina und Galium odoratum, dazu Lonicera nigra und Polygonatum verticillatum im Saum. Vier regionale Ausbildungen werden unterschieden, von den Rhodopen-Tannenwäldern über die mösisch-mazedonischen bis zu den Balkangebirge-Tannenwäldern. Der Typ besetzt einen schmalen Übergangsgürtel und reagiert empfindlich auf jede Verschiebung der Buchen-Nadelwald-Grenze durch Einschlag oder Klimawandel. Von den weiter gefassten temperaten Bergtannenwäldern trennt ihn die südosteuropäische Verbreitung, von reinen Fichtenwäldern die Vorherrschaft von Abies alba.",situs@0.8.0,situs
habitat_type,annex1:91C0,de,description,"Reliktäre, einheimische Kiefernwälder aus Pinus sylvestris var. scotica, endemisch in den zentralen und nordöstlichen Grampian Mountains sowie im nördlichen und westlichen schottischen Hochland, mit begleitenden Birken- und Wacholderwäldern nordischen Charakters im selben Gebiet. Die Bestände sind meist licht, auf sauren, gut dränierten Böden, mit einer an Zwergsträuchern und Moosen reichen Bodenschicht, vor allem Hylocomium splendens und Pleurozium schreberi. Neben der Kiefer treten Betula pubescens, B. pendula, Juniperus communis und Ilex aquifolium auf. Kennzeichnend und oft lokal selten sind Goodyera repens, Listera cordata, Linnaea borealis, Trientalis europaea und Moneses uniflora neben reichlich Deschampsia flexuosa. Die Wälder sind Reste einer einst weit größeren Kiefernwaldbedeckung, durch historischen Einschlag und Weidedruck zurückgedrängt, der die Verjüngung bis heute unterdrückt. Von gepflanzten Beständen trennt ihn die endemische Varietät scotica, von übrigen temperaten Waldkiefernwäldern seine Beschränkung auf das schottische Hochland.",situs@0.8.0,situs
habitat_type,annex1:91CA,de,description,"Wälder mit Vorherrschaft von Pinus sylvestris an den Südhängen der Rhodopen, des Rila-, Pirin- und Osogovo-Gebirges sowie des Balkangebirges, bis in Gebirge Nordmittel- und Nordostgriechenlands reichend, auf trockenen silikatischen und kalkreichen Böden. Die Bestände sind meist einartig dominiert, gelegentlich mit Pinus nigra subsp. pallasiana, Picea abies, Fagus sylvatica oder Betula pendula. Die Strauchschicht führt Juniperus communis, Vaccinium vitis-idaea und V. myrtillus; die Krautschicht bilden Calamagrostis arundinacea, Brachypodium pinnatum, Sesleria latifolia und Pteridium aquilinum. Zwei regionale Ausbildungen werden unterschieden, die Waldkiefernwälder der Rhodopen und die des Balkangebirges. Der Typ besetzt trockene, oft steile und felsige montane Lagen, an denen Laubbäume nicht konkurrieren können; Waldbrand und Beweidung haben die lichte Struktur geprägt. Von westlicheren temperaten Waldkiefernwäldern trennt ihn die südosteuropäische, montane Verbreitung, von schwarzkieferdominierten Beständen die Vorherrschaft von Pinus sylvestris.",situs@0.8.0,situs
habitat_type,annex1:91D0,de,description,"Nadel- und Laubwälder auf dauerhaft nassem, nährstoffarmem Torf, mit einem Wasserstand stets auf oder über der Bodenoberfläche, sodass der Untergrund saurer und nährstoffärmer ist als bei gewöhnlichen Feuchtwäldern. Vier regionale Ausbildungen werden unterschieden: Birken-Moorwälder mit Betula pubescens, Waldkiefern-Moorwälder, Latschen-Moorwälder mit Pinus mugo und Fichten-Moorwälder mit Picea abies, letztere im borealen Raum auch als minerotrophe Streifen entlang von Moorrändern. Die Bodenschicht bilden Sphagnum-Arten mit Vaccinium oxycoccos, V. uliginosum, Eriophorum vaginatum und Carex rostrata; Frangula alnus und Molinia caerulea sind häufige Begleiter. Der Typ ist vollständig an einen intakten, stabilen Wasserstand gebunden; forstliche Entwässerung schließt die Baumschicht, und die Torfvegetation verschwindet binnen Jahrzehnten. Von offenen Mooren trennt ihn die Baumschicht, von gewöhnlichen Feuchtwäldern auf mineralischem Boden sein saures, sphagnumreiches Torfsubstrat.",situs@0.8.0,situs
habitat_type,annex1:91E0,de,description,"Auenwälder auf schweren, alluvialen Böden, die vom jährlichen Hochwasser des Fließgewässers überflutet und bei Niedrigwasser gut durchlüftet werden. Drei Ausbildungen werden unterschieden: Esche und Schwarzerle an Bächen des Tief- und Hügellands (Alno-Padion), Grauerle an montanen und submontanen Flüssen der Alpen und des Nordapennins (Alnion incanae) sowie Galeriewälder aus hochwüchsiger Salix alba, S. fragilis und Populus nigra an den größeren Tieflandflüssen (Salicion albae). Die Krautschicht ist kennzeichnend hochwüchsig und üppig, mit Filipendula ulmaria, Urtica dioica, Carex-Arten, Angelica sylvestris und Frühjahrsgeophyten; Stickstoffzeiger gehen auf den regelmäßigen Sedimenteintrag zurück und nicht auf Degradation. Der Typ hängt an einer intakten Überflutungsdynamik: nach Aufstau oder Sohleintiefung bleibt der Bestand jahrzehntelang stehen, während sich seine Krautschicht der eines nicht auengebundenen Waldes annähert, was im Gelände die häufigste Ursache zweifelhafter Zuordnungen ist.",situs@0.8.0,situs
habitat_type,annex1:91F0,de,description,"Hartholzauenwälder der äußeren, seltener überfluteten Bereiche großer Flusstäler sowie von Senken, die vor allem durch ansteigenden Grundwasserspiegel und nicht durch direkte Überflutung wassergeprägt sind, auf alluvialen Böden, die zwischen Hochwassern austrocknen oder feucht bleiben können. Je nach Wasserhaushalt wird die Baumschicht von Quercus robur, Ulmus laevis und U. minor oder von Fraxinus excelsior beziehungsweise F. angustifolia beherrscht, begleitet von Populus nigra und Alnus glutinosa. Der Unterwuchs ist gut entwickelt, mit Prunus padus, Humulus lupulus, Vitis vinifera subsp. sylvestris und Hedera helix sowie im Frühjahr Corydalis solida und Gagea lutea. Die Bestände sind auf ein weniger extremes Überflutungsregime angewiesen als die flussnäheren Weichholzwälder; Flussregulierung erlaubt mesophilen Baumarten das Einwandern. Von den Weichholz-Galeriewäldern des Salicion albae trennt ihn die höhere, seltener überflutete Lage, von nicht auengebundenen Eichen-Hainbuchenwäldern der lianenreiche Unterwuchs.",situs@0.8.0,situs
habitat_type,annex1:91G0,de,description,"Wälder aus Quercus petraea und Carpinus betulus auf kalkreichem und silikatischem Untergrund in den Ebenen und niedrigen Hügelländern Südosteuropas, mit einer von subkontinentalen und submediterranen Arten geprägten Strauch- und Krautschicht. Die Bestände stehen in schattigen, feuchten Tälern und an Hängen mit tiefgründigen Böden, aber auch auf Hügelkuppen mit flachgründigem Untergrund. Die Krautschicht umfasst Carex pilosa, Euphorbia amygdaloides, Dentaria bulbifera und Viola mirabilis, dazu Galanthus nivalis als Frühjahrsgeophyt auf reicheren Böden, entsprechend Primulo veris-Carpinetum und Fraxino pannonici-Carpinetum. Der Typ nimmt eine Übergangsstellung zwischen mitteleuropäischen Eichen-Hainbuchenwäldern und den weiter südlich gelegenen pannonischen Eichenwäldern ein und spiegelt das kontinentalere Klima der Region wider; Niederwaldnutzung hat viele Bestände geprägt. Von den mitteleuropäischen Carpinion-Wäldern trennt ihn seine subkontinentale Krautschicht, von reinen pannonischen Eichenwäldern die Mitherrschaft von Carpinus betulus.",situs@0.8.0,situs
habitat_type,annex1:91H0,de,description,"Xerophile Flaumeichenwälder mit Quercus pubescens als Hauptbaumart, an den Rändern und in den Hügelländern der pannonischen Tiefebene auf extrem trockenen, südexponierten, flachgründigen Kalkböden. Wegen dieser extremen Standortbedingungen sind die Bestände oft fragmentarisch, niedrigwüchsig und stellenweise auf Gebüsch reduziert. Die Krautschicht ist artenreich und teilt sich mit den angrenzenden Trockenrasen, unter anderem Campanula bononiensis, Potentilla alba, Orchis purpurea und Dictamnus albus, während Cornus mas und Fraxinus ornus die Strauchschicht bilden; auf günstigeren Standorten können Tilia platyphyllos und Fraxinus excelsior lokal vorherrschen. Der Typ ist an flachgründigen, trockenheitsgeprägten Kalkboden gebunden; auf tieferen Böden entwickelt sich stattdessen hochwüchsigerer Eichenwald. Von den submediterranen wärmeliebenden Eichenwäldern der Region trennt ihn die Beschränkung auf das Pannonische Becken, von den Trockenrasen die Baumschicht.",situs@0.8.0,situs
habitat_type,annex1:91I0,de,description,"Xerothermophile Eichenwälder der Ebenen Südosteuropas, auf Löss über Tschernosem-Böden unter stark kontinentalem Klima mit großer jährlicher Temperaturspanne. Die Baumschicht bilden Quercus robur, Q. cerris, Q. pedunculiflora und Q. pubescens, zusammen mit Acer campestre, A. tataricum und Sorbus torminalis, entsprechend dem Aceri tatarici-Quercion. Die Krautschicht ist auffallend reich an kontinentalen Steppenelementen und Geophyten, darunter Tulipa biebersteiniana, Vincetoxicum hirundinaria und Buglossoides purpurocaerulea. Der Typ markiert den Übergang zwischen geschlossenem Laubwald und offener Steppenvegetation und reagiert empfindlich auf Beweidungsdruck und auf das Umpflügen der Tschernosem-Böden, von dem er abhängt; beides hat ihn auf verstreute Reste reduziert. Von den feuchteren pannonischen und illyrischen Eichen-Hainbuchenwäldern trennt ihn die steppische Krautschicht und der Lössuntergrund, von offener Steppe die Baumschicht.",situs@0.8.0,situs
habitat_type,annex1:91J0,de,description,"Wälder mit überwältigender Vorherrschaft von Taxus baccata, mit Sorbus aria oder einer dichten Bodenschicht aus Mercurialis perennis, in trockenen Tälern und an Steilhängen auf Kreide in Südostengland, mit sehr lokalen Vorkommen auf dem Magnesiakalk von Durham, um Morecambe Bay und im Wald von Muckross bei Killarney in Irland. Die Bestände wachsen auf flachgründigen, basenreichen Böden unter dichtem, immergrünem Kronendach, das wenig Licht durchlässt, sodass Ilex aquifolium, Buxus sempervirens und die schattenverträgliche Mercurialis perennis die Hauptbegleiter sind statt einer artenreichen Feldschicht. Der Typ stellt oft ein arretiertes Sukzessionsstadium oder ein überalterndes Relikt dar, da Eibenkeimlinge im tiefen Schatten alter Bäume kaum aufkommen. Von Buchen- und Eichen-Hainbuchenwäldern mit vereinzelter Eibe trennt ihn die überwältigende Vorherrschaft von Taxus baccata, und seine britische Verbreitung hebt ihn von mediterranen Eibenwäldern desselben Verbandes ab.",situs@0.8.0,situs
habitat_type,annex1:91K0,de,description,"Buchenwälder der dinarischen Gebirge und angrenzender Höhenzüge und Hügelländer, mit Ausläufern bis in die Südostalpen, die südwestlichen Karpaten und das mittelpannonische Hügelland, wo sie an die mitteleuropäischen Buchenwälder der Typen 9130, 9140 und 9150 stoßen. Fagus sylvatica, örtlich F. moesiaca, beherrscht die Baumschicht, häufig zusammen mit Abies alba, Ostrya carpinifolia, Quercus cerris und Tilia tomentosa. Die Artenvielfalt ist deutlich höher als in mitteleuropäischen Buchenwäldern; die Krautschicht führt Aremonia agrimonioides, Cardamine trifolia, Helleborus niger subsp. niger, Omphalodes verna, Scopolia carniolica und Cyclamen purpurascens, und das Aremonio-Fagion gilt als anerkanntes Zentrum floristischen Reichtums unter Europas Buchenwäldern. Der Typ besetzt vor allem montane und submontane Hanglagen in einer breiten klimatischen Übergangszone, was seine ungewöhnlich vielfältige Flora erklärt. Von den angrenzenden mitteleuropäischen Buchenwäldern trennt ihn diese reichere, wärmeliebendere Krautschicht, nicht die Baumartenzusammensetzung.",situs@0.8.0,situs
habitat_type,annex1:91L0,de,description,"Wälder aus Quercus robur oder Q. petraea, gelegentlich Q. cerris, zusammen mit Carpinus betulus, auf kalkreichem und silikatischem Ausgangsgestein, meist auf tiefgründigen, neutralen bis schwach sauren Braunerden, im südostalpin-dinarischen Raum und im westlichen und zentralen Balkan, nordwärts bis zum Balaton reichend, über Hügel- und submontanes Gelände sowie die Ebenen von Drau und Save. Das Klima ist kontinentaler als in submediterranen Regionen und wärmer als in Mitteleuropa, und die Artenvielfalt liegt deutlich über der der weiter nördlich gelegenen Eichen-Hainbuchenwälder. Die Krautschicht umfasst Erythronium dens-canis, Cyclamen purpurascens, Dentaria pentaphyllos und Primula vulgaris, während Acer tataricum und Tilia tomentosa zur Baumschicht beitragen. Der Typ steht zwischen den mitteleuropäischen Eichen-Hainbuchenwäldern des Typs 9170 und den wärmeliebenderen Eichenwäldern des Balkans. Von den pannonischen Eichenwäldern des Typs 91G0 trennt ihn der höhere Anteil an Quercus robur und Q. petraea, von Buchenwäldern die Mitherrschaft von Carpinus betulus.",situs@0.8.0,situs
habitat_type,annex1:91M0,de,description,"Subkontinentale, thermo-xerophile Wälder aus Quercus cerris, Q. petraea oder Q. frainetto und verwandten sommergrünen Eichen, örtlich mit Q. pedunculiflora oder Q. virgiliana, verbreitet vorwiegend zwischen 250 und 600, stellenweise 800 Metern in den Hügelländern und Ebenen des Pannonischen Beckens, West- und Südrumäniens, des nördlichen Balkan-Hügellandes sowie der supramediterranen Stufe des kontinentalen Nordostgriechenlands und Anatoliens, mit Acer tataricum als kontinentalem Begleiter. Der Untergrund ist sehr unterschiedlich, von Kalkstein und Andesit bis zu Löss, Ton und Sand, und ergibt überwiegend schwach saure, tiefgründige Braunerden. Die Krautschicht ist artenreich, mit Digitalis grandiflora, Veratrum nigrum, Asphodelus albus und Melittis melissophyllum, dazu Carpinus orientalis und Fraxinus ornus in der Strauchschicht. Der Typ besetzt eine breite Übergangszone zwischen temperaten und submediterranen Eichenwäldern und verträgt die trockeneren Bedingungen, die die Buche ausschließen; Rodung für Weidenutzung hat seine Struktur geprägt. Von illyrischen und pannonischen Eichen-Hainbuchenwäldern trennt ihn das Fehlen oder die Seltenheit von Carpinus betulus.",situs@0.8.0,situs
habitat_type,annex1:91N0,de,description,"Xerophiles Mosaik aus offenem Gebüsch mit Juniperus communis und Pappeln (Populus alba, P. canescens, P. nigra) sowie offenen bis geschlossenen Sandsteppenrasen auf Binnendünensanden im Zusammenfluss von Donau und Theiß in der Pannonischen Tiefebene. Die Strauchschicht führt Ligustrum vulgare, Rhamnus cathartica, Crataegus monogyna, Prunus spinosa, P. mahaleb, Euonymus verrucosus und Berberis vulgaris über offenen Rasen aus Festuca vaginata, Koeleria glauca, Stipa joannis und Fumana procumbens, mit Orchideen wie Epipactis bugacensis und Cephalanthera rubra. Eine echte Waldkrautschicht fehlt; die Physiognomie ähnelt eher einem Halbwüstengebüsch als einem Steppenwald, was die Abgrenzung gegenüber dichteren wärmeliebenden Eichen-Hainbuchen- und Eichenwäldern des umgebenden Tieflands begründet. Der Typ ist auf ein kleines Gebiet extrem kontinentaler, trockenheitsexponierter Sandstandorte beschränkt, auf offene, wandernde oder sich stabilisierende Dünenflächen angewiesen und durch Aufforstung mit eingeführten Kiefern sowie durch Dünenfixierung gefährdet.",situs@0.8.0,situs
habitat_type,annex1:91P0,de,description,"Bergwälder Kleinpolens, vor allem des Heilig-Kreuz-Gebirges und der subkarpatischen Hügel, beherrscht von Abies alba, allein oder gemischt mit Picea abies, Pinus sylvestris und Quercus robur beziehungsweise Q. sessilis, auf mesotrophen, sauren Böden. Der Bestand trägt eine reiche Farn- und Moosschicht mit Dryopteris austriaca, Athyrium filix-femina, Phegopteris connectilis, Lycopodium annotinum, Hylocomium splendens und Polytrichum formosum, dazu Tieflandwaldkräuter, die er mit dem Tilio-Carpinetum teilt, wie Galeobdolon luteum, Oxalis acetosella und Maianthemum bifolium. Der Typ gehört zur weiteren Gruppe der temperaten Tannenbergwälder, unterscheidet sich aber durch seine Bindung an die sauren, mesotrophen Bergländer Kleinpolens und die Beimischung von Tieflandarten von den alpinen und karpatischen Abies-Fagion-Beständen. Sein Fortbestand hängt an der natürlichen Verjüngung der Tanne unter extensiver Bewirtschaftung; die Umwandlung in Fichtenreinbestände ist die Hauptgefährdung.",situs@0.8.0,situs
habitat_type,annex1:91Q0,de,description,"Isolierte, kalkliebende Waldkiefernwälder, beschränkt auf wenige kleine Enklaven der Westkarpaten (Strážov-Gebirge, Veľká Fatra, Pieninen, innerkarpatische Becken) und das Erzgebirge, mit verwandten Beständen der Ostkarpaten, die demselben Typ zugerechnet werden. Die Bestände wachsen auf flachgründigen, basenreichen, rendzinaartigen Böden und tragen einen xerothermen, teils kontinentalen Unterwuchs mit Carex humilis, C. alba, Calamagrostis varia, Linum flavum und einer Reihe westkarpatischer Endemiten wie Pulsatilla slavica, Thymus carpathicus, Primula auricula subsp. hungarica, Campanula carpatica und Dianthus nitidus. Erica herbacea und Polygala chamaebuxus, kennzeichnend für die weitere Gruppe montaner kalkliebender Kiefernwälder, fehlen hier, was den Typ von den verbreiteteren Erico-Pinion-Beständen der Alpen und Dinariden trennt. Der Typ besetzt kleine, von Natur aus offene Fels- und Schuttstandorte und ist durch seine extrem eingeschränkte, fragmentierte Verbreitung von Natur aus gefährdet.",situs@0.8.0,situs
habitat_type,annex1:91R0,de,description,"Waldkiefernwälder auf Dolomit und Dolomitrendzina der Dinariden, entwickelt innerhalb der Zone illyrischer Buchenwälder und meist etwas höher gelegen als die verwandten Schwarzkiefernwälder auf denselben Dolomitstandorten. Der Unterwuchs ist kalkliebend und wärmeliebend, mit Erica herbacea, Genista januensis, Galium lucidum, Buphthalmum salicifolium, Teucrium chamaedrys, Carex humilis, C. alba, Anthericum ramosum, Polygala chamaebuxus, Cyclamen purpurascens und Orchideen wie Epipactis atrorubens. Die Abgrenzung gegenüber den verwandten Schwarzkiefernwäldern derselben Dolomitstandorte beruht auf der Dominanz von Pinus sylvestris und der etwas höheren, kühleren Lage; gegenüber dem umgebenden illyrischen Buchenwald auf dem lichten, lichtbedürftigen Kiefernbestand, der an das flachgründige Dolomitskelett gebunden ist. Der Typ hält sich auf Standorten, die für einen geschlossenen Buchenbestand zu flachgründig und zu trocken sind.",situs@0.8.0,situs
habitat_type,annex1:91S0,de,description,"Fagus orientalis Wälder des westpontischen Gebirges, des Strandscha-Gebirges und des östlichen Balkangebirges, geprägt durch eine ausgeprägt lorbeerblättrige Strauchschicht euxinischer Verwandtschaft. Typische Sträucher sind Rhododendron ponticum, Daphne pontica, Laurocerasus officinalis (Prunus laurocerasus), Ilex colchica und Vaccinium arctostaphylos, mit Kräutern wie Primula acaulis subsp. rubra, Trachystemon orientalis, Cyclamen coum und Epimedium pubigerum. Im östlichen Balkangebirge fehlen die lorbeerblättrigen Sträucher, und Primula acaulis subsp. rubra sowie Trachystemon orientalis bleiben die kennzeichnendsten Arten, was innerhalb des Typs eine erkennbare regionale Ausbildung markiert. Gegenüber der weiteren Gruppe der Buchenwälder auf basenreichen bis neutralen Böden, deren geografisch eng begrenzten südöstlichen Ausläufer er bildet, unterscheidet sich dieser Typ durch seine euxinische Strauch- und Krautschicht und nicht allein durch Boden oder Höhenlage.",situs@0.8.0,situs
habitat_type,annex1:91T0,de,description,"Natürliche, azidophile Waldkiefernwälder des Verbands Dicrano-Pinion auf nährstoffarmen Binnensanden der nordostmitteleuropäischen Tief- und Hügellandschaften und der mittleren bis südlichen sarmatischen nemoralen Zone. Nährstoffmangel und Trockenstress auf dem sandigen Substrat halten die Bäume niedrigwüchsig und den Bestand licht, mit einer flechtenreichen Bodenschicht aus Cladonia furcata, C. gracilis und C. rangiferina (als C. silvatica), Ptilidium ciliare und vereinzeltem Juniperus communis. Die Flechtendominanz und der niedrige Wuchs trennen diesen Typ von den höherwüchsigen, mesischeren Waldkiefernwäldern der weiteren temperat-kontinentalen Gruppe auf reicheren oder feuchteren Sanden. Seine Verbreitung folgt den trockensten, oligotrophsten Dünen- und Sanderstandorten, historisch durch Feuer und geringen Verbissdruck erhalten; Aufforstungspraktiken, die den Boden anreichern oder beschatten, zerstören den Flechtenteppich, von dem der Typ abhängt.",situs@0.8.0,situs
habitat_type,annex1:91U0,de,description,"Xerophile Waldkiefernwälder der sarmatischen Region Westeurasiens und von Gebieten mit extrem kontinentalem Mikroklima im nordöstlichen Mittel- und Osteuropa, am Westrand des Verbreitungsgebiets auf gut dränende Standorte wie Binnendünen und Felsaufschlüsse beschränkt. Der Typ fasst mehrere regionale Assoziationen zusammen, darunter Peucedano-Pinetum, Koelerio glaucae-Pinetum sylvestris, Caragano-Pinetum und Corynephoro-Pinetum sylvestris, und trägt neben Pinus sylvestris zahlreiche kontinentale Reliktarten wie Vaccinium myrtillus, Pyrola minor, Orthilia secunda, Chimaphila umbellata und die Orchidee Ophrys insectifera. Sein steppischer, extrem kontinentaler Charakter und die flachgründigen, gut dränenden Böden trennen ihn von den mesischeren Kiefernwäldern des Dicrano-Pinion innerhalb derselben weiten temperat-kontinentalen Gruppe. Der Typ ist auf offenen, ungestörten Sand- oder Felsboden angewiesen und durch Aufforstung, Nährstoffeintrag und Bestandsschluss gefährdet.",situs@0.8.0,situs
habitat_type,annex1:91V0,de,description,"Fagus sylvatica Wälder, auch in Mischung mit Abies alba, Picea abies oder Carpinus betulus, der rumänischen, ukrainischen und ostserbischen Karpaten und der vorkarpatischen Hügelländer, dem Verband Symphyto cordati-Fagion zugehörig und auf neutralen bis basenreichen, gelegentlich zu sauer neigenden Substraten entwickelt. Neben den üblichen Fagetalia-Arten tragen die Bestände eine Reihe karpatischer Endemiten und Subendemiten, darunter Symphytum cordatum, Cardamine glandulifera, Hepatica transsilvanica, Pulmonaria rubra, Leucanthemum waldsteinii und Ranunculus carpaticus. Diese endemitenreiche Krautschicht trennt den Typ von der weiteren Gruppe der Buchenwälder auf basenreichen bis neutralen Böden im übrigen temperaten Europa, deren karpatischen, von Symphytum geprägten Zweig er bildet. Traditionelle Plenterwirtschaft hat vielerorts eine naturnahe Struktur erhalten; Kahlschlag und Umwandlung in Fichtenbestände sind die Hauptgefährdungen.",situs@0.8.0,situs
habitat_type,annex1:91W0,de,description,"Fagus sylvatica oder Fagus x moesiaca Wälder des Balkangebirges, der südlichen Dinariden, der mösisch-mazedonischen Gebirge, der Pelagonischen Berge und der Rhodopen, dem Verband Doronico orientalis-Fagion moesiacae zugehörig, wobei Abies alba und Picea abies in größeren Höhen und nördlicheren Lagen zur Buche hinzutreten. Obwohl der Typ am Südrand des Buchenareals liegt, bewahren die Bestände einen ausgeprägt mitteleuropäischen Charakter, gekennzeichnet durch häufiges Acer pseudoplatanus, Quercus petraea, Fragaria vesca und Oxalis acetosella neben Luzula luzuloides, Calamagrostis arundinacea, Galium odoratum, Cardamine bulbifera und Allium ursinum. Diese mitteleuropäische floristische Prägung, nicht ein euxinisches oder wärmeliebendes Element, unterscheidet den Typ von anderen südosteuropäischen Buchenwäldern derselben weiten Gruppe von Beständen auf basenreichen bis sauren Böden. Er besiedelt montane Lagen über einen weiten Breitengradbereich innerhalb seiner Gebirgssysteme.",situs@0.8.0,situs
habitat_type,annex1:91X0,de,description,"Ein reliktärer, extrem inselartiger Buchenwald, beschränkt auf das Măcin-Gebirge, isoliert im Steppenklima der rumänischen Dobrudscha, fernab des zusammenhängenden karpatischen Buchenareals. Der Bestand mischt Fagus sylvatica mit F. taurica, Tilia tomentosa, T. cordata, Carpinus betulus, Populus tremula und Ulmus glabra über einer Krautschicht, die Fagetalia-Arten mit südeuropäischen Elementen verbindet, darunter Potentilla micrantha, Scutellaria altissima, Carex pilosa, Carpesium cernuum und Melica uniflora. Seine Isolation in einer Steppenklima-Enklave weit außerhalb des geschlossenen Buchengürtels, mehr als jede einzelne Kennart, hebt ihn innerhalb der weiteren Gruppe der Buchenwälder auf basenreichen Böden ab. Das extrem kleine, disjunkte Areal macht den Typ von Natur aus anfällig für Trockenheit, Feuer und jede Störung der umgebenden Steppenmatrix, die ihn schützt.",situs@0.8.0,situs
habitat_type,annex1:91Y0,de,description,"Wälder aus Carpinus betulus mit verschiedenen Eichen (Quercus robur, Q. petraea, Q. dalechampii, Q. cerris, Q. frainetto) an den Flanken und im Vorland der Ost- und Südkarpaten sowie auf den Plateaus Westukraines, die als azonale, oft isolierte Bestände in die mösische Quercion-frainetto-Zone, die ostpannonische und westpontische Steppenwaldzone und die vorpontischen Hügel Südosteuropas hineinreichen. Die Krautschicht verbindet typische Carpinion-Arten wie Stellaria holostea, Carex pilosa, C. brevicollis und Dentaria bulbifera mit einer Beimischung submediterraner Quercion-frainetto-Elemente und, im Osten, euxinischer Taxa wie Lathyrus hallersteinii und Aposeris foetida. Diese gemischte, übergängige floristische Zusammensetzung unterscheidet den Typ von den einheitlicheren Eichen-Hainbuchenwäldern der weiter westlich verbreiteten Carpinion-Gruppe, deren südöstlichen, biogeografisch angereicherten Zweig er bildet. Viele Bestände sind reliktäre, azonale Vorposten in einer Landschaft, die sonst von Steppenwald oder wärmeliebendem Eichenwald geprägt ist.",situs@0.8.0,situs
habitat_type,annex1:91Z0,de,description,"Von Tilia tomentosa beherrschte Bestände innerhalb gemischter Laubwälder Südmitteleuropas und der nördlichen bis mittleren Balkanhalbinsel, überwiegend im Verbreitungsgebiet des Quercion frainetto, örtlich auch innerhalb östlicher Carpinion-betuli-Wälder, insbesondere in den Tilia-tomentosa-Beständen des Carpinus-betulus-Quercus-petraea-Gürtels Bulgariens. Sie besiedeln vor allem nordexponierte Hänge des Hügellands auf sauren, feuchten Böden und bilden meist nahezu monodominante Bestände, die zur Blütezeit auffällig duften. Ein reicher Frühjahrsaspekt aus Geophyten wie Corydalis cava, C. solida, Scilla bifolia, Erythronium dens-canis und Ficaria verna weicht im Sommer einer von Carex sylvatica geprägten Decke. Die Dominanz von Tilia tomentosa auf saurem, feuchtem, nordexponiertem Boden, und nicht eine einzelne Krautart, unterscheidet den Typ von den umgebenden Quercion-frainetto- und Carpinion-betuli-Wäldern, in die er als Fazies eingebettet ist.",situs@0.8.0,situs
habitat_type,annex1:9210,de,description,"Wärmeliebende, stark fragmentierte, endemitenreiche Buchenwälder der Apenninen mit Taxus baccata und Ilex aquifolium in der Strauchschicht (Geranio nodosi-Fagion, Geranio striati-Fagion). Drei regionale Ausbildungen werden unterschieden: die Foresta Umbra am Monte Gargano, reich an Taxus baccata; silikatliebende Bestände des Aspromonte in Kalabrien mit Taxus baccata, Populus tremula, Sorbus aucuparia und Betula pendula; sowie reliktäre Buchenwälder der Madonie, der Nebrodi und, sehr lokal, der Peloritani mit Ilex aquifolium, Daphne laureola, Crataegus monogyna und Prunus spinosa. Gegenüber der weiteren Gruppe der Buchenwälder auf basenreichen bis neutralen Böden im übrigen temperaten Europa hebt sich dieser Typ durch seine wärmeliebende, süditalienische und sizilianische Verbreitung und das ständige Vorkommen der immergrünen Straucharten Taxus baccata und Ilex aquifolium ab. Fragmentierung und kleine Populationsgrößen der endemischen Flora machen einzelne Bestände besonders empfindlich.",situs@0.8.0,situs
habitat_type,annex1:9220,de,description,"Buchenwälder der Hügelstufe der Apenninen, auf kühleren Standorten als die Taxus-Ilex-Ausbildung, ebenfalls stark fragmentiert und endemitenreich, hier gemischt mit Abies alba oder, auf Sizilien, der äußerst seltenen Abies nebrodensis (Geranio nodosi-Fagion, Geranio striati-Fagion). Der Typ umfasst reliktäre Buchenwälder der Madonie, der Nebrodi und, sehr lokal, der Peloritani mit Ilex aquifolium, Daphne laureola, Crataegus monogyna und Prunus spinosa sowie die isolierten Buchenwälder des Ätna an der Südgrenze des Verbreitungsgebiets der Art. Die Beimischung von Weißtanne und, auf Sizilien, der nahezu ausgestorbenen Abies nebrodensis, unterscheidet diesen Typ von den durch Taxus und Ilex geprägten Buchenwäldern der Apenninen und stellt ihn als kühlere, höher gelegene Ausbildung innerhalb derselben endemitenreichen apenninischen Buchenwaldgruppe dar. Abies nebrodensis zählt zu den seltensten Baumarten Europas, was den zugehörigen Beständen besonderes Gewicht für den Artenschutz verleiht.",situs@0.8.0,situs
habitat_type,annex1:9230,de,description,"Wälder, beherrscht von der marzeszenten Quercus pyrenaica, allein oder mit Q. robur, des Verbands Quercion robori-pyrenaicae, verbreitet vom supra- und mesomediterranen Landesinnern Kastiliens, der Cordillera Central und der Sierra Morena über das ozeanisch geprägte, mitteleuropäisch anmutende Kantabrische Gebirge bis zu abgesetzten Vorkommen im Maestrazgo und in der Sierra Nevada sowie disjunkten Wäldern in Südwestfrankreich. Die Zusammensetzung wechselt mit dem Klima: kantabrische Bestände wirken mitteleuropäischer, trockenere Binnenlandbestände führen Coronilla und andere Xerophyten, und die französischen Vorposten auf armen Sandböden ergänzen Betula pendula, Deschampsia flexuosa, Molinia caerulea und Teucrium scorodonia. Diese breite, klimatisch abgestufte Verbreitung, zusammengehalten durch die Dominanz von Q. pyrenaica, trennt den Typ von den atlantischen azidophilen Eichenwäldern wie von den submediterranen wärmeliebenden Eichenwäldern weiter östlich. Niederwaldwirtschaft für Brenn- und Holzkohle hat die Bestandsstruktur seit Langem geprägt.",situs@0.8.0,situs
habitat_type,annex1:9240,de,description,"Wälder, beherrscht von Quercus faginea, Q. canariensis oder Q. afares, über die gesamte Iberische Halbinsel verteilt, von den xero-mesophilen Q.-faginea-Wäldern der spanischen Meseta und ihrer Randgebirge bis zu den feuchten, epiphytenreichen, reliktären Q.-faginea-Wäldern Portugals und den üppigen, hyperfeuchten Q.-canariensis-Wäldern des Aljibe-Gebirges und der Serranía de Ronda im äußersten Süden Spaniens, mit weiteren Vorposten in Katalonien und auf Mallorca. Die feuchten südwestiberischen Ausbildungen sind von herausragender biologischer Bedeutung und in Europa einzigartig durch die Kombination eines Klimas mediterraner Breite mit atlantischem Feuchtigkeitsniveau, das eine dichte Epiphyten- und Farndecke trägt, die den trockeneren Meseta-Beständen fehlt. Dieser Gradient von trockenem, laubwerfendem Q.-faginea-Wald zu feuchtem, fast immergrün wirkendem Q.-canariensis-Wald, gebunden an ein steiles West-Ost-Feuchtegefälle der Halbinsel, hebt den Typ von den einheitlicheren submediterranen wärmeliebenden Eichenwäldern weiter östlich und nördlich ab.",situs@0.8.0,situs
habitat_type,annex1:9250,de,description,"Supramediterrane, gelegentlich mesomediterrane Wälder, beherrscht von der halbimmergrünen Quercus trojana oder ihren Verwandten (Quercetum trojanae), aufgeteilt in zwei disjunkte regionale Gruppen: niedrige helleno-balkanische Bestände, oft mit Wacholder oder Ahorn gemischt, von Mazedonien, Thrakien und Thessalien nordwärts bis in die Herzegowina, nach Montenegro, Albanien und ins Vardar-Tal, sowie höherwüchsige, reliktäre apulische Bestände von Q. trojana mit Q. pubescens und stellenweise Q. ilex in den Murge Süditaliens. Die weite geografische Lücke zwischen der Balkan- und der apulischen Population, nur durch die gemeinsame Dominanz von Q. trojana verbunden, ist das entscheidende Merkmal, das diesen Typ innerhalb der weiteren Gruppe submediterraner wärmeliebender Eichenwälder abgrenzt, deren eng verbreiteten, disjunkten Zweig er bildet. Insbesondere die apulischen Bestände überleben nur als kleine Waldrelikte inmitten einer ansonsten gerodeten Agrarlandschaft.",situs@0.8.0,situs
habitat_type,annex1:9260,de,description,"Wälder und alte, etablierte Pflanzungen mit Castanea sativa (Edelkastanie) als bestandsbildender Art in der supra- und submediterranen Höhenstufe, mit naturnaher Krautschicht. Die Kastanie bevorzugt tiefgründige, gut dränierte, saure bis neutrale Böden und meidet kalkhaltigen Untergrund, weshalb die meisten Bestände auf silikatischem Substrat der Hügel- und submontanen Lagen stehen. Viele Bestände sind über Jahrhunderte für Fruchternte und Niederwaldnutzung gepflegte alte Pflanzungen und kein Primärwald; ihre Krautschicht teilt häufig Arten mit den bodensauren Eichenwäldern derselben Regionen, darunter Quercus petraea und Moose wie Polytrichastrum formosum. Bleibt die Nutzung aus, wachsen Niederwälder zu Hochwald heran, und auf reicheren, feuchteren Standorten verschiebt sich der Bestand eher zu gemischtem Laubwald mit Eichen als mit Kastanie.",situs@0.8.0,situs
habitat_type,annex1:9270,de,description,"Buchenwälder der griechischen Gebirge mit abgeschwächtem mitteleuropäischem Gepräge und hohem Endemitenanteil, dem Fagion hellenicum zugeordnet. Fagus sylvatica wächst hier typischerweise gemeinsam mit der endemischen Tanne Abies borisii-regis, die Krautschicht wird von Doronicum caucasicum, Galium laconicum, Lathyrus venetus und Helleborus cyclophyllus geprägt. Standort sind montane Lagen des griechischen Festlands, in denen Buche und Tanne gemischte Bestände bilden statt reiner Buchenwälder. Kennzeichnend ist die Kombination aus Buche mit Abies borisii-regis und den genannten Krautschichtarten, die den Typ von den übrigen Buchenwäldern des Balkans und der Ägäis unterscheidet, denen diese Tanne fehlt und die stärker mitteleuropäisch geprägt sind.",situs@0.8.0,situs
habitat_type,annex1:9280,de,description,"Wälder aus Fagus sylvatica oder Fagus moesiaca, die wärmeliebender sind als die verwandten supramediterranen und montanen Buchenwaldtypen und die Übergangszone zwischen supramediterraner und montaner Stufe besetzen. Kennzeichnend ist das Auftreten zahlreicher Arten des Quercion frainetto, sodass Quercus frainetto neben der Buche im Kronendach oder in der Strauchschicht steht, ohne dass ein reiner Eichenwald entsteht. Standort ist die warme Übergangsstufe zwischen dem eigentlichen Buchenwald oberhalb und dem wärmeliebenden Eichen-Laubwald unterhalb. Abgegrenzt wird der Typ von gewöhnlichem supramediterranem und montanem Buchenwald durch diesen höheren Wärmeanspruch und die begleitende Flora des Quercion frainetto, von reinem Tieflandeichenwald durch das fortbestehende Vorkommen der Buche im Kronendach. Das vorliegende Material zu diesem Typ ist dünn.",situs@0.8.0,situs
habitat_type,annex1:9290,de,description,"Montane Wälder des Mittelmeerraums mit heimischer Zypresse als Hauptbaumart, vor allem Cupressus sempervirens sowie in Nordafrika Cupressus atlantica oder Cupressus dupreziana, dem Acero-Cupression zugeordnet. Die Bestände bilden typischerweise ein lockeres Kronendach über einer verbuschten Strauchschicht und einer artenreichen Krautschicht, auf flachgründigen, meist basenreichen Böden an trockenen, felsigen Standorten. Das Material zu diesem Typ ist dünn und beschränkt sich auf verstreute montane Vorkommen im Mittelmeerraum statt eines zusammenhängenden Areals. Abgegrenzt wird der Typ von den weiter gefassten mediterranen Wacholder- und Zypressenformationen, die auch Juniperus-Arten wie J. thurifera und J. excelsa einschließen, durch die Dominanz der Zypresse selbst statt des Wacholders.",situs@0.8.0,situs
habitat_type,annex1:92A0,de,description,"Vielschichtige Auenwälder des Mittelmeer- und Schwarzmeerraums, beherrscht von Salix alba oder Salix fragilis, mit hochwüchsigen Pappeln wie Populus alba, die meist die oberste Kronenschicht bilden. Die Bestände können außerdem Ulmus, Alnus, Acer, Tamarix, Juglans regia, Quercus robur oder Q. pedunculiflora sowie Fraxinus angustifolia enthalten; treten die hochwüchsigen Pappeln nur spärlich auf, wird das Kronendach stattdessen von diesen Begleitgattungen gebildet. Standort sind periodisch überflutete Terrassen und Schotterbänke aktiver Flussauen mit regelmäßigem Eintrag nährstoffreichen Sediments. Kennzeichnend ist der Verband Salicion albae mit einer hochwüchsigen, stickstoffliebenden Krautschicht aus Urtica dioica, Humulus lupulus, Rubus caesius, Phalaroides arundinacea, Glechoma hederacea und Calystegia sepium. Abgegrenzt wird der Typ gegen die weiter gefassten mediterranen und makaronesischen Auenwälder, die auch Platanus orientalis führen können.",situs@0.8.0,situs
habitat_type,annex1:92B0,de,description,"Charakteristische, reliktäre Uferformationen der thermo- und mesomediterranen Stufe, beschränkt auf tief eingeschnittene, steilwandige Täler Südspaniens. Eine Ausbildung ist eine Erlengalerie mit Rhododendron ponticum ssp. baeticum und Frangula alnus ssp. baetica in der Strauchschicht, Arisarum proboscideum in der Krautschicht sowie einer reichen, reliktären Farnflora mit Pteris incompleta, Diplazium caudatum und Culcita macrocarpa. Eine zweite, eigenständige Ausbildung ist eine Birkengalerie mit dem extrem lokal verbreiteten Endemiten Betula parvibracteata, begleitet von Myrica gale, Frangula alnus, Salix atrocinerea, Galium broterianum und Scilla ramburei. Standort sind schluchtartige Talböden statt offener Auen. Insbesondere die Farngesellschaft weist auf eine tertiäre Reliktflora hin, die in wenigen feuchten Refugien überdauert hat. Abgegrenzt wird der Typ von gewöhnlichem mediterranem Auenwald aus Populus, Salix und Platanus durch diese reliktäre, hochgradig lokalisierte, endemitenreiche Zusammensetzung.",situs@0.8.0,situs
habitat_type,annex1:92C0,de,description,"Meist an Fließgewässer gebundene Wälder des östlichen Mittelmeerraums mit Platanus orientalis (Orientalische Platane) als Hauptbaumart, dem Platanion orientalis zugeordnet; der tertiäre Reliktbaum Liquidambar orientalis ist auf ein einziges Tal auf Rhodos beschränkt. Die Bestände besiedeln wenig stabilisierte Schotter- und Alluvialablagerungen an temporären Flüssen sowie, vor allem am Südrand des Areals, die schattigen Böden tiefer Schluchten; Begleitarten sind unter anderem Salix alba, Alnus glutinosa, Celtis australis, Fraxinus ornus und Vitex agnus-castus, dazu eine reiche Frühjahrsflora aus Geophyten wie Cyclamen-Arten und Arum italicum sowie reichlich Farne und Moose einschließlich Pteridium aquilinum. Das Hauptareal erstreckt sich über das griechische Festland, von der ionischen Küste und dem Pindos über Makedonien und Thrakien bis zum Peloponnes, wo Schluchtwälder im Taygetos 1300 Meter Höhe erreichen, mit Vorposten auf Kreta, Euböa und mehreren Ägäisinseln. Reliktäre, isolierte Vorkommen überdauern zudem in tiefen Schluchten Südostsiziliens, wo die Platane stellenweise durch Populus alba, Fraxinus angustifolia und Salix-Arten ersetzt wird. Kennzeichnend ist die Dominanz von Platanus orientalis im Kronendach, allein auf Rhodos die von Liquidambar orientalis; die Bindung an Schluchten wird zum Südrand des Areals hin strenger.",situs@0.8.0,situs
habitat_type,annex1:92D0,de,description,"Niedrige, oft lückige Galerien und Gebüsche aus Tamarix-Arten zusammen mit Nerium oleander (Oleander) und Vitex agnus-castus (Mönchspfeffer), an dauerhaften oder temporären Fließgewässern und Feuchtgebieten der thermomediterranen Stufe und Südwestiberiens, die bis in feuchtere Standorte der angrenzenden saharo-mediterranen und saharo-sindischen Zone hineinreichen. In Südwestiberien führt der Typ zusätzlich Securinega tinctoria, Prunus lusitanica und Viburnum tinus. Verwandte Bestände mit Tamarix smyrnensis an Ufern und Küsten der pontischen und steppischen Regionen Westeurasiens gehören ebenfalls hierher; reine Gebüsche allein aus Tamarix africana sind von der Definition ausgeschlossen. Physiognomisch handelt es sich um eine strauchige, oft offene, niedrige Gehölzformation, nicht um geschlossenen Wald. Kennzeichnend ist unter anderem der Verband Securinegion tinctoriae für die artenreichere südwestiberische Ausbildung. Standortlich besetzt der Typ die trockensten, unregelmäßig überfluteten Flussbetten und Ufer, zeitweise trockenfallenden Grund, der ihn strukturell von hochwüchsigem Galeriewald trennt.",situs@0.8.0,situs
habitat_type,annex1:9310,de,description,"Lückige bis geschlossene Wälder mit Quercus brachyphylla, einer Eichenart des ägäischen Raums, als bestandsbildender Art, häufig zusammen mit Quercus macrolepis (Griechische Eiche) oder Quercus ilex (Steineiche). Das Material zu diesem Typ ist dünn und beschränkt sich auf die Nennung der Hauptbaumart und ihrer üblichen Begleiter. Standort und allgemeine Physiognomie entsprechen der weiter gefassten Gruppe submediterraner wärmeliebender Laubwälder des ägäischen und balkanischen Raums, einer warmen Übergangsstufe zwischen gemäßigten und vollmediterranen Bedingungen. Abgegrenzt wird der Typ von den übrigen ägäischen und balkanischen Eichenwäldern vor allem durch die Identität der dominanten Eiche, Quercus brachyphylla, weniger durch eine eigenständige Physiognomie oder Ökologie.",situs@0.8.0,situs
habitat_type,annex1:9320,de,description,"Thermomediterranes, auf den Kanarischen Inseln thermokanarisches, immergrünes Hartlaubgehölz mit Wildolive Olea europaea ssp. sylvestris und Johannisbrotbaum Ceratonia siliqua als Hauptarten, dazu Pistacia lentiscus (Mastixstrauch) und Myrtus communis; das kanarische Gegenstück wird von Olea europaea ssp. cerasiformis und Pistacia atlantica gebildet. Die meisten Bestände treten als offenes, strauchiges Hartlaubgebüsch auf, nur wo das Kronendach geschlossen ist und ausreichende Höhe erreicht, gilt der Bestand als eigentlicher Wald. Kennzeichnend sind Arten wie Prasium majus, Smilax aspera, Arisarum vulgare und Asparagus acutifolius. Standort sind trockenheitsgeprägte Tief- und Hügellagen der thermomediterranen Stufe auf unterschiedlichem Untergrund. Ein nahezu klimaxartiger Wald aus Olive, Johannisbrotbaum und Mastixstrauch hat sich am Djebel Ichkeul in Nordtunesien erhalten; weitere reliktäre Bestände liegen im inzwischen fast erloschenen Südandalusien sowie auf Menorca, Sardinien, Sizilien, in Kalabrien, Apulien und auf Kreta. Weil ein geschlossenes Kronendach selten ist, überdauern die meisten europäischen Beispiele nur als degradiertes Gebüsch statt als geschlossener Wald.",situs@0.8.0,situs
habitat_type,annex1:9330,de,description,"Westmediterrane Wälder auf silikatischem Boden mit Korkeiche Quercus suber als Hauptbaumart, im Allgemeinen wärme- und feuchtebedürftiger als verwandte immergrüne Eichenwälder. Regionale Ausbildungen sind mesomediterrane Bestände Italiens, Siziliens, Sardiniens, Korsikas, Frankreichs und Nordostspaniens, dem Quercion suberis zugeordnet und häufig zu Hartlaubgebüsch degradiert; südwestiberische Bestände, oft mit Quercus faginea oder Quercus canariensis gemischt, des Quercion fagineo-suberis; ein sehr lokal begrenzter Vorposten in den Tälern des Sil und des Miño in Galicien innerhalb des Verbreitungsgebiets von Quercus pyrenaica; sowie isolierte Dünen-Ausbildungen in den östlichen Landes Aquitaniens. Standort ist ausschließlich silikatischer Untergrund, wodurch sich der Typ von basentoleranten Steineichenwäldern unterscheidet. Die Bestände werden seit Langem zur Korkgewinnung genutzt, viele bleiben deshalb offener, naturnaher Wald statt geschlossenem Hochwald, und Einschlag oder Beweidung degradieren sie leicht zu strauchigem Gebüsch.",situs@0.8.0,situs
habitat_type,annex1:9340,de,description,"Immergrüne Hartlaubwälder mit Quercus ilex (Steineiche) oder, auf der Iberischen Halbinsel, mit der nahe verwandten Quercus rotundifolia als Hauptbaumart, meist, aber nicht ausschließlich auf basenreichen Böden. Die Physiognomie wechselt mit der Höhenlage: artenreiche mesomediterrane Bestände besiedeln das Tiefland und dringen entlang von Schluchten stellenweise in die thermomediterrane Stufe vor, supramediterrane Bestände höherer Lagen mischen sich mit sommergrünen Eichen, Ahorn und Ostrya carpinifolia, und die Bestände mit Quercus rotundifolia im iberischen Binnenland sind allgemein niedriger, trockener und offener als eigentlicher Steineichenwald. Kennzeichnend ist eine Strauchschicht aus Arbutus unedo, Phillyrea angustifolia oder P. latifolia, Rhamnus alaternus, Pistacia terebinthus, Rubia peregrina, Smilax aspera und Lonicera implexa oder L. etrusca. Einschlag und Beweidung reduzieren diese Wälder leicht zu Hartlaubgebüsch oder zu offener, dehesaartiger Waldweide. Abgegrenzt wird der Typ gegen Korkeichenwald, der auf saure Böden beschränkt ist und mehr Feuchtigkeit verlangt.",situs@0.8.0,situs
habitat_type,annex1:9350,de,description,"Halbsommergrüne, oft recht lückige Wälder mit Quercus macrolepis (Griechische Eiche, in EUNIS als Quercus ithaburensis subsp. macrolepis geführt) als Hauptbaumart, der mesomediterranen Stufe, meist auf flachgründigem Boden unterhalb etwa 700 Meter. Vorkommen sind das griechische Festland mit seinen Inselgruppen sowie das angrenzende Albanien, am besten ausgeprägt auf den Ionischen Inseln und auf Lesbos; stärker veränderte, hainartige Bestände finden sich um den Golf von Arta, in Westätolien, in der nordwestlichen Peloponnes, in Thessalien, Attika und Thrakien; ein isolierter Reliktvorposten hat sich bei Salento in Apulien, Süditalien, erhalten. Kennzeichnend ist ein reines oder mit anderen Eichen wie Quercus pubescens und Quercus ilex gemischtes Kronendach, Verband Quercion macrolepidis, mit Begleitarten wie Rubia peregrina, Sorbus domestica, Phillyrea latifolia, Ruscus aculeatus, Pistacia terebinthus und Arbutus unedo. Viele Bestände sind seit Langem gepflegte Haine statt geschlossenem Hochwald.",situs@0.8.0,situs
habitat_type,annex1:9360,de,description,"Immergrüner, lorbeerblättriger Nebelwald der feuchten bis hyperfeuchten Nebelzone der makaronesischen Inseln, einer der arten- und endemitenreichsten Waldtypen Europas. Die bestandsbildenden Bäume wechseln je Archipel und umfassen Laurus azorica, Ocotea foetens, Persea indica, Apollonias barbujana und Ilex canariensis, meist über einer farnreichen Krautschicht; Gattungen wie Picconia, Semele und Ixanthus kommen ausschließlich in diesen Wäldern vor. Standort sind perhumide, nebelverhangene, meist nordexponierte Hänge der montanen Nebelzone, wobei jeder Archipel eigene Endemiten trägt. Am besten erhalten ist der Typ auf Madeira, wo er noch eine beträchtliche Fläche einnimmt; auf den Azoren sind die tiefer gelegenen Küstenbestände weitgehend degradiert und vom eingeführten Pittosporum undulatum durchdrungen, sodass die am wenigsten gestörten Beispiele die hyperfeuchten Hochlagenwälder sind, während sich der kanarische Lorbeerwald wiederum von Insel zu Insel floristisch unterscheidet. An höheren, trockeneren Rändern geht der Lorbeerwald in eine niedrigere, heideartige Waldform aus Baumheide Erica arborea und Ilex canariensis mit Kanarischem Erdbeerbaum Arbutus canariensis über, eine eigenständige, offenere Formation.",situs@0.8.0,situs
habitat_type,annex1:9370,de,description,"Lückige bis stellenweise dichte Palmenhaine, gebildet von zwei europäischen endemischen Palmenarten, Phoenix theophrasti auf Kreta und im angrenzenden Südwestanatolien sowie Phoenix canariensis auf den Kanarischen Inseln, beide häufig an Fließgewässer gebunden oder auf temporäres Wasser angewiesen. Die kretischen Haine besiedeln feuchte, sandige Küstentäler; der größte ist der Palmenwald von Vai mit dichter Strauchschicht reich an Nerium oleander, dazu einige kleinere Küstenhaine, vor allem an der Südküste bei Rethimno. Die kanarischen Haine wachsen am Grund von Barrancos und auf alluvialen Böden unterhalb etwa 600 Metern, abhängig von kurzzeitigen, durch winterliche Sturzfluten gebildeten Wasserständen, und bilden damit azonale Vegetation innerhalb der trocken bis ariden infra- und thermomediterranen Stufe; bekannte Beispiele liegen bei Maspalomas und im Barranco de Tirajana auf Gran Canaria, im Valle Gran Rey auf La Gomera, bei Masca auf Teneriffa und bei Brena Alta auf La Palma. Kennzeichnend ist ein lückiges, offenes Kronendach aus Phoenix, dessen Begleitarten sich zwischen den beiden Inselgruppen deutlich unterscheiden und ihren unabhängigen, stark lokalisierten endemischen Status widerspiegeln.",situs@0.8.0,situs
habitat_type,annex1:9380,de,description,"Bestände mit baumförmigem, hochwüchsigem Ilex aquifolium (Stechpalme) der supramediterranen Stufe auf unterschiedlichem Untergrund. Der Typ wird als Alterungsstadium gedeutet: Reliktflecken bleiben dort bestehen, wo das Kronendach eines immergrünen Eichenwaldes mit Taxus- und Ilex-Unterwuchs, unter anderem dem Ilici-Quercetum ilicis zugeordnet, abgestorben oder entfernt wurde, sodass die Stechpalme die dominierende Gehölzschicht übernimmt. Physiognomisch bildet der Typ Flecken statt ausgedehnter Bestände, sowohl innerhalb als auch außerhalb geschlossenen Waldes. Kennzeichnend ist die Dominanz von Ilex aquifolium in der Baum- oder Strauchschicht; weiter gefasste europäische Stechpalmenbestände außerhalb dieses Sukzessionskontexts führen auch Arten wie Lonicera periclymenum und Quercus petraea. Abgegrenzt wird der Typ von gewöhnlichem immergrünem Eichenwald mit Stechpalmen-Unterwuchs durch den Verlust des Eichenkronendachs, dessen Rolle die Stechpalme übernommen hat.",situs@0.8.0,situs
habitat_type,annex1:9390,de,description,"Niederwald und daraus hervorgegangenes Gebüsch mit der endemischen Goldeiche Quercus alnifolia als bestandsbildender Art, beschränkt auf basisches, eruptives Gestein des Troodos-Gebirges auf Zypern. Die Physiognomie reicht von baumförmigen, hochwüchsigen Beständen bis zu durch Einschlag und Beweidung daraus degradiertem Gebüsch. Kennzeichnend sind Begleitarten wie Acer sempervirens, Teucrium kotschyanum, Salvia cypria, Crepis fraasii und Sedum cyprium, mehrere davon zyprische Endemiten. Standort ist basisches eruptives Substrat, ein geologisch eng begrenzter und geografisch einzigartiger, sonst nirgends vorkommender Rahmen. Abgegrenzt wird der Typ von den weiter gefassten mediterranen immergrünen Quercus-Wäldern durch diesen strikten Endemismus und die Beschränkung auf ein einziges Gebirge.",situs@0.8.0,situs
habitat_type,annex1:93A0,de,description,"Sommergrüner Eichenwald mit Quercus infectoria, die natürliche Vegetation auf Kalk und mergeligem Kalk der Hänge des Troodos-Gebirges auf Zypern zwischen etwa 600 und 1100 Metern. Begleitende Gehölze sind Quercus brachyphylla, Arbutus andrachne, Acer syriacum, Fontanesia philliraeoides und Styrax officinalis, in der Krautschicht Anagyris foetida, Cyclamen persicum und Eryngium falcatum; die Gesellschaft trägt den Namen Anagyro foetidae-Quercetum infectoriae. Der Typ ist endemisch auf Zypern und an basenreiche Substrate innerhalb dieser Höhenstufe gebunden. Nach Rodung oder Beweidung degradieren die Bestände zunächst zu immergrünem Quercetalia-ilicis-Gebüsch mit Quercus coccifera subsp. pseudococcifera, weiter zu Phrygana mit Cistus creticus; diese degradierten Stadien gelten als Teil derselben Serie, nicht als eigener Typ. Von den immergrünen Eichenformationen der Insel trennt ihn der sommergrüne Charakter von Quercus infectoria selbst.",situs@0.8.0,situs
habitat_type,annex1:9410,de,description,"Subalpiner bis montaner Nadelwald mit Picea abies auf sauren, oft nährstoffarmen Böden in den gemäßigten Gebirgssystemen Europas: den äußeren, mittleren und inneren Alpen, den herzynischen Gebirgen, den Karpaten sowie als isolierte Vorposten am Südrand des Verbreitungsgebiets im Apennin, in den südlichen Dinariden und im Balkangebirge. Zur Waldgrenze hin sind die Bäume häufig kümmerwüchsig oder schmal säulenförmig. Kennzeichnend ist eine Unterschicht aus Vaccinium myrtillus und V. vitis-idaea zusammen mit Oxalis acetosella, Prenanthes purpurea, Lonicera nigra, Melampyrum sylvaticum, Luzula sylvatica und Polygonatum verticillatum. In den inneren Alpentälern besiedelt der Typ Standorte, die für Buche und Tanne klimatisch ungünstig sind, während peri-alpine Bestände randliche Höhen- oder Boden-Enklaven innerhalb anderer montaner Waldtypen einnehmen. Wo Weißtanne (Abies alba) oder Buche auf reicheren, weniger sauren Böden mitherrschen, geht der Bestand in Tannen- oder Tannen-Buchenwald über, was im Gelände die übliche Abgrenzung darstellt.",situs@0.8.0,situs
habitat_type,annex1:9420,de,description,"Subalpiner, gelegentlich montaner Nadelwald der zentralen Alpen und Karpaten mit Larix decidua oder Pinus cembra, rein oder gemischt, teils mit Beimischung von Picea abies. Auf silikatischen Substraten der östlichen und zentralen Alpen ist die Unterschicht oft artenarm mit Vaccinium myrtillus, Rhododendron ferrugineum, Calamagrostis villosa und Luzula albida; auf kalkreichem Untergrund ist die Krautschicht reicher, mit Erica herbacea, Polygala chamaebuxus, Rhododendron hirsutum und stellenweise Pinus mugo. Der laubabwerfende Wuchs der Lärche und die lichte Kronenschicht beider Arten lassen selbst bei hoher Bestandsdichte eine üppige Kraut- und Zwergstrauchschicht aufkommen. Larix decidua wirft im Herbst die Nadeln ab und verfärbt sich zuvor auffällig gelb, ein verlässliches Geländemerkmal gegenüber den immergrünen Fichten- und Kiefernwäldern gleicher Höhenlage; Pinus cembra unterscheidet sich von der Pinus uncinata benachbarter Waldtypen durch fünfnadelige Büschel und große, ungeflügelte Samen.",situs@0.8.0,situs
habitat_type,annex1:9430,de,description,"Lichter subalpiner bis montaner Bergkiefernwald mit Pinus uncinata und gut entwickelter Strauchschicht auf Kalk, Gips oder Silikatgestein der Alpen, des Juras und der Pyrenäen. Auf silikatischen oder entkalkten Böden der westlichen äußeren Alpen, des Juras und der pyrenäischen Schattlagen beherrscht Rhododendron ferrugineum zusammen mit Vaccinium myrtillus, V. uliginosum und Calluna vulgaris die Unterschicht; an trockeneren, sonnseitigen oder inneralpinen Standorten fehlt Rhododendron ferrugineum oder ist selten; stattdessen tragen Juniperus nana, J. hemisphaerica, Erica herbacea, Rhododendron hirsutum, Polygala chamaebuxus und Dryas octopetala die Strauchschicht. Arctostaphylos alpina, A. uva-ursi und Coronilla vaginalis kommen in beiden Ausbildungen vor. Der prioritäre Status gilt speziell für Bestände auf Gips oder Kalk. Von den kalk- und silikatliebenden Lärchen-Arven-Wäldern derselben Höhenstufe trennt ihn die Dominanz von Pinus uncinata selbst, kenntlich an den stark asymmetrischen, hakenförmigen Zapfenschuppen.",situs@0.8.0,situs
habitat_type,annex1:9510,de,description,"Reliktbestand des Weißtannenwaldes (Abies alba) im Süd-Apennin, in verstreuten, kleinen Vorkommen zusammen mit Buchenwäldern des Geranio versicolori-Fagion. Die Tanne überdauert hier am südlichen, disjunkten Rand ihres europäischen Verbreitungsgebiets in Reliktpopulationen und nicht als geschlossener Waldgürtel. Die Ansprache im Gelände stützt sich auf die Dominanz oder starke Beteiligung von Abies alba innerhalb einer sonst von Fagus sylvatica geprägten Bestockung; sie unterscheidet sich von den Tannenwäldern weiter südlich und östlich gelegener Mittelmeergebirge, die aus eigenständigen Tannenarten wie Abies pinsapo, A. cephalonica oder A. borisii-regis aufgebaut sind, sowie von den nordischen bodensauren Fichten-Tannen-Wäldern, denen die mediterranen Buchenbegleiter fehlen.",situs@0.8.0,situs
habitat_type,annex1:9520,de,description,"Wald der endemischen Pinsapo-Tanne, Abies pinsapo, beschränkt auf wenige Gebirgsmassive Südspaniens in der supra- bis mesomediterranen Höhenstufe. Die Bestände stehen auf kalkreichem Untergrund und stellenweise auf ultrabasischen Serpentinvorkommen und bilden kleine, isolierte Populationen statt eines zusammenhängenden Waldtyps. Abies pinsapo ist an den kurzen, steifen, radiär angeordneten Nadeln kenntlich, die sich von den flachen Nadeln der Abies alba und der übrigen mediterranen Gebirgstannen wie A. cephalonica und A. borisii-regis unterscheiden, mit denen sie die weiter gefasste EUNIS-Gruppe der mediterranen Gebirgstannenwälder teilt; jede dieser Tannenarten besetzt ein eigenes, nicht überlappendes Gebirge, sodass die Ansprache im Gelände weitgehend eine Frage des Fundorts ist.",situs@0.8.0,situs
habitat_type,annex1:9530,de,description,"Montan-mediterraner Kiefernwald auf dolomitischem Substrat, oft dicht und geschlossen, aufgebaut aus Kiefern der Pinus-nigra-Gruppe: Pinus nigra im engeren Sinn in den Alpen, im Apennin und im westlichen Balkan, Pinus dalmatica an der dalmatinischen Küste, Pinus salzmannii in Spanien und den Causses sowie die korsische und kalabrische Ausbildung von Pinus laricio auf granitischen Böden Korsikas, der Sila, des Aspromonte und des Ätna, während Pinus pallasiana sie in Griechenland und auf dem Balkan ersetzt. Die Bestände sind stellenweise mit Pinus sylvestris, seltener mit Larix decidua oder Pinus cembra gemischt. Die korsischen Laricio-Bestände beherbergen die gesamte europäische Population des Korsenkleibers, Sitta whiteheadi. Da die beteiligten Kiefern jeweils eigene, nicht überlappende Gebirge besetzen, stützt sich die Ansprache im Gelände vor allem auf Fundort sowie Nadel- und Zapfenmerkmale der jeweiligen Schwarzkiefern-Sippe. Von den weiter gefassten Schwarz- und Waldkiefernwäldern nicht dolomitischer Standorte trennt ihn die Bindung an magnesiumreichen Untergrund.",situs@0.8.0,situs
habitat_type,annex1:9540,de,description,"Mediterraner und thermoatlantischer Kiefernwald aus wärmeliebenden, meist lichtbedürftigen Kiefern, die überwiegend Ersatz- oder Vorwaldstadien immergrüner Eichenwälder (Quercetalia ilicis) oder der Ceratonio-Rhamnetalia-Gebüsche besetzen, statt dauerhaften Klimaxwald zu bilden. Die Arten vertreten einander regional: Pinus pinaster subsp. atlantica in Südwestfrankreich und Westiberien, P. pinaster subsp. pinaster auf silikatischem Untergrund des westlichen Mittelmeerraums von Spanien bis Korsika und Sardinien, P. pinea (Pinie) an den meisten südeuropäischen Küsten, P. halepensis (Aleppo-Kiefer) auf kalkreichen, trockenen Böden von Iberien bis Griechenland und P. brutia (Kalabrische Kiefer im weiteren Sinn) auf Kreta und in der östlichen Ägäis. Alteingesessene Pflanzungen dieser Kiefern innerhalb ihres natürlichen Areals zählen zum Typ, jüngere, künstliche Bestände nicht. Alle Ausbildungen sind ausgeprägt feuergeprägt und regenerieren nach Bränden rasch, anders als die immergrünen Eichenwälder, die sie andernorts vertreten.",situs@0.8.0,situs
habitat_type,annex1:9550,de,description,"Wald der endemischen Kanarenkiefer, Pinus canariensis, an den trockenen montanen Hängen von Teneriffa, La Palma, Gran Canaria und Hierro, etwa zwischen 800 und 2000 Metern. Die Unterschicht wechselt mit der Exposition: An besonnten Hängen herrscht Cistus symphytifolius mit Chamaecytisus proliferus, Adenocarpus foliolosus und Lotus campylocladus; an trockenen Standorten zeigt sich eine strauchreichere Ausbildung mit Cistus monspeliensis und Salvia canariensis; an feuchten, nebelbeeinflussten Nordhängen dominieren Erica arborea und Myrica faya unter dichtem Bewuchs epiphytischer Flechten und Moose; nahe der oberen Höhengrenze übernimmt Adenocarpus viscosus; an steilen Felshängen gesellt sich Juniperus cedrus zur Kiefer. Der Typ ist der einzige Lebensraum des Teydefinks, Fringilla teydea; seine Nebelwaldbestände beherbergen das Teneriffa-Goldhähnchen, Regulus teneriffae. Pinus canariensis regeneriert nach Feuer kräftig, eine Anpassung, die keine europäische Festlandkiefer teilt; dies trennt den Typ zusammen mit der endemischen Unterschicht von allen übrigen mediterranen Kiefernwäldern.",situs@0.8.0,situs
habitat_type,annex1:9560,de,description,"Wald mittlerer Höhenlagen mit vorherrschenden Baumwacholdern, abzugrenzen von den niedrigen, strauchförmigen Wacholder-Matorralformationen trockenerer mediterraner Gebüsche. Mehrere regional getrennte, taxonomisch eigenständige Ausbildungen bilden den Typ: spanische Wacholderwälder mit Juniperus thurifera auf kalkigem, gipshaltigem oder silikatischem Untergrund des Iberischen Randgebirges, der Sierra de Guadarrama, der Cordillera Cantabrica, des Ebrobeckens sowie einzelner Täler Korsikas und der Südwestalpen, oft mit Pinus sylvestris oder P. salzmannii; griechische Wacholderwälder mit J. excelsa in Nordgriechenland; Bestände mit J. foetidissima und, sehr lokal, J. drupacea am Mount Parnon; sowie in Makaronesien hochgelegene J.-cedrus-Bestände an Felshängen Teneriffas, La Palmas, Gomeras und Gran Canarias sowie der endemische J.-brevifolia-Wald auf den Azoren. Da sich diese Arten geografisch nicht überschneiden, stützt sich die Ansprache vor allem auf Fundort sowie Größe und Farbe der Zapfen. Niedrige, strauchige Wacholderformationen gehören nicht zum Typ, sondern gelten als Matorral.",situs@0.8.0,situs
habitat_type,annex1:9570,de,description,"Xerothermophiler Wald und hoher Gebüschtyp mit Tetraclinis articulata (Sandarakbaum), in Europa beschränkt auf ein kleines Gebiet bei Cartagena in Südostspanien, am Nordrand eines sonst in Nordwestafrika liegenden Verbreitungsgebiets. Begleitarten sind Chamaerops humilis, Periploca laevigata, Rhamnus lycioides, Lavandula dentata, Lithodora fruticosa und Teucrium carthaginense, in der Krautschicht Brachypodium retusum und Asparagus albus; die Vegetation gehört zum Periplocion angustifoliae. Auch von Tetraclinis articulata selbst gebildetes Gebüsch, nicht nur geschlossener Wald, zählt zum Typ. Tetraclinis ist an den abgeflachten, gegliederten, schuppenblättrigen Zweigen kenntlich, die auf den ersten Blick an echte Zypressen erinnern, strukturell aber verschieden sind, sowie an kleinen, holzigen, sternförmigen Zapfen; innerhalb seines sehr begrenzten europäischen Areals besetzt kein anderer Nadelwald denselben warmen, trockenen Standort niedriger Lagen.",situs@0.8.0,situs
habitat_type,annex1:9580,de,description,"Lokaler, oft kleinflächiger Wald mit vorherrschender Eibe, Taxus baccata, stellenweise mit Stechpalme (Ilex aquifolium) und Buchsbaum (Buxus sempervirens), auf basenreichen Böden an verstreuten mediterranen Fundorten: Gebirgen Korsikas (Tenda, San Pedrone, Cap Corse), Sardiniens (Catena del Marghine, Monte Limbara) sowie Reliktbeständen in Nord- und Mittelportugal (Serra do Gerês, Serra da Estrela). Zwei Entstehungswege werden unterschieden: eine Alterungsphase des Buchen- oder Buchen-Tannen-Waldes, in der die Eibe nach dem Zusammenbruch der hochwüchsigen Bäume innerhalb eines sonst geschichteten Buchen-Eiben-Bestands Horste bildet, und rein reliktäre Eibenbestände, aus denen die zugehörigen hochwüchsigen Bäume bereits verschwunden sind. Mercurialis perennis und Sorbus aria sind häufige Begleiter in Kraut- und Strauchschicht. Da die Eibe starken Schatten erträgt und sich im Freistand schlecht verjüngt, ist ihr Auftreten als herrschender Baum und nicht nur als eingestreutes Einzelexemplar im Buchenwald das entscheidende Geländemerkmal des Typs.",situs@0.8.0,situs
habitat_type,annex1:9590,de,description,"Immergrüner Zedernwald, endemisch auf den westlichen Gipfellagen des Troodos-Gebirges auf Zypern, beherrscht von der Zypern-Zeder, Cedrus brevifolia, einer Art, die nirgendwo sonst vorkommt. Quercus alnifolia ist in lichteren Beständen häufig beigemischt; in der Krautschicht treten Arrhenatherum album und Galium peplidifolium auf; Cephalorrhynchus cypricus und Lindbergella sintensii sind endemische Begleiter, die auf denselben Gebirgsstock beschränkt sind. Der Typ gehört zur weiter gefassten Gruppe mediterraner Gebirgszedernwälder, zu der auch Cedrus libani im Libanon, in Syrien, der Türkei und andernorts auf Zypern zählt; Cedrus brevifolia wird von den meisten Autoren jedoch als eigenständige Art geführt, kleinwüchsiger und kurznadeliger als C. libani, und ihr gesamtes Weltareal liegt innerhalb dieses einen Gebirgsstocks, was für die Ansprache im Gelände bereits ausreicht.",situs@0.8.0,situs
habitat_type,annex1:95A0,de,description,"Hochgelegener Nadelwald des südlichen Balkans, Nordgriechenlands und Süditaliens, gebildet aus zwei balkanendemischen Kiefernarten mit unterschiedlicher Ökologie: Pinus heldreichii (Rumelische Kiefer), die lichte, oft an der Waldgrenze stehende Bestände auf trockenen, steinigen bis felsigen, meist basenreichen Böden mit einer auf lückige Rasen reduzierten Unterschicht bildet, und Pinus peuce (Mazedonische Kiefer), die die subalpine Stufe der Balkan-Hochgebirge südlich bis Voras, Varnous und Rhodopen auf meist silikatischem Untergrund mit reicherer Unterschicht aus Vaccinium myrtillus, Calamagrostis arundinacea, Luzula sylvatica und Geranium macrorrhizum besiedelt. Picea abies, Pinus sylvestris und, nahe der Waldgrenze, Pinus mugo treten in beiden Ausbildungen als Begleiter auf. Da sich die Kiefern in Standort und Unterschicht stark unterscheiden, ist der Typ am ehesten als zwei eigenständige Wälder zu verstehen, die nur die oromediterrane Lage teilen; die Nadelzahl je Kurztrieb, zwei bei P. heldreichii, fünf bei P. peuce, trennt die Bäume selbst auf den ersten Blick.",situs@0.8.0,situs
